create table t1(a int, b varchar(3048), primary key (a), c int) with column group (all columns, each column);
create table t2(pk int, c1 int, c2 int unsigned, c3 varchar(100)) block_size=2048 with column group (all columns, each column);
create table t3(c1 int) with column group (each column);
select count(*) from t1;
count(*)
150
select count(*),count(a),min(a),max(a),sum(a),count(b),min(b),max(b),count(c),min(c),max(c),sum(c) from t1;
count(*)	count(a)	min(a)	max(a)	sum(a)	count(b)	min(b)	max(b)	count(c)	min(c)	max(c)	sum(c)
150	150	1	299	22500	150	1010101010101010101010101010101010101010101010101010101010101010101010101010101010101010101010101010101010101010101010101010101010101010101010101010101010101010101010101010101010101010101010101010101010101010101010101010101010101010101010101010101010101010101010101010101010101010101010101010101010101010101010101010101010101010101010101010101010101010101010101010101010101010101010101010101010101010101010101010101010101010101010101010101010101010101010101010101010101010101010101010101010101010101010101010101010101010101010101010101010101010101010101010101010101010101010101010101010101010101010101010101010101010101010101010101010101010101010101010101010101010101010101010101010101010101010101010101010101010101010101010101010101010101010101010101010101010101010101010101010101010101010101010101010101010101010101010101010101010101010101010101010101010101010101010101010101010101010101010101010101010101010101010101010101010101010101010101010101010101010101010101010101010101010101010101010101010101010101010101010101010	990990990990990990990990990990990990990990990990990990990990990990990990990990990990990990990990990990990990990990990990990990990990990990990990990990990990990990990990990990990990990990990990990990990990990990990990990990990990990990990990990990990990990990990990990990990990990990990990990990990990990990990990990990990990990990990990990990990990990990990990990990990990990990990990990990990990990990990990990990990990990990990990990990990990990990990990990990990990990990990990990990990990990990990990990990990990990990990990990990990990990990990990990990990990990990990990990990990990990990990990990990990990990990990990990990990990990990990990990990990990990990990990990990990990990990990990990990990990990990990990990990990990990990990990990990990990990990990990990990990990990990990990990990990990990990990990990990990990990990990990990990990990990990990990990990990990990990990990990990990990990990990990990990990990990990990990990990990990990990990990990990990990990990990990990990990990990990990990990990990990990990990990990990990990990990990990990990990990990990990990990990990990990990990990990990990990990990990990990990990990990990990990990990990990990990990990990990990990990990990990990990990990990990990990990990990990990990990990990990990990990990990990990990990990990990990990990990990990990990990990990990990990990990990990990990990990990990990990990990990990990990990990990990990990990990990990990990990990990990990990990990990990990990990990990990990990990990990990990990990990990990990990990990990990990990990990	150	10	2990	225000
select count(*),count(pk),min(pk),max(pk),sum(pk),min(c1),max(c1),sum(c1),min(c2),max(c2),sum(c2),min(c3),max(c3) from t2;
count(*)	count(pk)	min(pk)	max(pk)	sum(pk)	min(c1)	max(c1)	sum(c1)	min(c2)	max(c2)	sum(c2)	min(c3)	max(c3)
1500	1500	11	3000	2258250	11	3000	2258250	12	3001	2259750	abcdefg1	abcdefg99
alter system major freeze;
alter table t1 add column c1 int default 0, add column c2 varchar(100);
alter table t3 add column c2 char(60) default "中文";
alter system set _pushdown_storage_level = 0;
alter system set _rowsets_enabled = false;
alter system flush plan cache;
select count(*) from t1;
count(*)
250
select count(c1) from t1;
count(c1)
250
select count(c2) from t1;
count(c2)
100
select count(c1) from t1 where c1 > 300;
count(c1)
99
select count(c1) from t1 where c1 < 30;
count(c1)
150
select a, c2, count(c1) from t1 where c1 > 480;
a	c2	count(c1)
482	482482482482482	9
select c1, c2 from t1 where c1 > 480 and a < 495;
c1	c2
482	482482482482482
484	484484484484484
486	486486486486486
488	488488488488488
490	490490490490490
492	492492492492492
494	494494494494494
select b, c2, count(c1) from t1 where c1 > 490 and a < 495;
b	c2	count(c1)
49204920492049204920492049204920492049204920492049204920492049204920492049204920492049204920492049204920492049204920492049204920492049204920492049204920492049204920492049204920492049204920492049204920492049204920492049204920492049204920492049204920492049204920492049204920492049204920492049204920492049204920492049204920492049204920492049204920492049204920492049204920492049204920492049204920492049204920492049204920492049204920492049204920492049204920492049204920492049204920492049204920492049204920492049204920492049204920492049204920492049204920492049204920492049204920492049204920492049204920492049204920492049204920492049204920492049204920492049204920492049204920492049204920492049204920492049204920492049204920492049204920492049204920492049204920492049204920492049204920492049204920492049204920492049204920492049204920492049204920492049204920492049204920492049204920492049204920492049204920492049204920492049204920492049204920492049204920492049204920492049204920492049204920492049204920492049204920492049204920492049204920492049204920492049204920492049204920492049204920492049204920492049204920492049204920492049204920492049204920492049204920492049204920492049204920492049204920492049204920492049204920492049204920492049204920492049204920492049204920492049204920492049204920492049204920492049204920492049204920492049204920492049204920492049204920492049204920492049204920492049204920492049204920492049204920492049204920492049204920492049204920492049204920492049204920492049204920492049204920492049204920492049204920492049204920492049204920492049204920492049204920492049204920492049204920492049204920492049204920492049204920492049204920492049204920492049204920492049204920492049204920492049204920492049204920492049204920492049204920492049204920492049204920492049204920492049204920492049204920492049204920492049204920492049204920492049204920492049204920492049204920492049204920492049204920492049204920492049204920492049204920492049204920492049204920492049204920492049204920492049204920492049204920492049204920492049204920492049204920492049204920	492492492492492	2
select a, c1, count(c1) from t1 where a <20 and c1 != 80 and c1 != 6 and c1 < 30;
a	c1	count(c1)
1	0	10
select count(*),count(a),min(a),max(a),sum(a),count(b),min(b),max(b),count(c),min(c),max(c),sum(c) from t1;
count(*)	count(a)	min(a)	max(a)	sum(a)	count(b)	min(b)	max(b)	count(c)	min(c)	max(c)	sum(c)
250	250	1	498	62400	250	1010101010101010101010101010101010101010101010101010101010101010101010101010101010101010101010101010101010101010101010101010101010101010101010101010101010101010101010101010101010101010101010101010101010101010101010101010101010101010101010101010101010101010101010101010101010101010101010101010101010101010101010101010101010101010101010101010101010101010101010101010101010101010101010101010101010101010101010101010101010101010101010101010101010101010101010101010101010101010101010101010101010101010101010101010101010101010101010101010101010101010101010101010101010101010101010101010101010101010101010101010101010101010101010101010101010101010101010101010101010101010101010101010101010101010101010101010101010101010101010101010101010101010101010101010101010101010101010101010101010101010101010101010101010101010101010101010101010101010101010101010101010101010101010101010101010101010101010101010101010101010101010101010101010101010101010101010101010101010101010101010101010101010101010101010101010101010101010101010101010101010	990990990990990990990990990990990990990990990990990990990990990990990990990990990990990990990990990990990990990990990990990990990990990990990990990990990990990990990990990990990990990990990990990990990990990990990990990990990990990990990990990990990990990990990990990990990990990990990990990990990990990990990990990990990990990990990990990990990990990990990990990990990990990990990990990990990990990990990990990990990990990990990990990990990990990990990990990990990990990990990990990990990990990990990990990990990990990990990990990990990990990990990990990990990990990990990990990990990990990990990990990990990990990990990990990990990990990990990990990990990990990990990990990990990990990990990990990990990990990990990990990990990990990990990990990990990990990990990990990990990990990990990990990990990990990990990990990990990990990990990990990990990990990990990990990990990990990990990990990990990990990990990990990990990990990990990990990990990990990990990990990990990990990990990990990990990990990990990990990990990990990990990990990990990990990990990990990990990990990990990990990990990990990990990990990990990990990990990990990990990990990990990990990990990990990990990990990990990990990990990990990990990990990990990990990990990990990990990990990990990990990990990990990990990990990990990990990990990990990990990990990990990990990990990990990990990990990990990990990990990990990990990990990990990990990990990990990990990990990990990990990990990990990990990990990990990990990990990990990990990990990990990990990990990990990990990990	250	10	4980	624000
select count(*),count(c1),min(c1),max(c1),sum(c1),count(c2),min(c2),max(c2) from t1;
count(*)	count(c1)	min(c1)	max(c1)	sum(c1)	count(c2)	min(c2)	max(c2)
250	250	0	498	39900	100	300300300300300	498498498498498
alter system set _pushdown_storage_level = 0;
alter system set _rowsets_enabled = true;
alter system flush plan cache;
select count(*) from t1;
count(*)
250
select count(c1) from t1;
count(c1)
250
select count(c2) from t1;
count(c2)
100
select count(c1) from t1 where c1 > 300;
count(c1)
99
select count(c1) from t1 where c1 < 30;
count(c1)
150
select a, c2, count(c1) from t1 where c1 > 480;
a	c2	count(c1)
482	482482482482482	9
select c1, c2 from t1 where c1 > 480 and a < 495;
c1	c2
482	482482482482482
484	484484484484484
486	486486486486486
488	488488488488488
490	490490490490490
492	492492492492492
494	494494494494494
select b, c2, count(c1) from t1 where c1 > 490 and a < 495;
b	c2	count(c1)
49204920492049204920492049204920492049204920492049204920492049204920492049204920492049204920492049204920492049204920492049204920492049204920492049204920492049204920492049204920492049204920492049204920492049204920492049204920492049204920492049204920492049204920492049204920492049204920492049204920492049204920492049204920492049204920492049204920492049204920492049204920492049204920492049204920492049204920492049204920492049204920492049204920492049204920492049204920492049204920492049204920492049204920492049204920492049204920492049204920492049204920492049204920492049204920492049204920492049204920492049204920492049204920492049204920492049204920492049204920492049204920492049204920492049204920492049204920492049204920492049204920492049204920492049204920492049204920492049204920492049204920492049204920492049204920492049204920492049204920492049204920492049204920492049204920492049204920492049204920492049204920492049204920492049204920492049204920492049204920492049204920492049204920492049204920492049204920492049204920492049204920492049204920492049204920492049204920492049204920492049204920492049204920492049204920492049204920492049204920492049204920492049204920492049204920492049204920492049204920492049204920492049204920492049204920492049204920492049204920492049204920492049204920492049204920492049204920492049204920492049204920492049204920492049204920492049204920492049204920492049204920492049204920492049204920492049204920492049204920492049204920492049204920492049204920492049204920492049204920492049204920492049204920492049204920492049204920492049204920492049204920492049204920492049204920492049204920492049204920492049204920492049204920492049204920492049204920492049204920492049204920492049204920492049204920492049204920492049204920492049204920492049204920492049204920492049204920492049204920492049204920492049204920492049204920492049204920492049204920492049204920492049204920492049204920492049204920492049204920492049204920492049204920492049204920492049204920492049204920492049204920492049204920492049204920492049204920492049204920492049204920	492492492492492	2
select a, c1, count(c1) from t1 where a <20 and c1 != 80 and c1 != 6 and c1 < 30;
a	c1	count(c1)
1	0	10
select count(*),count(a),min(a),max(a),sum(a),count(b),min(b),max(b),count(c),min(c),max(c),sum(c) from t1;
count(*)	count(a)	min(a)	max(a)	sum(a)	count(b)	min(b)	max(b)	count(c)	min(c)	max(c)	sum(c)
250	250	1	498	62400	250	1010101010101010101010101010101010101010101010101010101010101010101010101010101010101010101010101010101010101010101010101010101010101010101010101010101010101010101010101010101010101010101010101010101010101010101010101010101010101010101010101010101010101010101010101010101010101010101010101010101010101010101010101010101010101010101010101010101010101010101010101010101010101010101010101010101010101010101010101010101010101010101010101010101010101010101010101010101010101010101010101010101010101010101010101010101010101010101010101010101010101010101010101010101010101010101010101010101010101010101010101010101010101010101010101010101010101010101010101010101010101010101010101010101010101010101010101010101010101010101010101010101010101010101010101010101010101010101010101010101010101010101010101010101010101010101010101010101010101010101010101010101010101010101010101010101010101010101010101010101010101010101010101010101010101010101010101010101010101010101010101010101010101010101010101010101010101010101010101010101010101010	990990990990990990990990990990990990990990990990990990990990990990990990990990990990990990990990990990990990990990990990990990990990990990990990990990990990990990990990990990990990990990990990990990990990990990990990990990990990990990990990990990990990990990990990990990990990990990990990990990990990990990990990990990990990990990990990990990990990990990990990990990990990990990990990990990990990990990990990990990990990990990990990990990990990990990990990990990990990990990990990990990990990990990990990990990990990990990990990990990990990990990990990990990990990990990990990990990990990990990990990990990990990990990990990990990990990990990990990990990990990990990990990990990990990990990990990990990990990990990990990990990990990990990990990990990990990990990990990990990990990990990990990990990990990990990990990990990990990990990990990990990990990990990990990990990990990990990990990990990990990990990990990990990990990990990990990990990990990990990990990990990990990990990990990990990990990990990990990990990990990990990990990990990990990990990990990990990990990990990990990990990990990990990990990990990990990990990990990990990990990990990990990990990990990990990990990990990990990990990990990990990990990990990990990990990990990990990990990990990990990990990990990990990990990990990990990990990990990990990990990990990990990990990990990990990990990990990990990990990990990990990990990990990990990990990990990990990990990990990990990990990990990990990990990990990990990990990990990990990990990990990990990990990990990990990990990	250	10	4980	624000
select count(*),count(c1),min(c1),max(c1),sum(c1),count(c2),min(c2),max(c2) from t1;
count(*)	count(c1)	min(c1)	max(c1)	sum(c1)	count(c2)	min(c2)	max(c2)
250	250	0	498	39900	100	300300300300300	498498498498498
alter system set _pushdown_storage_level = 4;
alter system set _rowsets_enabled = false;
alter system flush plan cache;
select count(*) from t1;
count(*)
250
select count(c1) from t1;
count(c1)
250
select count(c2) from t1;
count(c2)
100
select count(c1) from t1 where c1 > 300;
count(c1)
99
select count(c1) from t1 where c1 < 30;
count(c1)
150
select a, c2, count(c1) from t1 where c1 > 480;
a	c2	count(c1)
482	482482482482482	9
select c1, c2 from t1 where c1 > 480 and a < 495;
c1	c2
482	482482482482482
484	484484484484484
486	486486486486486
488	488488488488488
490	490490490490490
492	492492492492492
494	494494494494494
select b, c2, count(c1) from t1 where c1 > 490 and a < 495;
b	c2	count(c1)
49204920492049204920492049204920492049204920492049204920492049204920492049204920492049204920492049204920492049204920492049204920492049204920492049204920492049204920492049204920492049204920492049204920492049204920492049204920492049204920492049204920492049204920492049204920492049204920492049204920492049204920492049204920492049204920492049204920492049204920492049204920492049204920492049204920492049204920492049204920492049204920492049204920492049204920492049204920492049204920492049204920492049204920492049204920492049204920492049204920492049204920492049204920492049204920492049204920492049204920492049204920492049204920492049204920492049204920492049204920492049204920492049204920492049204920492049204920492049204920492049204920492049204920492049204920492049204920492049204920492049204920492049204920492049204920492049204920492049204920492049204920492049204920492049204920492049204920492049204920492049204920492049204920492049204920492049204920492049204920492049204920492049204920492049204920492049204920492049204920492049204920492049204920492049204920492049204920492049204920492049204920492049204920492049204920492049204920492049204920492049204920492049204920492049204920492049204920492049204920492049204920492049204920492049204920492049204920492049204920492049204920492049204920492049204920492049204920492049204920492049204920492049204920492049204920492049204920492049204920492049204920492049204920492049204920492049204920492049204920492049204920492049204920492049204920492049204920492049204920492049204920492049204920492049204920492049204920492049204920492049204920492049204920492049204920492049204920492049204920492049204920492049204920492049204920492049204920492049204920492049204920492049204920492049204920492049204920492049204920492049204920492049204920492049204920492049204920492049204920492049204920492049204920492049204920492049204920492049204920492049204920492049204920492049204920492049204920492049204920492049204920492049204920492049204920492049204920492049204920492049204920492049204920492049204920492049204920492049204920492049204920	492492492492492	2
select a, c1, count(c1) from t1 where a <20 and c1 != 80 and c1 != 6 and c1 < 30;
a	c1	count(c1)
1	0	10
select count(*),count(a),min(a),max(a),sum(a),count(b),min(b),max(b),count(c),min(c),max(c),sum(c) from t1;
count(*)	count(a)	min(a)	max(a)	sum(a)	count(b)	min(b)	max(b)	count(c)	min(c)	max(c)	sum(c)
250	250	1	498	62400	250	1010101010101010101010101010101010101010101010101010101010101010101010101010101010101010101010101010101010101010101010101010101010101010101010101010101010101010101010101010101010101010101010101010101010101010101010101010101010101010101010101010101010101010101010101010101010101010101010101010101010101010101010101010101010101010101010101010101010101010101010101010101010101010101010101010101010101010101010101010101010101010101010101010101010101010101010101010101010101010101010101010101010101010101010101010101010101010101010101010101010101010101010101010101010101010101010101010101010101010101010101010101010101010101010101010101010101010101010101010101010101010101010101010101010101010101010101010101010101010101010101010101010101010101010101010101010101010101010101010101010101010101010101010101010101010101010101010101010101010101010101010101010101010101010101010101010101010101010101010101010101010101010101010101010101010101010101010101010101010101010101010101010101010101010101010101010101010101010101010101010101010	990990990990990990990990990990990990990990990990990990990990990990990990990990990990990990990990990990990990990990990990990990990990990990990990990990990990990990990990990990990990990990990990990990990990990990990990990990990990990990990990990990990990990990990990990990990990990990990990990990990990990990990990990990990990990990990990990990990990990990990990990990990990990990990990990990990990990990990990990990990990990990990990990990990990990990990990990990990990990990990990990990990990990990990990990990990990990990990990990990990990990990990990990990990990990990990990990990990990990990990990990990990990990990990990990990990990990990990990990990990990990990990990990990990990990990990990990990990990990990990990990990990990990990990990990990990990990990990990990990990990990990990990990990990990990990990990990990990990990990990990990990990990990990990990990990990990990990990990990990990990990990990990990990990990990990990990990990990990990990990990990990990990990990990990990990990990990990990990990990990990990990990990990990990990990990990990990990990990990990990990990990990990990990990990990990990990990990990990990990990990990990990990990990990990990990990990990990990990990990990990990990990990990990990990990990990990990990990990990990990990990990990990990990990990990990990990990990990990990990990990990990990990990990990990990990990990990990990990990990990990990990990990990990990990990990990990990990990990990990990990990990990990990990990990990990990990990990990990990990990990990990990990990990990990990990990990	250	10	4980	624000
select count(*),count(c1),min(c1),max(c1),sum(c1),count(c2),min(c2),max(c2) from t1;
count(*)	count(c1)	min(c1)	max(c1)	sum(c1)	count(c2)	min(c2)	max(c2)
250	250	0	498	39900	100	300300300300300	498498498498498
alter system set _pushdown_storage_level = 4;
alter system set _rowsets_enabled = true;
alter system flush plan cache;
select count(*) from t1;
count(*)
250
select count(c1) from t1;
count(c1)
250
select count(c2) from t1;
count(c2)
100
select count(c1) from t1 where c1 > 300;
count(c1)
99
select count(c1) from t1 where c1 < 30;
count(c1)
150
select a, c2, count(c1) from t1 where c1 > 480;
a	c2	count(c1)
482	482482482482482	9
select c1, c2 from t1 where c1 > 480 and a < 495;
c1	c2
482	482482482482482
484	484484484484484
486	486486486486486
488	488488488488488
490	490490490490490
492	492492492492492
494	494494494494494
select b, c2, count(c1) from t1 where c1 > 490 and a < 495;
b	c2	count(c1)
49204920492049204920492049204920492049204920492049204920492049204920492049204920492049204920492049204920492049204920492049204920492049204920492049204920492049204920492049204920492049204920492049204920492049204920492049204920492049204920492049204920492049204920492049204920492049204920492049204920492049204920492049204920492049204920492049204920492049204920492049204920492049204920492049204920492049204920492049204920492049204920492049204920492049204920492049204920492049204920492049204920492049204920492049204920492049204920492049204920492049204920492049204920492049204920492049204920492049204920492049204920492049204920492049204920492049204920492049204920492049204920492049204920492049204920492049204920492049204920492049204920492049204920492049204920492049204920492049204920492049204920492049204920492049204920492049204920492049204920492049204920492049204920492049204920492049204920492049204920492049204920492049204920492049204920492049204920492049204920492049204920492049204920492049204920492049204920492049204920492049204920492049204920492049204920492049204920492049204920492049204920492049204920492049204920492049204920492049204920492049204920492049204920492049204920492049204920492049204920492049204920492049204920492049204920492049204920492049204920492049204920492049204920492049204920492049204920492049204920492049204920492049204920492049204920492049204920492049204920492049204920492049204920492049204920492049204920492049204920492049204920492049204920492049204920492049204920492049204920492049204920492049204920492049204920492049204920492049204920492049204920492049204920492049204920492049204920492049204920492049204920492049204920492049204920492049204920492049204920492049204920492049204920492049204920492049204920492049204920492049204920492049204920492049204920492049204920492049204920492049204920492049204920492049204920492049204920492049204920492049204920492049204920492049204920492049204920492049204920492049204920492049204920492049204920492049204920492049204920492049204920492049204920492049204920492049204920492049204920492049204920	492492492492492	2
select a, c1, count(c1) from t1 where a <20 and c1 != 80 and c1 != 6 and c1 < 30;
a	c1	count(c1)
1	0	10
select count(*),count(a),min(a),max(a),sum(a),count(b),min(b),max(b),count(c),min(c),max(c),sum(c) from t1;
count(*)	count(a)	min(a)	max(a)	sum(a)	count(b)	min(b)	max(b)	count(c)	min(c)	max(c)	sum(c)
250	250	1	498	62400	250	1010101010101010101010101010101010101010101010101010101010101010101010101010101010101010101010101010101010101010101010101010101010101010101010101010101010101010101010101010101010101010101010101010101010101010101010101010101010101010101010101010101010101010101010101010101010101010101010101010101010101010101010101010101010101010101010101010101010101010101010101010101010101010101010101010101010101010101010101010101010101010101010101010101010101010101010101010101010101010101010101010101010101010101010101010101010101010101010101010101010101010101010101010101010101010101010101010101010101010101010101010101010101010101010101010101010101010101010101010101010101010101010101010101010101010101010101010101010101010101010101010101010101010101010101010101010101010101010101010101010101010101010101010101010101010101010101010101010101010101010101010101010101010101010101010101010101010101010101010101010101010101010101010101010101010101010101010101010101010101010101010101010101010101010101010101010101010101010101010101010101010	990990990990990990990990990990990990990990990990990990990990990990990990990990990990990990990990990990990990990990990990990990990990990990990990990990990990990990990990990990990990990990990990990990990990990990990990990990990990990990990990990990990990990990990990990990990990990990990990990990990990990990990990990990990990990990990990990990990990990990990990990990990990990990990990990990990990990990990990990990990990990990990990990990990990990990990990990990990990990990990990990990990990990990990990990990990990990990990990990990990990990990990990990990990990990990990990990990990990990990990990990990990990990990990990990990990990990990990990990990990990990990990990990990990990990990990990990990990990990990990990990990990990990990990990990990990990990990990990990990990990990990990990990990990990990990990990990990990990990990990990990990990990990990990990990990990990990990990990990990990990990990990990990990990990990990990990990990990990990990990990990990990990990990990990990990990990990990990990990990990990990990990990990990990990990990990990990990990990990990990990990990990990990990990990990990990990990990990990990990990990990990990990990990990990990990990990990990990990990990990990990990990990990990990990990990990990990990990990990990990990990990990990990990990990990990990990990990990990990990990990990990990990990990990990990990990990990990990990990990990990990990990990990990990990990990990990990990990990990990990990990990990990990990990990990990990990990990990990990990990990990990990990990990990990990990990990	250	10	4980	624000
select count(*),count(c1),min(c1),max(c1),sum(c1),count(c2),min(c2),max(c2) from t1;
count(*)	count(c1)	min(c1)	max(c1)	sum(c1)	count(c2)	min(c2)	max(c2)
250	250	0	498	39900	100	300300300300300	498498498498498
select count(c2), min(c2), max(c2) from t3 where c1 < 256;
count(c2)	min(c2)	max(c2)
16384	中文                                                          	中文                                                          
alter system set _rowsets_enabled = false;
alter system flush plan cache;
select count(c2), min(c2), max(c2) from t3 where c1 < 256;
count(c2)	min(c2)	max(c2)
16384	中文                                                          	中文                                                          
alter system major freeze;
alter table t2 add column c4 bigint default 10, add column c5 bigint unsigned default 20;
alter table t2 add column c6 bigint default null;
alter system set _pushdown_storage_level = 0;
alter system set _rowsets_enabled = false;
alter system flush plan cache;
select count(*),count(a),min(a),max(a),sum(a),count(b),min(b),max(b),count(c),min(c),max(c),sum(c) from t1;
count(*)	count(a)	min(a)	max(a)	sum(a)	count(b)	min(b)	max(b)	count(c)	min(c)	max(c)	sum(c)
250	250	1	498	62400	250	1010101010101010101010101010101010101010101010101010101010101010101010101010101010101010101010101010101010101010101010101010101010101010101010101010101010101010101010101010101010101010101010101010101010101010101010101010101010101010101010101010101010101010101010101010101010101010101010101010101010101010101010101010101010101010101010101010101010101010101010101010101010101010101010101010101010101010101010101010101010101010101010101010101010101010101010101010101010101010101010101010101010101010101010101010101010101010101010101010101010101010101010101010101010101010101010101010101010101010101010101010101010101010101010101010101010101010101010101010101010101010101010101010101010101010101010101010101010101010101010101010101010101010101010101010101010101010101010101010101010101010101010101010101010101010101010101010101010101010101010101010101010101010101010101010101010101010101010101010101010101010101010101010101010101010101010101010101010101010101010101010101010101010101010101010101010101010101010101010101010101010	990990990990990990990990990990990990990990990990990990990990990990990990990990990990990990990990990990990990990990990990990990990990990990990990990990990990990990990990990990990990990990990990990990990990990990990990990990990990990990990990990990990990990990990990990990990990990990990990990990990990990990990990990990990990990990990990990990990990990990990990990990990990990990990990990990990990990990990990990990990990990990990990990990990990990990990990990990990990990990990990990990990990990990990990990990990990990990990990990990990990990990990990990990990990990990990990990990990990990990990990990990990990990990990990990990990990990990990990990990990990990990990990990990990990990990990990990990990990990990990990990990990990990990990990990990990990990990990990990990990990990990990990990990990990990990990990990990990990990990990990990990990990990990990990990990990990990990990990990990990990990990990990990990990990990990990990990990990990990990990990990990990990990990990990990990990990990990990990990990990990990990990990990990990990990990990990990990990990990990990990990990990990990990990990990990990990990990990990990990990990990990990990990990990990990990990990990990990990990990990990990990990990990990990990990990990990990990990990990990990990990990990990990990990990990990990990990990990990990990990990990990990990990990990990990990990990990990990990990990990990990990990990990990990990990990990990990990990990990990990990990990990990990990990990990990990990990990990990990990990990990990990990990990990990990990990990	250	10	4980	624000
select count(*),count(c1),min(c1),max(c1),sum(c1),count(c2),min(c2),max(c2) from t1;
count(*)	count(c1)	min(c1)	max(c1)	sum(c1)	count(c2)	min(c2)	max(c2)
250	250	0	498	39900	100	300300300300300	498498498498498
select count(*),count(pk),min(pk),max(pk),sum(pk),min(c1),max(c1),sum(c1),min(c2),max(c2),sum(c2),min(c3),max(c3) from t2;
count(*)	count(pk)	min(pk)	max(pk)	sum(pk)	min(c1)	max(c1)	sum(c1)	min(c2)	max(c2)	sum(c2)	min(c3)	max(c3)
1500	1500	11	3000	2258250	11	3000	2258250	12	3001	2259750	abcdefg1	abcdefg99
select count(*),count(c4),count(c5),count(c6) from t2;
count(*)	count(c4)	count(c5)	count(c6)
1500	1500	1500	0
select min(c4),min(c5),min(c6) from t2;
min(c4)	min(c5)	min(c6)
10	20	NULL
select max(c4),max(c5),max(c6) from t2;
max(c4)	max(c5)	max(c6)
10	20	NULL
select sum(c4),sum(c5),sum(c6) from t2;
sum(c4)	sum(c5)	sum(c6)
15000	30000	NULL
select count(*),min(pk),max(c1),sum(c2),min(c3),max(c4),sum(c5),count(c6) from t2;
count(*)	min(pk)	max(c1)	sum(c2)	min(c3)	max(c4)	sum(c5)	count(c6)
1500	11	3000	2259750	abcdefg1	10	30000	0
select count(*) from t1;
count(*)
250
select count(*),count(a),min(a),max(a),sum(a),count(b),min(b),max(b),count(c),min(c),max(c),sum(c) from t1;
count(*)	count(a)	min(a)	max(a)	sum(a)	count(b)	min(b)	max(b)	count(c)	min(c)	max(c)	sum(c)
250	250	1	498	62400	250	1010101010101010101010101010101010101010101010101010101010101010101010101010101010101010101010101010101010101010101010101010101010101010101010101010101010101010101010101010101010101010101010101010101010101010101010101010101010101010101010101010101010101010101010101010101010101010101010101010101010101010101010101010101010101010101010101010101010101010101010101010101010101010101010101010101010101010101010101010101010101010101010101010101010101010101010101010101010101010101010101010101010101010101010101010101010101010101010101010101010101010101010101010101010101010101010101010101010101010101010101010101010101010101010101010101010101010101010101010101010101010101010101010101010101010101010101010101010101010101010101010101010101010101010101010101010101010101010101010101010101010101010101010101010101010101010101010101010101010101010101010101010101010101010101010101010101010101010101010101010101010101010101010101010101010101010101010101010101010101010101010101010101010101010101010101010101010101010101010101010101010	990990990990990990990990990990990990990990990990990990990990990990990990990990990990990990990990990990990990990990990990990990990990990990990990990990990990990990990990990990990990990990990990990990990990990990990990990990990990990990990990990990990990990990990990990990990990990990990990990990990990990990990990990990990990990990990990990990990990990990990990990990990990990990990990990990990990990990990990990990990990990990990990990990990990990990990990990990990990990990990990990990990990990990990990990990990990990990990990990990990990990990990990990990990990990990990990990990990990990990990990990990990990990990990990990990990990990990990990990990990990990990990990990990990990990990990990990990990990990990990990990990990990990990990990990990990990990990990990990990990990990990990990990990990990990990990990990990990990990990990990990990990990990990990990990990990990990990990990990990990990990990990990990990990990990990990990990990990990990990990990990990990990990990990990990990990990990990990990990990990990990990990990990990990990990990990990990990990990990990990990990990990990990990990990990990990990990990990990990990990990990990990990990990990990990990990990990990990990990990990990990990990990990990990990990990990990990990990990990990990990990990990990990990990990990990990990990990990990990990990990990990990990990990990990990990990990990990990990990990990990990990990990990990990990990990990990990990990990990990990990990990990990990990990990990990990990990990990990990990990990990990990990990990990990990990990990	250	10	4980	624000
select count(*),count(c1),min(c1),max(c1),sum(c1),count(c2),min(c2),max(c2) from t1;
count(*)	count(c1)	min(c1)	max(c1)	sum(c1)	count(c2)	min(c2)	max(c2)
250	250	0	498	39900	100	300300300300300	498498498498498
alter system set _pushdown_storage_level = 0;
alter system set _rowsets_enabled = true;
alter system flush plan cache;
select count(*),count(a),min(a),max(a),sum(a),count(b),min(b),max(b),count(c),min(c),max(c),sum(c) from t1;
count(*)	count(a)	min(a)	max(a)	sum(a)	count(b)	min(b)	max(b)	count(c)	min(c)	max(c)	sum(c)
250	250	1	498	62400	250	1010101010101010101010101010101010101010101010101010101010101010101010101010101010101010101010101010101010101010101010101010101010101010101010101010101010101010101010101010101010101010101010101010101010101010101010101010101010101010101010101010101010101010101010101010101010101010101010101010101010101010101010101010101010101010101010101010101010101010101010101010101010101010101010101010101010101010101010101010101010101010101010101010101010101010101010101010101010101010101010101010101010101010101010101010101010101010101010101010101010101010101010101010101010101010101010101010101010101010101010101010101010101010101010101010101010101010101010101010101010101010101010101010101010101010101010101010101010101010101010101010101010101010101010101010101010101010101010101010101010101010101010101010101010101010101010101010101010101010101010101010101010101010101010101010101010101010101010101010101010101010101010101010101010101010101010101010101010101010101010101010101010101010101010101010101010101010101010101010101010101010	990990990990990990990990990990990990990990990990990990990990990990990990990990990990990990990990990990990990990990990990990990990990990990990990990990990990990990990990990990990990990990990990990990990990990990990990990990990990990990990990990990990990990990990990990990990990990990990990990990990990990990990990990990990990990990990990990990990990990990990990990990990990990990990990990990990990990990990990990990990990990990990990990990990990990990990990990990990990990990990990990990990990990990990990990990990990990990990990990990990990990990990990990990990990990990990990990990990990990990990990990990990990990990990990990990990990990990990990990990990990990990990990990990990990990990990990990990990990990990990990990990990990990990990990990990990990990990990990990990990990990990990990990990990990990990990990990990990990990990990990990990990990990990990990990990990990990990990990990990990990990990990990990990990990990990990990990990990990990990990990990990990990990990990990990990990990990990990990990990990990990990990990990990990990990990990990990990990990990990990990990990990990990990990990990990990990990990990990990990990990990990990990990990990990990990990990990990990990990990990990990990990990990990990990990990990990990990990990990990990990990990990990990990990990990990990990990990990990990990990990990990990990990990990990990990990990990990990990990990990990990990990990990990990990990990990990990990990990990990990990990990990990990990990990990990990990990990990990990990990990990990990990990990990990990990990990	250	10	4980	624000
select count(*),count(c1),min(c1),max(c1),sum(c1),count(c2),min(c2),max(c2) from t1;
count(*)	count(c1)	min(c1)	max(c1)	sum(c1)	count(c2)	min(c2)	max(c2)
250	250	0	498	39900	100	300300300300300	498498498498498
select count(*),count(pk),min(pk),max(pk),sum(pk),min(c1),max(c1),sum(c1),min(c2),max(c2),sum(c2),min(c3),max(c3) from t2;
count(*)	count(pk)	min(pk)	max(pk)	sum(pk)	min(c1)	max(c1)	sum(c1)	min(c2)	max(c2)	sum(c2)	min(c3)	max(c3)
1500	1500	11	3000	2258250	11	3000	2258250	12	3001	2259750	abcdefg1	abcdefg99
select count(*),count(c4),count(c5),count(c6) from t2;
count(*)	count(c4)	count(c5)	count(c6)
1500	1500	1500	0
select min(c4),min(c5),min(c6) from t2;
min(c4)	min(c5)	min(c6)
10	20	NULL
select max(c4),max(c5),max(c6) from t2;
max(c4)	max(c5)	max(c6)
10	20	NULL
select sum(c4),sum(c5),sum(c6) from t2;
sum(c4)	sum(c5)	sum(c6)
15000	30000	NULL
select count(*),min(pk),max(c1),sum(c2),min(c3),max(c4),sum(c5),count(c6) from t2;
count(*)	min(pk)	max(c1)	sum(c2)	min(c3)	max(c4)	sum(c5)	count(c6)
1500	11	3000	2259750	abcdefg1	10	30000	0
select count(*) from t1;
count(*)
250
select count(*),count(a),min(a),max(a),sum(a),count(b),min(b),max(b),count(c),min(c),max(c),sum(c) from t1;
count(*)	count(a)	min(a)	max(a)	sum(a)	count(b)	min(b)	max(b)	count(c)	min(c)	max(c)	sum(c)
250	250	1	498	62400	250	1010101010101010101010101010101010101010101010101010101010101010101010101010101010101010101010101010101010101010101010101010101010101010101010101010101010101010101010101010101010101010101010101010101010101010101010101010101010101010101010101010101010101010101010101010101010101010101010101010101010101010101010101010101010101010101010101010101010101010101010101010101010101010101010101010101010101010101010101010101010101010101010101010101010101010101010101010101010101010101010101010101010101010101010101010101010101010101010101010101010101010101010101010101010101010101010101010101010101010101010101010101010101010101010101010101010101010101010101010101010101010101010101010101010101010101010101010101010101010101010101010101010101010101010101010101010101010101010101010101010101010101010101010101010101010101010101010101010101010101010101010101010101010101010101010101010101010101010101010101010101010101010101010101010101010101010101010101010101010101010101010101010101010101010101010101010101010101010101010101010101010	990990990990990990990990990990990990990990990990990990990990990990990990990990990990990990990990990990990990990990990990990990990990990990990990990990990990990990990990990990990990990990990990990990990990990990990990990990990990990990990990990990990990990990990990990990990990990990990990990990990990990990990990990990990990990990990990990990990990990990990990990990990990990990990990990990990990990990990990990990990990990990990990990990990990990990990990990990990990990990990990990990990990990990990990990990990990990990990990990990990990990990990990990990990990990990990990990990990990990990990990990990990990990990990990990990990990990990990990990990990990990990990990990990990990990990990990990990990990990990990990990990990990990990990990990990990990990990990990990990990990990990990990990990990990990990990990990990990990990990990990990990990990990990990990990990990990990990990990990990990990990990990990990990990990990990990990990990990990990990990990990990990990990990990990990990990990990990990990990990990990990990990990990990990990990990990990990990990990990990990990990990990990990990990990990990990990990990990990990990990990990990990990990990990990990990990990990990990990990990990990990990990990990990990990990990990990990990990990990990990990990990990990990990990990990990990990990990990990990990990990990990990990990990990990990990990990990990990990990990990990990990990990990990990990990990990990990990990990990990990990990990990990990990990990990990990990990990990990990990990990990990990990990990990990990990990990	250	10	4980	624000
select count(*),count(c1),min(c1),max(c1),sum(c1),count(c2),min(c2),max(c2) from t1;
count(*)	count(c1)	min(c1)	max(c1)	sum(c1)	count(c2)	min(c2)	max(c2)
250	250	0	498	39900	100	300300300300300	498498498498498
alter system set _pushdown_storage_level = 4;
alter system set _rowsets_enabled = false;
alter system flush plan cache;
select count(*),count(a),min(a),max(a),sum(a),count(b),min(b),max(b),count(c),min(c),max(c),sum(c) from t1;
count(*)	count(a)	min(a)	max(a)	sum(a)	count(b)	min(b)	max(b)	count(c)	min(c)	max(c)	sum(c)
250	250	1	498	62400	250	1010101010101010101010101010101010101010101010101010101010101010101010101010101010101010101010101010101010101010101010101010101010101010101010101010101010101010101010101010101010101010101010101010101010101010101010101010101010101010101010101010101010101010101010101010101010101010101010101010101010101010101010101010101010101010101010101010101010101010101010101010101010101010101010101010101010101010101010101010101010101010101010101010101010101010101010101010101010101010101010101010101010101010101010101010101010101010101010101010101010101010101010101010101010101010101010101010101010101010101010101010101010101010101010101010101010101010101010101010101010101010101010101010101010101010101010101010101010101010101010101010101010101010101010101010101010101010101010101010101010101010101010101010101010101010101010101010101010101010101010101010101010101010101010101010101010101010101010101010101010101010101010101010101010101010101010101010101010101010101010101010101010101010101010101010101010101010101010101010101010101010	990990990990990990990990990990990990990990990990990990990990990990990990990990990990990990990990990990990990990990990990990990990990990990990990990990990990990990990990990990990990990990990990990990990990990990990990990990990990990990990990990990990990990990990990990990990990990990990990990990990990990990990990990990990990990990990990990990990990990990990990990990990990990990990990990990990990990990990990990990990990990990990990990990990990990990990990990990990990990990990990990990990990990990990990990990990990990990990990990990990990990990990990990990990990990990990990990990990990990990990990990990990990990990990990990990990990990990990990990990990990990990990990990990990990990990990990990990990990990990990990990990990990990990990990990990990990990990990990990990990990990990990990990990990990990990990990990990990990990990990990990990990990990990990990990990990990990990990990990990990990990990990990990990990990990990990990990990990990990990990990990990990990990990990990990990990990990990990990990990990990990990990990990990990990990990990990990990990990990990990990990990990990990990990990990990990990990990990990990990990990990990990990990990990990990990990990990990990990990990990990990990990990990990990990990990990990990990990990990990990990990990990990990990990990990990990990990990990990990990990990990990990990990990990990990990990990990990990990990990990990990990990990990990990990990990990990990990990990990990990990990990990990990990990990990990990990990990990990990990990990990990990990990990990990990990990990	250	10	4980	624000
select count(*),count(c1),min(c1),max(c1),sum(c1),count(c2),min(c2),max(c2) from t1;
count(*)	count(c1)	min(c1)	max(c1)	sum(c1)	count(c2)	min(c2)	max(c2)
250	250	0	498	39900	100	300300300300300	498498498498498
select count(*),count(pk),min(pk),max(pk),sum(pk),min(c1),max(c1),sum(c1),min(c2),max(c2),sum(c2),min(c3),max(c3) from t2;
count(*)	count(pk)	min(pk)	max(pk)	sum(pk)	min(c1)	max(c1)	sum(c1)	min(c2)	max(c2)	sum(c2)	min(c3)	max(c3)
1500	1500	11	3000	2258250	11	3000	2258250	12	3001	2259750	abcdefg1	abcdefg99
select count(*),count(c4),count(c5),count(c6) from t2;
count(*)	count(c4)	count(c5)	count(c6)
1500	1500	1500	0
select min(c4),min(c5),min(c6) from t2;
min(c4)	min(c5)	min(c6)
10	20	NULL
select max(c4),max(c5),max(c6) from t2;
max(c4)	max(c5)	max(c6)
10	20	NULL
select sum(c4),sum(c5),sum(c6) from t2;
sum(c4)	sum(c5)	sum(c6)
15000	30000	NULL
select count(*),min(pk),max(c1),sum(c2),min(c3),max(c4),sum(c5),count(c6) from t2;
count(*)	min(pk)	max(c1)	sum(c2)	min(c3)	max(c4)	sum(c5)	count(c6)
1500	11	3000	2259750	abcdefg1	10	30000	0
select count(*) from t1;
count(*)
250
select count(*),count(a),min(a),max(a),sum(a),count(b),min(b),max(b),count(c),min(c),max(c),sum(c) from t1;
count(*)	count(a)	min(a)	max(a)	sum(a)	count(b)	min(b)	max(b)	count(c)	min(c)	max(c)	sum(c)
250	250	1	498	62400	250	1010101010101010101010101010101010101010101010101010101010101010101010101010101010101010101010101010101010101010101010101010101010101010101010101010101010101010101010101010101010101010101010101010101010101010101010101010101010101010101010101010101010101010101010101010101010101010101010101010101010101010101010101010101010101010101010101010101010101010101010101010101010101010101010101010101010101010101010101010101010101010101010101010101010101010101010101010101010101010101010101010101010101010101010101010101010101010101010101010101010101010101010101010101010101010101010101010101010101010101010101010101010101010101010101010101010101010101010101010101010101010101010101010101010101010101010101010101010101010101010101010101010101010101010101010101010101010101010101010101010101010101010101010101010101010101010101010101010101010101010101010101010101010101010101010101010101010101010101010101010101010101010101010101010101010101010101010101010101010101010101010101010101010101010101010101010101010101010101010101010101010	990990990990990990990990990990990990990990990990990990990990990990990990990990990990990990990990990990990990990990990990990990990990990990990990990990990990990990990990990990990990990990990990990990990990990990990990990990990990990990990990990990990990990990990990990990990990990990990990990990990990990990990990990990990990990990990990990990990990990990990990990990990990990990990990990990990990990990990990990990990990990990990990990990990990990990990990990990990990990990990990990990990990990990990990990990990990990990990990990990990990990990990990990990990990990990990990990990990990990990990990990990990990990990990990990990990990990990990990990990990990990990990990990990990990990990990990990990990990990990990990990990990990990990990990990990990990990990990990990990990990990990990990990990990990990990990990990990990990990990990990990990990990990990990990990990990990990990990990990990990990990990990990990990990990990990990990990990990990990990990990990990990990990990990990990990990990990990990990990990990990990990990990990990990990990990990990990990990990990990990990990990990990990990990990990990990990990990990990990990990990990990990990990990990990990990990990990990990990990990990990990990990990990990990990990990990990990990990990990990990990990990990990990990990990990990990990990990990990990990990990990990990990990990990990990990990990990990990990990990990990990990990990990990990990990990990990990990990990990990990990990990990990990990990990990990990990990990990990990990990990990990990990990990990990990990990990	250	10	4980	624000
select count(*),count(c1),min(c1),max(c1),sum(c1),count(c2),min(c2),max(c2) from t1;
count(*)	count(c1)	min(c1)	max(c1)	sum(c1)	count(c2)	min(c2)	max(c2)
250	250	0	498	39900	100	300300300300300	498498498498498
alter system set _pushdown_storage_level = 4;
alter system set _rowsets_enabled = true;
alter system flush plan cache;
select count(*),count(a),min(a),max(a),sum(a),count(b),min(b),max(b),count(c),min(c),max(c),sum(c) from t1;
count(*)	count(a)	min(a)	max(a)	sum(a)	count(b)	min(b)	max(b)	count(c)	min(c)	max(c)	sum(c)
250	250	1	498	62400	250	1010101010101010101010101010101010101010101010101010101010101010101010101010101010101010101010101010101010101010101010101010101010101010101010101010101010101010101010101010101010101010101010101010101010101010101010101010101010101010101010101010101010101010101010101010101010101010101010101010101010101010101010101010101010101010101010101010101010101010101010101010101010101010101010101010101010101010101010101010101010101010101010101010101010101010101010101010101010101010101010101010101010101010101010101010101010101010101010101010101010101010101010101010101010101010101010101010101010101010101010101010101010101010101010101010101010101010101010101010101010101010101010101010101010101010101010101010101010101010101010101010101010101010101010101010101010101010101010101010101010101010101010101010101010101010101010101010101010101010101010101010101010101010101010101010101010101010101010101010101010101010101010101010101010101010101010101010101010101010101010101010101010101010101010101010101010101010101010101010101010101010	990990990990990990990990990990990990990990990990990990990990990990990990990990990990990990990990990990990990990990990990990990990990990990990990990990990990990990990990990990990990990990990990990990990990990990990990990990990990990990990990990990990990990990990990990990990990990990990990990990990990990990990990990990990990990990990990990990990990990990990990990990990990990990990990990990990990990990990990990990990990990990990990990990990990990990990990990990990990990990990990990990990990990990990990990990990990990990990990990990990990990990990990990990990990990990990990990990990990990990990990990990990990990990990990990990990990990990990990990990990990990990990990990990990990990990990990990990990990990990990990990990990990990990990990990990990990990990990990990990990990990990990990990990990990990990990990990990990990990990990990990990990990990990990990990990990990990990990990990990990990990990990990990990990990990990990990990990990990990990990990990990990990990990990990990990990990990990990990990990990990990990990990990990990990990990990990990990990990990990990990990990990990990990990990990990990990990990990990990990990990990990990990990990990990990990990990990990990990990990990990990990990990990990990990990990990990990990990990990990990990990990990990990990990990990990990990990990990990990990990990990990990990990990990990990990990990990990990990990990990990990990990990990990990990990990990990990990990990990990990990990990990990990990990990990990990990990990990990990990990990990990990990990990990990990990990990	250	10	4980	624000
select count(*),count(c1),min(c1),max(c1),sum(c1),count(c2),min(c2),max(c2) from t1;
count(*)	count(c1)	min(c1)	max(c1)	sum(c1)	count(c2)	min(c2)	max(c2)
250	250	0	498	39900	100	300300300300300	498498498498498
select count(*),count(pk),min(pk),max(pk),sum(pk),min(c1),max(c1),sum(c1),min(c2),max(c2),sum(c2),min(c3),max(c3) from t2;
count(*)	count(pk)	min(pk)	max(pk)	sum(pk)	min(c1)	max(c1)	sum(c1)	min(c2)	max(c2)	sum(c2)	min(c3)	max(c3)
1500	1500	11	3000	2258250	11	3000	2258250	12	3001	2259750	abcdefg1	abcdefg99
select count(*),count(c4),count(c5),count(c6) from t2;
count(*)	count(c4)	count(c5)	count(c6)
1500	1500	1500	0
select min(c4),min(c5),min(c6) from t2;
min(c4)	min(c5)	min(c6)
10	20	NULL
select max(c4),max(c5),max(c6) from t2;
max(c4)	max(c5)	max(c6)
10	20	NULL
select sum(c4),sum(c5),sum(c6) from t2;
sum(c4)	sum(c5)	sum(c6)
15000	30000	NULL
select count(*),min(pk),max(c1),sum(c2),min(c3),max(c4),sum(c5),count(c6) from t2;
count(*)	min(pk)	max(c1)	sum(c2)	min(c3)	max(c4)	sum(c5)	count(c6)
1500	11	3000	2259750	abcdefg1	10	30000	0
select count(*) from t1;
count(*)
250
select count(*),count(a),min(a),max(a),sum(a),count(b),min(b),max(b),count(c),min(c),max(c),sum(c) from t1;
count(*)	count(a)	min(a)	max(a)	sum(a)	count(b)	min(b)	max(b)	count(c)	min(c)	max(c)	sum(c)
250	250	1	498	62400	250	1010101010101010101010101010101010101010101010101010101010101010101010101010101010101010101010101010101010101010101010101010101010101010101010101010101010101010101010101010101010101010101010101010101010101010101010101010101010101010101010101010101010101010101010101010101010101010101010101010101010101010101010101010101010101010101010101010101010101010101010101010101010101010101010101010101010101010101010101010101010101010101010101010101010101010101010101010101010101010101010101010101010101010101010101010101010101010101010101010101010101010101010101010101010101010101010101010101010101010101010101010101010101010101010101010101010101010101010101010101010101010101010101010101010101010101010101010101010101010101010101010101010101010101010101010101010101010101010101010101010101010101010101010101010101010101010101010101010101010101010101010101010101010101010101010101010101010101010101010101010101010101010101010101010101010101010101010101010101010101010101010101010101010101010101010101010101010101010101010101010101010	990990990990990990990990990990990990990990990990990990990990990990990990990990990990990990990990990990990990990990990990990990990990990990990990990990990990990990990990990990990990990990990990990990990990990990990990990990990990990990990990990990990990990990990990990990990990990990990990990990990990990990990990990990990990990990990990990990990990990990990990990990990990990990990990990990990990990990990990990990990990990990990990990990990990990990990990990990990990990990990990990990990990990990990990990990990990990990990990990990990990990990990990990990990990990990990990990990990990990990990990990990990990990990990990990990990990990990990990990990990990990990990990990990990990990990990990990990990990990990990990990990990990990990990990990990990990990990990990990990990990990990990990990990990990990990990990990990990990990990990990990990990990990990990990990990990990990990990990990990990990990990990990990990990990990990990990990990990990990990990990990990990990990990990990990990990990990990990990990990990990990990990990990990990990990990990990990990990990990990990990990990990990990990990990990990990990990990990990990990990990990990990990990990990990990990990990990990990990990990990990990990990990990990990990990990990990990990990990990990990990990990990990990990990990990990990990990990990990990990990990990990990990990990990990990990990990990990990990990990990990990990990990990990990990990990990990990990990990990990990990990990990990990990990990990990990990990990990990990990990990990990990990990990990990990990990990	250	10	4980	624000
select count(*),count(c1),min(c1),max(c1),sum(c1),count(c2),min(c2),max(c2) from t1;
count(*)	count(c1)	min(c1)	max(c1)	sum(c1)	count(c2)	min(c2)	max(c2)
250	250	0	498	39900	100	300300300300300	498498498498498
drop table t1,t2,t3;
alter system flush plan cache;
create table t1(a int, b varchar(3048), primary key (a), c int) with column group (each column);
create table t2(pk int, c1 int, c2 int unsigned, c3 varchar(100)) block_size=2048 with column group (each column);
select count(*) from t1;
count(*)
150
select count(*),count(a),min(a),max(a),sum(a),count(b),min(b),max(b),count(c),min(c),max(c),sum(c) from t1;
count(*)	count(a)	min(a)	max(a)	sum(a)	count(b)	min(b)	max(b)	count(c)	min(c)	max(c)	sum(c)
150	150	1	299	22500	150	1010101010101010101010101010101010101010101010101010101010101010101010101010101010101010101010101010101010101010101010101010101010101010101010101010101010101010101010101010101010101010101010101010101010101010101010101010101010101010101010101010101010101010101010101010101010101010101010101010101010101010101010101010101010101010101010101010101010101010101010101010101010101010101010101010101010101010101010101010101010101010101010101010101010101010101010101010101010101010101010101010101010101010101010101010101010101010101010101010101010101010101010101010101010101010101010101010101010101010101010101010101010101010101010101010101010101010101010101010101010101010101010101010101010101010101010101010101010101010101010101010101010101010101010101010101010101010101010101010101010101010101010101010101010101010101010101010101010101010101010101010101010101010101010101010101010101010101010101010101010101010101010101010101010101010101010101010101010101010101010101010101010101010101010101010101010101010101010101010101010101010	990990990990990990990990990990990990990990990990990990990990990990990990990990990990990990990990990990990990990990990990990990990990990990990990990990990990990990990990990990990990990990990990990990990990990990990990990990990990990990990990990990990990990990990990990990990990990990990990990990990990990990990990990990990990990990990990990990990990990990990990990990990990990990990990990990990990990990990990990990990990990990990990990990990990990990990990990990990990990990990990990990990990990990990990990990990990990990990990990990990990990990990990990990990990990990990990990990990990990990990990990990990990990990990990990990990990990990990990990990990990990990990990990990990990990990990990990990990990990990990990990990990990990990990990990990990990990990990990990990990990990990990990990990990990990990990990990990990990990990990990990990990990990990990990990990990990990990990990990990990990990990990990990990990990990990990990990990990990990990990990990990990990990990990990990990990990990990990990990990990990990990990990990990990990990990990990990990990990990990990990990990990990990990990990990990990990990990990990990990990990990990990990990990990990990990990990990990990990990990990990990990990990990990990990990990990990990990990990990990990990990990990990990990990990990990990990990990990990990990990990990990990990990990990990990990990990990990990990990990990990990990990990990990990990990990990990990990990990990990990990990990990990990990990990990990990990990990990990990990990990990990990990990990990990990990990990	150	10	2990	225000
select count(*),count(pk),min(pk),max(pk),sum(pk),min(c1),max(c1),sum(c1),min(c2),max(c2),sum(c2),min(c3),max(c3) from t2;
count(*)	count(pk)	min(pk)	max(pk)	sum(pk)	min(c1)	max(c1)	sum(c1)	min(c2)	max(c2)	sum(c2)	min(c3)	max(c3)
1500	1500	11	3000	2258250	11	3000	2258250	12	3001	2259750	abcdefg1	abcdefg99
alter system major freeze;
alter table t1 add column c1 int default 0, add column c2 varchar(100);
alter system set _pushdown_storage_level = 0;
alter system set _rowsets_enabled = false;
alter system flush plan cache;
select count(*) from t1;
count(*)
250
select count(c1) from t1;
count(c1)
250
select count(c2) from t1;
count(c2)
100
select count(c1) from t1 where c1 > 300;
count(c1)
99
select count(c1) from t1 where c1 < 30;
count(c1)
150
select a, c2, count(c1) from t1 where c1 > 480;
a	c2	count(c1)
482	482482482482482	9
select c1, c2 from t1 where c1 > 480 and a < 495;
c1	c2
482	482482482482482
484	484484484484484
486	486486486486486
488	488488488488488
490	490490490490490
492	492492492492492
494	494494494494494
select b, c2, count(c1) from t1 where c1 > 490 and a < 495;
b	c2	count(c1)
49204920492049204920492049204920492049204920492049204920492049204920492049204920492049204920492049204920492049204920492049204920492049204920492049204920492049204920492049204920492049204920492049204920492049204920492049204920492049204920492049204920492049204920492049204920492049204920492049204920492049204920492049204920492049204920492049204920492049204920492049204920492049204920492049204920492049204920492049204920492049204920492049204920492049204920492049204920492049204920492049204920492049204920492049204920492049204920492049204920492049204920492049204920492049204920492049204920492049204920492049204920492049204920492049204920492049204920492049204920492049204920492049204920492049204920492049204920492049204920492049204920492049204920492049204920492049204920492049204920492049204920492049204920492049204920492049204920492049204920492049204920492049204920492049204920492049204920492049204920492049204920492049204920492049204920492049204920492049204920492049204920492049204920492049204920492049204920492049204920492049204920492049204920492049204920492049204920492049204920492049204920492049204920492049204920492049204920492049204920492049204920492049204920492049204920492049204920492049204920492049204920492049204920492049204920492049204920492049204920492049204920492049204920492049204920492049204920492049204920492049204920492049204920492049204920492049204920492049204920492049204920492049204920492049204920492049204920492049204920492049204920492049204920492049204920492049204920492049204920492049204920492049204920492049204920492049204920492049204920492049204920492049204920492049204920492049204920492049204920492049204920492049204920492049204920492049204920492049204920492049204920492049204920492049204920492049204920492049204920492049204920492049204920492049204920492049204920492049204920492049204920492049204920492049204920492049204920492049204920492049204920492049204920492049204920492049204920492049204920492049204920492049204920492049204920492049204920492049204920492049204920492049204920492049204920492049204920492049204920492049204920	492492492492492	2
select a, c1, count(c1) from t1 where a <20 and c1 != 80 and c1 != 6 and c1 < 30;
a	c1	count(c1)
1	0	10
select count(*),count(a),min(a),max(a),sum(a),count(b),min(b),max(b),count(c),min(c),max(c),sum(c) from t1;
count(*)	count(a)	min(a)	max(a)	sum(a)	count(b)	min(b)	max(b)	count(c)	min(c)	max(c)	sum(c)
250	250	1	498	62400	250	1010101010101010101010101010101010101010101010101010101010101010101010101010101010101010101010101010101010101010101010101010101010101010101010101010101010101010101010101010101010101010101010101010101010101010101010101010101010101010101010101010101010101010101010101010101010101010101010101010101010101010101010101010101010101010101010101010101010101010101010101010101010101010101010101010101010101010101010101010101010101010101010101010101010101010101010101010101010101010101010101010101010101010101010101010101010101010101010101010101010101010101010101010101010101010101010101010101010101010101010101010101010101010101010101010101010101010101010101010101010101010101010101010101010101010101010101010101010101010101010101010101010101010101010101010101010101010101010101010101010101010101010101010101010101010101010101010101010101010101010101010101010101010101010101010101010101010101010101010101010101010101010101010101010101010101010101010101010101010101010101010101010101010101010101010101010101010101010101010101010101010	990990990990990990990990990990990990990990990990990990990990990990990990990990990990990990990990990990990990990990990990990990990990990990990990990990990990990990990990990990990990990990990990990990990990990990990990990990990990990990990990990990990990990990990990990990990990990990990990990990990990990990990990990990990990990990990990990990990990990990990990990990990990990990990990990990990990990990990990990990990990990990990990990990990990990990990990990990990990990990990990990990990990990990990990990990990990990990990990990990990990990990990990990990990990990990990990990990990990990990990990990990990990990990990990990990990990990990990990990990990990990990990990990990990990990990990990990990990990990990990990990990990990990990990990990990990990990990990990990990990990990990990990990990990990990990990990990990990990990990990990990990990990990990990990990990990990990990990990990990990990990990990990990990990990990990990990990990990990990990990990990990990990990990990990990990990990990990990990990990990990990990990990990990990990990990990990990990990990990990990990990990990990990990990990990990990990990990990990990990990990990990990990990990990990990990990990990990990990990990990990990990990990990990990990990990990990990990990990990990990990990990990990990990990990990990990990990990990990990990990990990990990990990990990990990990990990990990990990990990990990990990990990990990990990990990990990990990990990990990990990990990990990990990990990990990990990990990990990990990990990990990990990990990990990990990990990	250	10	4980	624000
select count(*),count(c1),min(c1),max(c1),sum(c1),count(c2),min(c2),max(c2) from t1;
count(*)	count(c1)	min(c1)	max(c1)	sum(c1)	count(c2)	min(c2)	max(c2)
250	250	0	498	39900	100	300300300300300	498498498498498
alter system set _pushdown_storage_level = 0;
alter system set _rowsets_enabled = true;
alter system flush plan cache;
select count(*) from t1;
count(*)
250
select count(c1) from t1;
count(c1)
250
select count(c2) from t1;
count(c2)
100
select count(c1) from t1 where c1 > 300;
count(c1)
99
select count(c1) from t1 where c1 < 30;
count(c1)
150
select a, c2, count(c1) from t1 where c1 > 480;
a	c2	count(c1)
482	482482482482482	9
select c1, c2 from t1 where c1 > 480 and a < 495;
c1	c2
482	482482482482482
484	484484484484484
486	486486486486486
488	488488488488488
490	490490490490490
492	492492492492492
494	494494494494494
select b, c2, count(c1) from t1 where c1 > 490 and a < 495;
b	c2	count(c1)
49204920492049204920492049204920492049204920492049204920492049204920492049204920492049204920492049204920492049204920492049204920492049204920492049204920492049204920492049204920492049204920492049204920492049204920492049204920492049204920492049204920492049204920492049204920492049204920492049204920492049204920492049204920492049204920492049204920492049204920492049204920492049204920492049204920492049204920492049204920492049204920492049204920492049204920492049204920492049204920492049204920492049204920492049204920492049204920492049204920492049204920492049204920492049204920492049204920492049204920492049204920492049204920492049204920492049204920492049204920492049204920492049204920492049204920492049204920492049204920492049204920492049204920492049204920492049204920492049204920492049204920492049204920492049204920492049204920492049204920492049204920492049204920492049204920492049204920492049204920492049204920492049204920492049204920492049204920492049204920492049204920492049204920492049204920492049204920492049204920492049204920492049204920492049204920492049204920492049204920492049204920492049204920492049204920492049204920492049204920492049204920492049204920492049204920492049204920492049204920492049204920492049204920492049204920492049204920492049204920492049204920492049204920492049204920492049204920492049204920492049204920492049204920492049204920492049204920492049204920492049204920492049204920492049204920492049204920492049204920492049204920492049204920492049204920492049204920492049204920492049204920492049204920492049204920492049204920492049204920492049204920492049204920492049204920492049204920492049204920492049204920492049204920492049204920492049204920492049204920492049204920492049204920492049204920492049204920492049204920492049204920492049204920492049204920492049204920492049204920492049204920492049204920492049204920492049204920492049204920492049204920492049204920492049204920492049204920492049204920492049204920492049204920492049204920492049204920492049204920492049204920492049204920492049204920492049204920492049204920492049204920	492492492492492	2
select a, c1, count(c1) from t1 where a <20 and c1 != 80 and c1 != 6 and c1 < 30;
a	c1	count(c1)
1	0	10
select count(*),count(a),min(a),max(a),sum(a),count(b),min(b),max(b),count(c),min(c),max(c),sum(c) from t1;
count(*)	count(a)	min(a)	max(a)	sum(a)	count(b)	min(b)	max(b)	count(c)	min(c)	max(c)	sum(c)
250	250	1	498	62400	250	1010101010101010101010101010101010101010101010101010101010101010101010101010101010101010101010101010101010101010101010101010101010101010101010101010101010101010101010101010101010101010101010101010101010101010101010101010101010101010101010101010101010101010101010101010101010101010101010101010101010101010101010101010101010101010101010101010101010101010101010101010101010101010101010101010101010101010101010101010101010101010101010101010101010101010101010101010101010101010101010101010101010101010101010101010101010101010101010101010101010101010101010101010101010101010101010101010101010101010101010101010101010101010101010101010101010101010101010101010101010101010101010101010101010101010101010101010101010101010101010101010101010101010101010101010101010101010101010101010101010101010101010101010101010101010101010101010101010101010101010101010101010101010101010101010101010101010101010101010101010101010101010101010101010101010101010101010101010101010101010101010101010101010101010101010101010101010101010101010101010101010	990990990990990990990990990990990990990990990990990990990990990990990990990990990990990990990990990990990990990990990990990990990990990990990990990990990990990990990990990990990990990990990990990990990990990990990990990990990990990990990990990990990990990990990990990990990990990990990990990990990990990990990990990990990990990990990990990990990990990990990990990990990990990990990990990990990990990990990990990990990990990990990990990990990990990990990990990990990990990990990990990990990990990990990990990990990990990990990990990990990990990990990990990990990990990990990990990990990990990990990990990990990990990990990990990990990990990990990990990990990990990990990990990990990990990990990990990990990990990990990990990990990990990990990990990990990990990990990990990990990990990990990990990990990990990990990990990990990990990990990990990990990990990990990990990990990990990990990990990990990990990990990990990990990990990990990990990990990990990990990990990990990990990990990990990990990990990990990990990990990990990990990990990990990990990990990990990990990990990990990990990990990990990990990990990990990990990990990990990990990990990990990990990990990990990990990990990990990990990990990990990990990990990990990990990990990990990990990990990990990990990990990990990990990990990990990990990990990990990990990990990990990990990990990990990990990990990990990990990990990990990990990990990990990990990990990990990990990990990990990990990990990990990990990990990990990990990990990990990990990990990990990990990990990990990990990990	250	10	4980	624000
select count(*),count(c1),min(c1),max(c1),sum(c1),count(c2),min(c2),max(c2) from t1;
count(*)	count(c1)	min(c1)	max(c1)	sum(c1)	count(c2)	min(c2)	max(c2)
250	250	0	498	39900	100	300300300300300	498498498498498
alter system set _pushdown_storage_level = 4;
alter system set _rowsets_enabled = false;
alter system flush plan cache;
select count(*) from t1;
count(*)
250
select count(c1) from t1;
count(c1)
250
select count(c2) from t1;
count(c2)
100
select count(c1) from t1 where c1 > 300;
count(c1)
99
select count(c1) from t1 where c1 < 30;
count(c1)
150
select a, c2, count(c1) from t1 where c1 > 480;
a	c2	count(c1)
482	482482482482482	9
select c1, c2 from t1 where c1 > 480 and a < 495;
c1	c2
482	482482482482482
484	484484484484484
486	486486486486486
488	488488488488488
490	490490490490490
492	492492492492492
494	494494494494494
select b, c2, count(c1) from t1 where c1 > 490 and a < 495;
b	c2	count(c1)
49204920492049204920492049204920492049204920492049204920492049204920492049204920492049204920492049204920492049204920492049204920492049204920492049204920492049204920492049204920492049204920492049204920492049204920492049204920492049204920492049204920492049204920492049204920492049204920492049204920492049204920492049204920492049204920492049204920492049204920492049204920492049204920492049204920492049204920492049204920492049204920492049204920492049204920492049204920492049204920492049204920492049204920492049204920492049204920492049204920492049204920492049204920492049204920492049204920492049204920492049204920492049204920492049204920492049204920492049204920492049204920492049204920492049204920492049204920492049204920492049204920492049204920492049204920492049204920492049204920492049204920492049204920492049204920492049204920492049204920492049204920492049204920492049204920492049204920492049204920492049204920492049204920492049204920492049204920492049204920492049204920492049204920492049204920492049204920492049204920492049204920492049204920492049204920492049204920492049204920492049204920492049204920492049204920492049204920492049204920492049204920492049204920492049204920492049204920492049204920492049204920492049204920492049204920492049204920492049204920492049204920492049204920492049204920492049204920492049204920492049204920492049204920492049204920492049204920492049204920492049204920492049204920492049204920492049204920492049204920492049204920492049204920492049204920492049204920492049204920492049204920492049204920492049204920492049204920492049204920492049204920492049204920492049204920492049204920492049204920492049204920492049204920492049204920492049204920492049204920492049204920492049204920492049204920492049204920492049204920492049204920492049204920492049204920492049204920492049204920492049204920492049204920492049204920492049204920492049204920492049204920492049204920492049204920492049204920492049204920492049204920492049204920492049204920492049204920492049204920492049204920492049204920492049204920492049204920492049204920492049204920	492492492492492	2
select a, c1, count(c1) from t1 where a <20 and c1 != 80 and c1 != 6 and c1 < 30;
a	c1	count(c1)
1	0	10
select count(*),count(a),min(a),max(a),sum(a),count(b),min(b),max(b),count(c),min(c),max(c),sum(c) from t1;
count(*)	count(a)	min(a)	max(a)	sum(a)	count(b)	min(b)	max(b)	count(c)	min(c)	max(c)	sum(c)
250	250	1	498	62400	250	1010101010101010101010101010101010101010101010101010101010101010101010101010101010101010101010101010101010101010101010101010101010101010101010101010101010101010101010101010101010101010101010101010101010101010101010101010101010101010101010101010101010101010101010101010101010101010101010101010101010101010101010101010101010101010101010101010101010101010101010101010101010101010101010101010101010101010101010101010101010101010101010101010101010101010101010101010101010101010101010101010101010101010101010101010101010101010101010101010101010101010101010101010101010101010101010101010101010101010101010101010101010101010101010101010101010101010101010101010101010101010101010101010101010101010101010101010101010101010101010101010101010101010101010101010101010101010101010101010101010101010101010101010101010101010101010101010101010101010101010101010101010101010101010101010101010101010101010101010101010101010101010101010101010101010101010101010101010101010101010101010101010101010101010101010101010101010101010101010101010101010	990990990990990990990990990990990990990990990990990990990990990990990990990990990990990990990990990990990990990990990990990990990990990990990990990990990990990990990990990990990990990990990990990990990990990990990990990990990990990990990990990990990990990990990990990990990990990990990990990990990990990990990990990990990990990990990990990990990990990990990990990990990990990990990990990990990990990990990990990990990990990990990990990990990990990990990990990990990990990990990990990990990990990990990990990990990990990990990990990990990990990990990990990990990990990990990990990990990990990990990990990990990990990990990990990990990990990990990990990990990990990990990990990990990990990990990990990990990990990990990990990990990990990990990990990990990990990990990990990990990990990990990990990990990990990990990990990990990990990990990990990990990990990990990990990990990990990990990990990990990990990990990990990990990990990990990990990990990990990990990990990990990990990990990990990990990990990990990990990990990990990990990990990990990990990990990990990990990990990990990990990990990990990990990990990990990990990990990990990990990990990990990990990990990990990990990990990990990990990990990990990990990990990990990990990990990990990990990990990990990990990990990990990990990990990990990990990990990990990990990990990990990990990990990990990990990990990990990990990990990990990990990990990990990990990990990990990990990990990990990990990990990990990990990990990990990990990990990990990990990990990990990990990990990990990990990990	250	10	4980	624000
select count(*),count(c1),min(c1),max(c1),sum(c1),count(c2),min(c2),max(c2) from t1;
count(*)	count(c1)	min(c1)	max(c1)	sum(c1)	count(c2)	min(c2)	max(c2)
250	250	0	498	39900	100	300300300300300	498498498498498
alter system major freeze;
alter table t2 add column c4 bigint default 10, add column c5 bigint unsigned default 20;
alter table t2 add column c6 bigint default null;
alter system set _pushdown_storage_level = 0;
alter system set _rowsets_enabled = false;
alter system flush plan cache;
select count(*),count(a),min(a),max(a),sum(a),count(b),min(b),max(b),count(c),min(c),max(c),sum(c) from t1;
count(*)	count(a)	min(a)	max(a)	sum(a)	count(b)	min(b)	max(b)	count(c)	min(c)	max(c)	sum(c)
250	250	1	498	62400	250	1010101010101010101010101010101010101010101010101010101010101010101010101010101010101010101010101010101010101010101010101010101010101010101010101010101010101010101010101010101010101010101010101010101010101010101010101010101010101010101010101010101010101010101010101010101010101010101010101010101010101010101010101010101010101010101010101010101010101010101010101010101010101010101010101010101010101010101010101010101010101010101010101010101010101010101010101010101010101010101010101010101010101010101010101010101010101010101010101010101010101010101010101010101010101010101010101010101010101010101010101010101010101010101010101010101010101010101010101010101010101010101010101010101010101010101010101010101010101010101010101010101010101010101010101010101010101010101010101010101010101010101010101010101010101010101010101010101010101010101010101010101010101010101010101010101010101010101010101010101010101010101010101010101010101010101010101010101010101010101010101010101010101010101010101010101010101010101010101010101010101010	990990990990990990990990990990990990990990990990990990990990990990990990990990990990990990990990990990990990990990990990990990990990990990990990990990990990990990990990990990990990990990990990990990990990990990990990990990990990990990990990990990990990990990990990990990990990990990990990990990990990990990990990990990990990990990990990990990990990990990990990990990990990990990990990990990990990990990990990990990990990990990990990990990990990990990990990990990990990990990990990990990990990990990990990990990990990990990990990990990990990990990990990990990990990990990990990990990990990990990990990990990990990990990990990990990990990990990990990990990990990990990990990990990990990990990990990990990990990990990990990990990990990990990990990990990990990990990990990990990990990990990990990990990990990990990990990990990990990990990990990990990990990990990990990990990990990990990990990990990990990990990990990990990990990990990990990990990990990990990990990990990990990990990990990990990990990990990990990990990990990990990990990990990990990990990990990990990990990990990990990990990990990990990990990990990990990990990990990990990990990990990990990990990990990990990990990990990990990990990990990990990990990990990990990990990990990990990990990990990990990990990990990990990990990990990990990990990990990990990990990990990990990990990990990990990990990990990990990990990990990990990990990990990990990990990990990990990990990990990990990990990990990990990990990990990990990990990990990990990990990990990990990990990990990990990990990	250	10	4980	624000
select count(*),count(c1),min(c1),max(c1),sum(c1),count(c2),min(c2),max(c2) from t1;
count(*)	count(c1)	min(c1)	max(c1)	sum(c1)	count(c2)	min(c2)	max(c2)
250	250	0	498	39900	100	300300300300300	498498498498498
select count(*),count(pk),min(pk),max(pk),sum(pk),min(c1),max(c1),sum(c1),min(c2),max(c2),sum(c2),min(c3),max(c3) from t2;
count(*)	count(pk)	min(pk)	max(pk)	sum(pk)	min(c1)	max(c1)	sum(c1)	min(c2)	max(c2)	sum(c2)	min(c3)	max(c3)
1500	1500	11	3000	2258250	11	3000	2258250	12	3001	2259750	abcdefg1	abcdefg99
select count(*),count(c4),count(c5),count(c6) from t2;
count(*)	count(c4)	count(c5)	count(c6)
1500	1500	1500	0
select min(c4),min(c5),min(c6) from t2;
min(c4)	min(c5)	min(c6)
10	20	NULL
select max(c4),max(c5),max(c6) from t2;
max(c4)	max(c5)	max(c6)
10	20	NULL
select sum(c4),sum(c5),sum(c6) from t2;
sum(c4)	sum(c5)	sum(c6)
15000	30000	NULL
select count(*),min(pk),max(c1),sum(c2),min(c3),max(c4),sum(c5),count(c6) from t2;
count(*)	min(pk)	max(c1)	sum(c2)	min(c3)	max(c4)	sum(c5)	count(c6)
1500	11	3000	2259750	abcdefg1	10	30000	0
select count(*) from t1;
count(*)
250
select count(*),count(a),min(a),max(a),sum(a),count(b),min(b),max(b),count(c),min(c),max(c),sum(c) from t1;
count(*)	count(a)	min(a)	max(a)	sum(a)	count(b)	min(b)	max(b)	count(c)	min(c)	max(c)	sum(c)
250	250	1	498	62400	250	1010101010101010101010101010101010101010101010101010101010101010101010101010101010101010101010101010101010101010101010101010101010101010101010101010101010101010101010101010101010101010101010101010101010101010101010101010101010101010101010101010101010101010101010101010101010101010101010101010101010101010101010101010101010101010101010101010101010101010101010101010101010101010101010101010101010101010101010101010101010101010101010101010101010101010101010101010101010101010101010101010101010101010101010101010101010101010101010101010101010101010101010101010101010101010101010101010101010101010101010101010101010101010101010101010101010101010101010101010101010101010101010101010101010101010101010101010101010101010101010101010101010101010101010101010101010101010101010101010101010101010101010101010101010101010101010101010101010101010101010101010101010101010101010101010101010101010101010101010101010101010101010101010101010101010101010101010101010101010101010101010101010101010101010101010101010101010101010101010101010101010	990990990990990990990990990990990990990990990990990990990990990990990990990990990990990990990990990990990990990990990990990990990990990990990990990990990990990990990990990990990990990990990990990990990990990990990990990990990990990990990990990990990990990990990990990990990990990990990990990990990990990990990990990990990990990990990990990990990990990990990990990990990990990990990990990990990990990990990990990990990990990990990990990990990990990990990990990990990990990990990990990990990990990990990990990990990990990990990990990990990990990990990990990990990990990990990990990990990990990990990990990990990990990990990990990990990990990990990990990990990990990990990990990990990990990990990990990990990990990990990990990990990990990990990990990990990990990990990990990990990990990990990990990990990990990990990990990990990990990990990990990990990990990990990990990990990990990990990990990990990990990990990990990990990990990990990990990990990990990990990990990990990990990990990990990990990990990990990990990990990990990990990990990990990990990990990990990990990990990990990990990990990990990990990990990990990990990990990990990990990990990990990990990990990990990990990990990990990990990990990990990990990990990990990990990990990990990990990990990990990990990990990990990990990990990990990990990990990990990990990990990990990990990990990990990990990990990990990990990990990990990990990990990990990990990990990990990990990990990990990990990990990990990990990990990990990990990990990990990990990990990990990990990990990990990990990990	250	10	4980	624000
select count(*),count(c1),min(c1),max(c1),sum(c1),count(c2),min(c2),max(c2) from t1;
count(*)	count(c1)	min(c1)	max(c1)	sum(c1)	count(c2)	min(c2)	max(c2)
250	250	0	498	39900	100	300300300300300	498498498498498
alter system set _pushdown_storage_level = 0;
alter system set _rowsets_enabled = true;
alter system flush plan cache;
select count(*),count(a),min(a),max(a),sum(a),count(b),min(b),max(b),count(c),min(c),max(c),sum(c) from t1;
count(*)	count(a)	min(a)	max(a)	sum(a)	count(b)	min(b)	max(b)	count(c)	min(c)	max(c)	sum(c)
250	250	1	498	62400	250	1010101010101010101010101010101010101010101010101010101010101010101010101010101010101010101010101010101010101010101010101010101010101010101010101010101010101010101010101010101010101010101010101010101010101010101010101010101010101010101010101010101010101010101010101010101010101010101010101010101010101010101010101010101010101010101010101010101010101010101010101010101010101010101010101010101010101010101010101010101010101010101010101010101010101010101010101010101010101010101010101010101010101010101010101010101010101010101010101010101010101010101010101010101010101010101010101010101010101010101010101010101010101010101010101010101010101010101010101010101010101010101010101010101010101010101010101010101010101010101010101010101010101010101010101010101010101010101010101010101010101010101010101010101010101010101010101010101010101010101010101010101010101010101010101010101010101010101010101010101010101010101010101010101010101010101010101010101010101010101010101010101010101010101010101010101010101010101010101010101010101010	990990990990990990990990990990990990990990990990990990990990990990990990990990990990990990990990990990990990990990990990990990990990990990990990990990990990990990990990990990990990990990990990990990990990990990990990990990990990990990990990990990990990990990990990990990990990990990990990990990990990990990990990990990990990990990990990990990990990990990990990990990990990990990990990990990990990990990990990990990990990990990990990990990990990990990990990990990990990990990990990990990990990990990990990990990990990990990990990990990990990990990990990990990990990990990990990990990990990990990990990990990990990990990990990990990990990990990990990990990990990990990990990990990990990990990990990990990990990990990990990990990990990990990990990990990990990990990990990990990990990990990990990990990990990990990990990990990990990990990990990990990990990990990990990990990990990990990990990990990990990990990990990990990990990990990990990990990990990990990990990990990990990990990990990990990990990990990990990990990990990990990990990990990990990990990990990990990990990990990990990990990990990990990990990990990990990990990990990990990990990990990990990990990990990990990990990990990990990990990990990990990990990990990990990990990990990990990990990990990990990990990990990990990990990990990990990990990990990990990990990990990990990990990990990990990990990990990990990990990990990990990990990990990990990990990990990990990990990990990990990990990990990990990990990990990990990990990990990990990990990990990990990990990990990990990990990	250	10	4980	624000
select count(*),count(c1),min(c1),max(c1),sum(c1),count(c2),min(c2),max(c2) from t1;
count(*)	count(c1)	min(c1)	max(c1)	sum(c1)	count(c2)	min(c2)	max(c2)
250	250	0	498	39900	100	300300300300300	498498498498498
select count(*),count(pk),min(pk),max(pk),sum(pk),min(c1),max(c1),sum(c1),min(c2),max(c2),sum(c2),min(c3),max(c3) from t2;
count(*)	count(pk)	min(pk)	max(pk)	sum(pk)	min(c1)	max(c1)	sum(c1)	min(c2)	max(c2)	sum(c2)	min(c3)	max(c3)
1500	1500	11	3000	2258250	11	3000	2258250	12	3001	2259750	abcdefg1	abcdefg99
select count(*),count(c4),count(c5),count(c6) from t2;
count(*)	count(c4)	count(c5)	count(c6)
1500	1500	1500	0
select min(c4),min(c5),min(c6) from t2;
min(c4)	min(c5)	min(c6)
10	20	NULL
select max(c4),max(c5),max(c6) from t2;
max(c4)	max(c5)	max(c6)
10	20	NULL
select sum(c4),sum(c5),sum(c6) from t2;
sum(c4)	sum(c5)	sum(c6)
15000	30000	NULL
select count(*),min(pk),max(c1),sum(c2),min(c3),max(c4),sum(c5),count(c6) from t2;
count(*)	min(pk)	max(c1)	sum(c2)	min(c3)	max(c4)	sum(c5)	count(c6)
1500	11	3000	2259750	abcdefg1	10	30000	0
select count(*) from t1;
count(*)
250
select count(*),count(a),min(a),max(a),sum(a),count(b),min(b),max(b),count(c),min(c),max(c),sum(c) from t1;
count(*)	count(a)	min(a)	max(a)	sum(a)	count(b)	min(b)	max(b)	count(c)	min(c)	max(c)	sum(c)
250	250	1	498	62400	250	1010101010101010101010101010101010101010101010101010101010101010101010101010101010101010101010101010101010101010101010101010101010101010101010101010101010101010101010101010101010101010101010101010101010101010101010101010101010101010101010101010101010101010101010101010101010101010101010101010101010101010101010101010101010101010101010101010101010101010101010101010101010101010101010101010101010101010101010101010101010101010101010101010101010101010101010101010101010101010101010101010101010101010101010101010101010101010101010101010101010101010101010101010101010101010101010101010101010101010101010101010101010101010101010101010101010101010101010101010101010101010101010101010101010101010101010101010101010101010101010101010101010101010101010101010101010101010101010101010101010101010101010101010101010101010101010101010101010101010101010101010101010101010101010101010101010101010101010101010101010101010101010101010101010101010101010101010101010101010101010101010101010101010101010101010101010101010101010101010101010101010	990990990990990990990990990990990990990990990990990990990990990990990990990990990990990990990990990990990990990990990990990990990990990990990990990990990990990990990990990990990990990990990990990990990990990990990990990990990990990990990990990990990990990990990990990990990990990990990990990990990990990990990990990990990990990990990990990990990990990990990990990990990990990990990990990990990990990990990990990990990990990990990990990990990990990990990990990990990990990990990990990990990990990990990990990990990990990990990990990990990990990990990990990990990990990990990990990990990990990990990990990990990990990990990990990990990990990990990990990990990990990990990990990990990990990990990990990990990990990990990990990990990990990990990990990990990990990990990990990990990990990990990990990990990990990990990990990990990990990990990990990990990990990990990990990990990990990990990990990990990990990990990990990990990990990990990990990990990990990990990990990990990990990990990990990990990990990990990990990990990990990990990990990990990990990990990990990990990990990990990990990990990990990990990990990990990990990990990990990990990990990990990990990990990990990990990990990990990990990990990990990990990990990990990990990990990990990990990990990990990990990990990990990990990990990990990990990990990990990990990990990990990990990990990990990990990990990990990990990990990990990990990990990990990990990990990990990990990990990990990990990990990990990990990990990990990990990990990990990990990990990990990990990990990990990990990990	250	10	4980	624000
select count(*),count(c1),min(c1),max(c1),sum(c1),count(c2),min(c2),max(c2) from t1;
count(*)	count(c1)	min(c1)	max(c1)	sum(c1)	count(c2)	min(c2)	max(c2)
250	250	0	498	39900	100	300300300300300	498498498498498
alter system set _pushdown_storage_level = 4;
alter system set _rowsets_enabled = false;
alter system flush plan cache;
select count(*),count(a),min(a),max(a),sum(a),count(b),min(b),max(b),count(c),min(c),max(c),sum(c) from t1;
count(*)	count(a)	min(a)	max(a)	sum(a)	count(b)	min(b)	max(b)	count(c)	min(c)	max(c)	sum(c)
250	250	1	498	62400	250	1010101010101010101010101010101010101010101010101010101010101010101010101010101010101010101010101010101010101010101010101010101010101010101010101010101010101010101010101010101010101010101010101010101010101010101010101010101010101010101010101010101010101010101010101010101010101010101010101010101010101010101010101010101010101010101010101010101010101010101010101010101010101010101010101010101010101010101010101010101010101010101010101010101010101010101010101010101010101010101010101010101010101010101010101010101010101010101010101010101010101010101010101010101010101010101010101010101010101010101010101010101010101010101010101010101010101010101010101010101010101010101010101010101010101010101010101010101010101010101010101010101010101010101010101010101010101010101010101010101010101010101010101010101010101010101010101010101010101010101010101010101010101010101010101010101010101010101010101010101010101010101010101010101010101010101010101010101010101010101010101010101010101010101010101010101010101010101010101010101010101010	990990990990990990990990990990990990990990990990990990990990990990990990990990990990990990990990990990990990990990990990990990990990990990990990990990990990990990990990990990990990990990990990990990990990990990990990990990990990990990990990990990990990990990990990990990990990990990990990990990990990990990990990990990990990990990990990990990990990990990990990990990990990990990990990990990990990990990990990990990990990990990990990990990990990990990990990990990990990990990990990990990990990990990990990990990990990990990990990990990990990990990990990990990990990990990990990990990990990990990990990990990990990990990990990990990990990990990990990990990990990990990990990990990990990990990990990990990990990990990990990990990990990990990990990990990990990990990990990990990990990990990990990990990990990990990990990990990990990990990990990990990990990990990990990990990990990990990990990990990990990990990990990990990990990990990990990990990990990990990990990990990990990990990990990990990990990990990990990990990990990990990990990990990990990990990990990990990990990990990990990990990990990990990990990990990990990990990990990990990990990990990990990990990990990990990990990990990990990990990990990990990990990990990990990990990990990990990990990990990990990990990990990990990990990990990990990990990990990990990990990990990990990990990990990990990990990990990990990990990990990990990990990990990990990990990990990990990990990990990990990990990990990990990990990990990990990990990990990990990990990990990990990990990990990990990990990	250	10	4980	624000
select count(*),count(c1),min(c1),max(c1),sum(c1),count(c2),min(c2),max(c2) from t1;
count(*)	count(c1)	min(c1)	max(c1)	sum(c1)	count(c2)	min(c2)	max(c2)
250	250	0	498	39900	100	300300300300300	498498498498498
select count(*),count(pk),min(pk),max(pk),sum(pk),min(c1),max(c1),sum(c1),min(c2),max(c2),sum(c2),min(c3),max(c3) from t2;
count(*)	count(pk)	min(pk)	max(pk)	sum(pk)	min(c1)	max(c1)	sum(c1)	min(c2)	max(c2)	sum(c2)	min(c3)	max(c3)
1500	1500	11	3000	2258250	11	3000	2258250	12	3001	2259750	abcdefg1	abcdefg99
select count(*),count(c4),count(c5),count(c6) from t2;
count(*)	count(c4)	count(c5)	count(c6)
1500	1500	1500	0
select min(c4),min(c5),min(c6) from t2;
min(c4)	min(c5)	min(c6)
10	20	NULL
select max(c4),max(c5),max(c6) from t2;
max(c4)	max(c5)	max(c6)
10	20	NULL
select sum(c4),sum(c5),sum(c6) from t2;
sum(c4)	sum(c5)	sum(c6)
15000	30000	NULL
select count(*),min(pk),max(c1),sum(c2),min(c3),max(c4),sum(c5),count(c6) from t2;
count(*)	min(pk)	max(c1)	sum(c2)	min(c3)	max(c4)	sum(c5)	count(c6)
1500	11	3000	2259750	abcdefg1	10	30000	0
select count(*) from t1;
count(*)
250
select count(*),count(a),min(a),max(a),sum(a),count(b),min(b),max(b),count(c),min(c),max(c),sum(c) from t1;
count(*)	count(a)	min(a)	max(a)	sum(a)	count(b)	min(b)	max(b)	count(c)	min(c)	max(c)	sum(c)
250	250	1	498	62400	250	1010101010101010101010101010101010101010101010101010101010101010101010101010101010101010101010101010101010101010101010101010101010101010101010101010101010101010101010101010101010101010101010101010101010101010101010101010101010101010101010101010101010101010101010101010101010101010101010101010101010101010101010101010101010101010101010101010101010101010101010101010101010101010101010101010101010101010101010101010101010101010101010101010101010101010101010101010101010101010101010101010101010101010101010101010101010101010101010101010101010101010101010101010101010101010101010101010101010101010101010101010101010101010101010101010101010101010101010101010101010101010101010101010101010101010101010101010101010101010101010101010101010101010101010101010101010101010101010101010101010101010101010101010101010101010101010101010101010101010101010101010101010101010101010101010101010101010101010101010101010101010101010101010101010101010101010101010101010101010101010101010101010101010101010101010101010101010101010101010101010101010	990990990990990990990990990990990990990990990990990990990990990990990990990990990990990990990990990990990990990990990990990990990990990990990990990990990990990990990990990990990990990990990990990990990990990990990990990990990990990990990990990990990990990990990990990990990990990990990990990990990990990990990990990990990990990990990990990990990990990990990990990990990990990990990990990990990990990990990990990990990990990990990990990990990990990990990990990990990990990990990990990990990990990990990990990990990990990990990990990990990990990990990990990990990990990990990990990990990990990990990990990990990990990990990990990990990990990990990990990990990990990990990990990990990990990990990990990990990990990990990990990990990990990990990990990990990990990990990990990990990990990990990990990990990990990990990990990990990990990990990990990990990990990990990990990990990990990990990990990990990990990990990990990990990990990990990990990990990990990990990990990990990990990990990990990990990990990990990990990990990990990990990990990990990990990990990990990990990990990990990990990990990990990990990990990990990990990990990990990990990990990990990990990990990990990990990990990990990990990990990990990990990990990990990990990990990990990990990990990990990990990990990990990990990990990990990990990990990990990990990990990990990990990990990990990990990990990990990990990990990990990990990990990990990990990990990990990990990990990990990990990990990990990990990990990990990990990990990990990990990990990990990990990990990990990990990990	250	10	4980	624000
select count(*),count(c1),min(c1),max(c1),sum(c1),count(c2),min(c2),max(c2) from t1;
count(*)	count(c1)	min(c1)	max(c1)	sum(c1)	count(c2)	min(c2)	max(c2)
250	250	0	498	39900	100	300300300300300	498498498498498
alter system set _pushdown_storage_level = 4;
alter system set _rowsets_enabled = true;
alter system flush plan cache;
select count(*),count(a),min(a),max(a),sum(a),count(b),min(b),max(b),count(c),min(c),max(c),sum(c) from t1;
count(*)	count(a)	min(a)	max(a)	sum(a)	count(b)	min(b)	max(b)	count(c)	min(c)	max(c)	sum(c)
250	250	1	498	62400	250	1010101010101010101010101010101010101010101010101010101010101010101010101010101010101010101010101010101010101010101010101010101010101010101010101010101010101010101010101010101010101010101010101010101010101010101010101010101010101010101010101010101010101010101010101010101010101010101010101010101010101010101010101010101010101010101010101010101010101010101010101010101010101010101010101010101010101010101010101010101010101010101010101010101010101010101010101010101010101010101010101010101010101010101010101010101010101010101010101010101010101010101010101010101010101010101010101010101010101010101010101010101010101010101010101010101010101010101010101010101010101010101010101010101010101010101010101010101010101010101010101010101010101010101010101010101010101010101010101010101010101010101010101010101010101010101010101010101010101010101010101010101010101010101010101010101010101010101010101010101010101010101010101010101010101010101010101010101010101010101010101010101010101010101010101010101010101010101010101010101010101010	990990990990990990990990990990990990990990990990990990990990990990990990990990990990990990990990990990990990990990990990990990990990990990990990990990990990990990990990990990990990990990990990990990990990990990990990990990990990990990990990990990990990990990990990990990990990990990990990990990990990990990990990990990990990990990990990990990990990990990990990990990990990990990990990990990990990990990990990990990990990990990990990990990990990990990990990990990990990990990990990990990990990990990990990990990990990990990990990990990990990990990990990990990990990990990990990990990990990990990990990990990990990990990990990990990990990990990990990990990990990990990990990990990990990990990990990990990990990990990990990990990990990990990990990990990990990990990990990990990990990990990990990990990990990990990990990990990990990990990990990990990990990990990990990990990990990990990990990990990990990990990990990990990990990990990990990990990990990990990990990990990990990990990990990990990990990990990990990990990990990990990990990990990990990990990990990990990990990990990990990990990990990990990990990990990990990990990990990990990990990990990990990990990990990990990990990990990990990990990990990990990990990990990990990990990990990990990990990990990990990990990990990990990990990990990990990990990990990990990990990990990990990990990990990990990990990990990990990990990990990990990990990990990990990990990990990990990990990990990990990990990990990990990990990990990990990990990990990990990990990990990990990990990990990990990990990	250	10	4980	624000
select count(*),count(c1),min(c1),max(c1),sum(c1),count(c2),min(c2),max(c2) from t1;
count(*)	count(c1)	min(c1)	max(c1)	sum(c1)	count(c2)	min(c2)	max(c2)
250	250	0	498	39900	100	300300300300300	498498498498498
select count(*),count(pk),min(pk),max(pk),sum(pk),min(c1),max(c1),sum(c1),min(c2),max(c2),sum(c2),min(c3),max(c3) from t2;
count(*)	count(pk)	min(pk)	max(pk)	sum(pk)	min(c1)	max(c1)	sum(c1)	min(c2)	max(c2)	sum(c2)	min(c3)	max(c3)
1500	1500	11	3000	2258250	11	3000	2258250	12	3001	2259750	abcdefg1	abcdefg99
select count(*),count(c4),count(c5),count(c6) from t2;
count(*)	count(c4)	count(c5)	count(c6)
1500	1500	1500	0
select min(c4),min(c5),min(c6) from t2;
min(c4)	min(c5)	min(c6)
10	20	NULL
select max(c4),max(c5),max(c6) from t2;
max(c4)	max(c5)	max(c6)
10	20	NULL
select sum(c4),sum(c5),sum(c6) from t2;
sum(c4)	sum(c5)	sum(c6)
15000	30000	NULL
select count(*),min(pk),max(c1),sum(c2),min(c3),max(c4),sum(c5),count(c6) from t2;
count(*)	min(pk)	max(c1)	sum(c2)	min(c3)	max(c4)	sum(c5)	count(c6)
1500	11	3000	2259750	abcdefg1	10	30000	0
select count(*) from t1;
count(*)
250
select count(*),count(a),min(a),max(a),sum(a),count(b),min(b),max(b),count(c),min(c),max(c),sum(c) from t1;
count(*)	count(a)	min(a)	max(a)	sum(a)	count(b)	min(b)	max(b)	count(c)	min(c)	max(c)	sum(c)
250	250	1	498	62400	250	1010101010101010101010101010101010101010101010101010101010101010101010101010101010101010101010101010101010101010101010101010101010101010101010101010101010101010101010101010101010101010101010101010101010101010101010101010101010101010101010101010101010101010101010101010101010101010101010101010101010101010101010101010101010101010101010101010101010101010101010101010101010101010101010101010101010101010101010101010101010101010101010101010101010101010101010101010101010101010101010101010101010101010101010101010101010101010101010101010101010101010101010101010101010101010101010101010101010101010101010101010101010101010101010101010101010101010101010101010101010101010101010101010101010101010101010101010101010101010101010101010101010101010101010101010101010101010101010101010101010101010101010101010101010101010101010101010101010101010101010101010101010101010101010101010101010101010101010101010101010101010101010101010101010101010101010101010101010101010101010101010101010101010101010101010101010101010101010101010101010101010	990990990990990990990990990990990990990990990990990990990990990990990990990990990990990990990990990990990990990990990990990990990990990990990990990990990990990990990990990990990990990990990990990990990990990990990990990990990990990990990990990990990990990990990990990990990990990990990990990990990990990990990990990990990990990990990990990990990990990990990990990990990990990990990990990990990990990990990990990990990990990990990990990990990990990990990990990990990990990990990990990990990990990990990990990990990990990990990990990990990990990990990990990990990990990990990990990990990990990990990990990990990990990990990990990990990990990990990990990990990990990990990990990990990990990990990990990990990990990990990990990990990990990990990990990990990990990990990990990990990990990990990990990990990990990990990990990990990990990990990990990990990990990990990990990990990990990990990990990990990990990990990990990990990990990990990990990990990990990990990990990990990990990990990990990990990990990990990990990990990990990990990990990990990990990990990990990990990990990990990990990990990990990990990990990990990990990990990990990990990990990990990990990990990990990990990990990990990990990990990990990990990990990990990990990990990990990990990990990990990990990990990990990990990990990990990990990990990990990990990990990990990990990990990990990990990990990990990990990990990990990990990990990990990990990990990990990990990990990990990990990990990990990990990990990990990990990990990990990990990990990990990990990990990990990990990990	250	10	4980	624000
select count(*),count(c1),min(c1),max(c1),sum(c1),count(c2),min(c2),max(c2) from t1;
count(*)	count(c1)	min(c1)	max(c1)	sum(c1)	count(c2)	min(c2)	max(c2)
250	250	0	498	39900	100	300300300300300	498498498498498
drop table t1,t2;
