drop table if exists t1;
create table t1 (a varchar(10) primary key, b int default 0);
insert into t1 (a) values ('a'),('abc'),('abcd'),('hello'),('test');
select * from t1 where a regexp 'a(';
ERROR HY000: unmatched parentheses in regular expression
select * from t1 where a regexp 'a(b';
ERROR HY000: unmatched parentheses in regular expression
select * from t1 where a regexp '*';
ERROR 42000: Got error 'U_REGEX_RULE_SYNTAX, Syntax error in regular expression on line 1, character 1.' from regexp
select * from t1 where a regexp '+';
ERROR 42000: Got error 'U_REGEX_RULE_SYNTAX, Syntax error in regular expression on line 1, character 1.' from regexp
select * from t1 where a regexp '?';
ERROR 42000: Got error 'U_REGEX_RULE_SYNTAX, Syntax error in regular expression on line 1, character 1.' from regexp
select * from t1 where a regexp '(*a)';
ERROR 42000: Got error 'U_REGEX_RULE_SYNTAX, Syntax error in regular expression on line 1, character 2.' from regexp
select * from t1 where a regexp '(+a)';
ERROR 42000: Got error 'U_REGEX_RULE_SYNTAX, Syntax error in regular expression on line 1, character 2.' from regexp
select * from t1 where a regexp '(?a)';
ERROR 42000: Got error 'U_REGEX_RULE_SYNTAX, Syntax error in regular expression on line 1, character 3.' from regexp
select * from t1 where a regexp '({1}a)';
ERROR 42000: Got error 'U_REGEX_RULE_SYNTAX, Syntax error in regular expression on line 1, character 2.' from regexp
select * from t1 where a regexp '(a|*b)';
ERROR 42000: Got error 'U_REGEX_RULE_SYNTAX, Syntax error in regular expression on line 1, character 4.' from regexp
select * from t1 where a regexp '(a|+b)';
ERROR 42000: Got error 'U_REGEX_RULE_SYNTAX, Syntax error in regular expression on line 1, character 4.' from regexp
select * from t1 where a regexp '(a|?b)';
ERROR 42000: Got error 'U_REGEX_RULE_SYNTAX, Syntax error in regular expression on line 1, character 4.' from regexp
select * from t1 where a regexp '(a|{1}b)';
ERROR 42000: Got error 'U_REGEX_RULE_SYNTAX, Syntax error in regular expression on line 1, character 4.' from regexp
select * from t1 where a regexp '^*';
a	b
a	0
abc	0
abcd	0
hello	0
test	0
select * from t1 where a regexp '^+';
a	b
a	0
abc	0
abcd	0
hello	0
test	0
select * from t1 where a regexp '^?';
a	b
a	0
abc	0
abcd	0
hello	0
test	0
select * from t1 where a regexp '^{1}';
a	b
a	0
abc	0
abcd	0
hello	0
test	0
select * from t1 where a regexp '{1';
ERROR 42000: Got error 'U_REGEX_RULE_SYNTAX, Syntax error in regular expression on line 1, character 1.' from regexp
select * from t1 where a regexp '{1}';
ERROR 42000: Got error 'U_REGEX_RULE_SYNTAX, Syntax error in regular expression on line 1, character 1.' from regexp
select * from t1 where a regexp 'a{1';
ERROR 42000: Got error 'U_REGEX_BAD_INTERVAL' from regexp
select * from t1 where a regexp 'a{1a';
ERROR 42000: Got error 'U_REGEX_BAD_INTERVAL' from regexp
select * from t1 where a regexp 'a{1a}';
ERROR 42000: Got error 'U_REGEX_BAD_INTERVAL' from regexp
select * from t1 where a regexp 'a{1,x}';
ERROR 42000: Got error 'U_REGEX_BAD_INTERVAL' from regexp
select * from t1 where a regexp 'a{1,x';
ERROR 42000: Got error 'U_REGEX_BAD_INTERVAL' from regexp
select * from t1 where a regexp 'a{300}';
a	b
select * from t1 where a regexp 'a{1,0}';
ERROR 42000: Got error 'U_REGEX_MAX_LT_MIN' from regexp
select * from t1 where a regexp 'a++';
a	b
a	0
abc	0
abcd	0
select * from t1 where a regexp 'a*+';
a	b
a	0
abc	0
abcd	0
hello	0
test	0
select * from t1 where a regexp 'a+*';
ERROR 42000: Got error 'U_REGEX_RULE_SYNTAX, Syntax error in regular expression on line 1, character 3.' from regexp
select * from t1 where a regexp 'a?*';
ERROR 42000: Got error 'U_REGEX_RULE_SYNTAX, Syntax error in regular expression on line 1, character 3.' from regexp
select * from t1 where a regexp 'a?+';
a	b
a	0
abc	0
abcd	0
hello	0
test	0
select * from t1 where a regexp 'a{1}{1}';
ERROR 42000: Got error 'U_REGEX_RULE_SYNTAX, Syntax error in regular expression on line 1, character 5.' from regexp
select * from t1 where a regexp 'a*{1}';
ERROR 42000: Got error 'U_REGEX_RULE_SYNTAX, Syntax error in regular expression on line 1, character 3.' from regexp
select * from t1 where a regexp 'a+{1}';
ERROR 42000: Got error 'U_REGEX_RULE_SYNTAX, Syntax error in regular expression on line 1, character 3.' from regexp
select * from t1 where a regexp 'a?{1}';
ERROR 42000: Got error 'U_REGEX_RULE_SYNTAX, Syntax error in regular expression on line 1, character 3.' from regexp
select * from t1 where a regexp 'a{1}*';
ERROR 42000: Got error 'U_REGEX_RULE_SYNTAX, Syntax error in regular expression on line 1, character 5.' from regexp
select * from t1 where a regexp 'a{1}+';
a	b
a	0
abc	0
abcd	0
drop table t1;
drop table if exists t1;
create table t1 (a datetime primary key);
insert into t1 values ('2004-03-11 12:00:21');
select * from t1 where a regexp '2004-03-11 12:00:21';
a
2004-03-11 12:00:21
select * from t1 where a regexp '2004-03-11 ';
a
2004-03-11 12:00:21
drop table t1;
drop table if exists t1;
create table t1(id int primary key, name varchar(100));
insert into t1 values(1, 'hello');
insert into t1 values(2, 'hell');
insert into t1 values(3, 'hel');
insert into t1 values(4, 'hello1');
insert into t1 values(5, 'hell1');
insert into t1 values(6, 'hel1');
insert into t1 values(7, 'hel\n1');
insert into t1 values(8, 'he\bl1');
insert into t1 values(9, 'hel\t1');
insert into t1 values(10, 'hel\r\n1o');
insert into t1 values(11, '111 <title>Hello World</title> 222');
insert into t1 values (138, 'abc');
insert into t1 values (139, 'abc');
insert into t1 values (142, 'abc');
insert into t1 values (146, 'a(');
insert into t1 values (152, 'a)');
insert into t1 values (153, ')');
insert into t1 values (158, 'ab');
insert into t1 values (163, 'a^b');
insert into t1 values (165, 'a$b');
insert into t1 values (170, '""');
insert into t1 values (173, '""');
insert into t1 values (174, '""');
insert into t1 values (192, 'b');
insert into t1 values (203, 'abc');
insert into t1 values (272, 'abc');
insert into t1 values (273, 'abc');
insert into t1 values (287, 'ab');
insert into t1 values (289, 'ab');
insert into t1 values (291, 'aab');
insert into t1 values (299, 'a{,2}');
insert into t1 values (301, 'a{,}');
insert into t1 values (311, 'abcac');
insert into t1 values (313, 'abcac');
insert into t1 values (315, 'abbcac');
insert into t1 values (317, 'acabc');
insert into t1 values (319, 'acabc');
insert into t1 values (321, 'abcabbc');
insert into t1 values (323, 'abcabbc');
insert into t1 values (325, 'a');
insert into t1 values (344, 'a{b}');
insert into t1 values (384, '-%@a?X-');
insert into t1 values (385, '-%@aX0-');
insert into t1 values (386, 'aSSTb');
insert into t1 values (387, 'aNTb');
insert into t1 values (388, 'a019b');
insert into t1 values (389, 'Sa%bS');
insert into t1 values (390, 'AabC');
insert into t1 values (391, 'NaSbN');
insert into t1 values (392, 'S%-&T');
insert into t1 values (393, 'aSNTb');
insert into t1 values (394, 'aBCd');
insert into t1 values (395, 'p0f3Cq');
insert into t1 values (405, 'abc');
insert into t1 values (406, 'abd');
insert into t1 values (407, 'abbd');
insert into t1 values (409, 'aaaaabaaaabaaaabaaaab');
insert into t1 values (411, 'aaaaabaaaabaaaabaaaab');
insert into t1 values (413, 'aaaaabaaaabaaaabaaaabweeknights');
insert into t1 values (415, 'a12345678901234567890123456789b');
insert into t1 values (416, 'a123456789012345678901234567890b');
insert into t1 values (417, 'a1234567890123456789012345678901b');
insert into t1 values (418, 'a12345678901234567890123456789012b');
insert into t1 values (419, 'a123456789012345678901234567890123b');
insert into t1 values (421, 'a1234567890123456789012345678901234567890123456789012345678901234567890b');
insert into t1 values (423, 'xacegikmoq');
insert into t1 values (424, 'xacegikmoq');
insert into t1 values (425, 'xacegikmoqy');
insert into t1 values (426, 'xacegikmoqy');
insert into t1 values (438, 'abc');
insert into t1 values (439, 'aba');
insert into t1 values (440, 'abc');
insert into t1 values (441, 'abd');
insert into t1 values (442, 'accd');
insert into t1 values (443, 'weeknights');
insert into t1 values (444, 'weeknights');
insert into t1 values (445, 'xyzaaabcaababdacd');
insert into t1 values (446, 'aaabc');
insert into t1 values (452, '/*x*/');
insert into t1 values (454, '/*x*/y/*z*/');
insert into t1 values (456, '/*x*/');
insert into t1 values (457, '/*x*/y/*z*/');
insert into t1 values (459, '/*x**/y/*z*/');
insert into t1 values (461, '/*x*/');
insert into t1 values (462, '/*x*/y/*z*/');
insert into t1 values (463, '/*x**/y/*z*/');
insert into t1 values (464, '/*x****/y/*z*/');
insert into t1 values (465, '/*x**x*/y/*z*/');
insert into t1 values (466, '/*x***x/y/*z*/');
insert into t1 values (469, 'abcd');
insert into t1 values (470, 'abc');
insert into t1 values (471, 'abd');
insert into t1 values (472, 'abbd');
insert into t1 values (473, 'acd');
insert into t1 values (474, 'ad');
insert into t1 values (475, 'abc');
insert into t1 values (476, 'ac');
insert into t1 values (477, 'abc');
insert into t1 values (478, 'abbbc');
insert into t1 values (479, 'ac');
insert into t1 values (480, 'abcdef');
insert into t1 values (482, 'abcdefghijk');
insert into t1 values (483, 'abcdefghijkl');
insert into t1 values (484, 'abc');
insert into t1 values (485, 'ac');
insert into t1 values (486, 'abc');
insert into t1 values (487, 'abcc');
insert into t1 values (488, 'abcbc');
insert into t1 values (489, 'abb');
insert into t1 values (490, 'abb');
insert into t1 values (491, 'abbb');
insert into t1 values (492, 'abbb');
insert into t1 values (493, 'abcdef');
insert into t1 values (494, 'bc');
insert into t1 values (497, 'ad');
insert into t1 values (498, 'abcd');
insert into t1 values (499, 'abd');
insert into t1 values (500, 'abcd');
insert into t1 values (501, 'ad');
insert into t1 values (502, 'abcd');
insert into t1 values (503, 'ad');
insert into t1 values (504, 'ad');
insert into t1 values (505, 'abd');
insert into t1 values (506, 'ad');
insert into t1 values (507, 'abcd');
insert into t1 values (508, 'ad');
insert into t1 values (509, 'abcd');
insert into t1 values (510, 'abd');
insert into t1 values (511, 'acd');
insert into t1 values (512, 'abd');
insert into t1 values (513, 'abcd');
insert into t1 values (514, 'abd');
insert into t1 values (515, 'abcd');
insert into t1 values (516, 'acbd');
insert into t1 values (517, 'abcd');
insert into t1 values (518, 'abcd');
insert into t1 values (519, 'abcbd');
insert into t1 values (520, 'abcbcd');
insert into t1 values (521, 'abcd');
insert into t1 values (522, 'abcbd');
insert into t1 values (523, 'abd');
insert into t1 values (524, 'abcd');
insert into t1 values (567, 'A1');
insert into t1 values (571, 'CC11');
insert into t1 values (573, 'ab');
select * from t1 where name rlike '.*h.*';
id	name
1	hello
2	hell
3	hel
4	hello1
5	hell1
6	hel1
7	hel
1
8	hel1
9	hel	1
10	hel
1o
11	111 <title>Hello World</title> 222
413	aaaaabaaaabaaaabaaaabweeknights
443	weeknights
444	weeknights
482	abcdefghijk
483	abcdefghijkl
select * from t1 where name rlike '.*hel.*';
id	name
1	hello
2	hell
3	hel
4	hello1
5	hell1
6	hel1
7	hel
1
9	hel	1
10	hel
1o
11	111 <title>Hello World</title> 222
select * from t1 where name rlike '.*hell.*';
id	name
1	hello
2	hell
4	hello1
5	hell1
11	111 <title>Hello World</title> 222
select * from t1 where name regexp '.*hello.*';
id	name
1	hello
4	hello1
11	111 <title>Hello World</title> 222
select * from t1 where name regexp '^h.*';
id	name
1	hello
2	hell
3	hel
4	hello1
5	hell1
6	hel1
7	hel
1
8	hel1
9	hel	1
10	hel
1o
select * from t1 where name rlike null;
id	name
select * from t1 where name regexp 'abc|de';
id	name
138	abc
139	abc
142	abc
203	abc
272	abc
273	abc
311	abcac
313	abcac
317	acabc
319	acabc
321	abcabbc
323	abcabbc
390	AabC
394	aBCd
405	abc
438	abc
440	abc
445	xyzaaabcaababdacd
446	aaabc
469	abcd
470	abc
475	abc
477	abc
480	abcdef
482	abcdefghijk
483	abcdefghijkl
484	abc
486	abc
487	abcc
488	abcbc
493	abcdef
498	abcd
500	abcd
502	abcd
507	abcd
509	abcd
513	abcd
515	abcd
517	abcd
518	abcd
519	abcbd
520	abcbcd
521	abcd
522	abcbd
524	abcd
select * from t1 where name regexp 'a|b|c';
id	name
138	abc
139	abc
142	abc
146	a(
152	a)
158	ab
163	a^b
165	a$b
192	b
203	abc
272	abc
273	abc
287	ab
289	ab
291	aab
299	a{,2}
301	a{,}
311	abcac
313	abcac
315	abbcac
317	acabc
319	acabc
321	abcabbc
323	abcabbc
325	a
344	a{b}
384	-%@a?X-
385	-%@aX0-
386	aSSTb
387	aNTb
388	a019b
389	Sa%bS
390	AabC
391	NaSbN
393	aSNTb
394	aBCd
395	p0f3Cq
405	abc
406	abd
407	abbd
409	aaaaabaaaabaaaabaaaab
411	aaaaabaaaabaaaabaaaab
413	aaaaabaaaabaaaabaaaabweeknights
415	a12345678901234567890123456789b
416	a123456789012345678901234567890b
417	a1234567890123456789012345678901b
418	a12345678901234567890123456789012b
419	a123456789012345678901234567890123b
421	a1234567890123456789012345678901234567890123456789012345678901234567890b
423	xacegikmoq
424	xacegikmoq
425	xacegikmoqy
426	xacegikmoqy
438	abc
439	aba
440	abc
441	abd
442	accd
445	xyzaaabcaababdacd
446	aaabc
469	abcd
470	abc
471	abd
472	abbd
473	acd
474	ad
475	abc
476	ac
477	abc
478	abbbc
479	ac
480	abcdef
482	abcdefghijk
483	abcdefghijkl
484	abc
485	ac
486	abc
487	abcc
488	abcbc
489	abb
490	abb
491	abbb
492	abbb
493	abcdef
494	bc
497	ad
498	abcd
499	abd
500	abcd
501	ad
502	abcd
503	ad
504	ad
505	abd
506	ad
507	abcd
508	ad
509	abcd
510	abd
511	acd
512	abd
513	abcd
514	abd
515	abcd
516	acbd
517	abcd
518	abcd
519	abcbd
520	abcbcd
521	abcd
522	abcbd
523	abd
524	abcd
567	A1
571	CC11
573	ab
select * from t1 where name regexp 'a(b)c';
id	name
138	abc
139	abc
142	abc
203	abc
272	abc
273	abc
311	abcac
313	abcac
317	acabc
319	acabc
321	abcabbc
323	abcabbc
390	AabC
394	aBCd
405	abc
438	abc
440	abc
445	xyzaaabcaababdacd
446	aaabc
469	abcd
470	abc
475	abc
477	abc
480	abcdef
482	abcdefghijk
483	abcdefghijkl
484	abc
486	abc
487	abcc
488	abcbc
493	abcdef
498	abcd
500	abcd
502	abcd
507	abcd
509	abcd
513	abcd
515	abcd
517	abcd
518	abcd
519	abcbd
520	abcbcd
521	abcd
522	abcbd
524	abcd
select * from t1 where name regexp 'a\\(';
id	name
146	a(
select * from t1 where name regexp 'a()b';
id	name
138	abc
139	abc
142	abc
158	ab
203	abc
272	abc
273	abc
287	ab
289	ab
291	aab
311	abcac
313	abcac
315	abbcac
317	acabc
319	acabc
321	abcabbc
323	abcabbc
390	AabC
394	aBCd
405	abc
406	abd
407	abbd
409	aaaaabaaaabaaaabaaaab
411	aaaaabaaaabaaaabaaaab
413	aaaaabaaaabaaaabaaaabweeknights
438	abc
439	aba
440	abc
441	abd
445	xyzaaabcaababdacd
446	aaabc
469	abcd
470	abc
471	abd
472	abbd
475	abc
477	abc
478	abbbc
480	abcdef
482	abcdefghijk
483	abcdefghijkl
484	abc
486	abc
487	abcc
488	abcbc
489	abb
490	abb
491	abbb
492	abbb
493	abcdef
498	abcd
499	abd
500	abcd
502	abcd
505	abd
507	abcd
509	abcd
510	abd
512	abd
513	abcd
514	abd
515	abcd
517	abcd
518	abcd
519	abcbd
520	abcbcd
521	abcd
522	abcbd
523	abd
524	abcd
573	ab
select * from t1 where name regexp 'a^b';
id	name
select * from t1 where name regexp 'a$b';
id	name
select * from t1 where name regexp '$^';
id	name
select * from t1 where name regexp '^^';
id	name
1	hello
2	hell
3	hel
4	hello1
5	hell1
6	hel1
7	hel
1
8	hel1
9	hel	1
10	hel
1o
11	111 <title>Hello World</title> 222
138	abc
139	abc
142	abc
146	a(
152	a)
153	)
158	ab
163	a^b
165	a$b
170	""
173	""
174	""
192	b
203	abc
272	abc
273	abc
287	ab
289	ab
291	aab
299	a{,2}
301	a{,}
311	abcac
313	abcac
315	abbcac
317	acabc
319	acabc
321	abcabbc
323	abcabbc
325	a
344	a{b}
384	-%@a?X-
385	-%@aX0-
386	aSSTb
387	aNTb
388	a019b
389	Sa%bS
390	AabC
391	NaSbN
392	S%-&T
393	aSNTb
394	aBCd
395	p0f3Cq
405	abc
406	abd
407	abbd
409	aaaaabaaaabaaaabaaaab
411	aaaaabaaaabaaaabaaaab
413	aaaaabaaaabaaaabaaaabweeknights
415	a12345678901234567890123456789b
416	a123456789012345678901234567890b
417	a1234567890123456789012345678901b
418	a12345678901234567890123456789012b
419	a123456789012345678901234567890123b
421	a1234567890123456789012345678901234567890123456789012345678901234567890b
423	xacegikmoq
424	xacegikmoq
425	xacegikmoqy
426	xacegikmoqy
438	abc
439	aba
440	abc
441	abd
442	accd
443	weeknights
444	weeknights
445	xyzaaabcaababdacd
446	aaabc
452	/*x*/
454	/*x*/y/*z*/
456	/*x*/
457	/*x*/y/*z*/
459	/*x**/y/*z*/
461	/*x*/
462	/*x*/y/*z*/
463	/*x**/y/*z*/
464	/*x****/y/*z*/
465	/*x**x*/y/*z*/
466	/*x***x/y/*z*/
469	abcd
470	abc
471	abd
472	abbd
473	acd
474	ad
475	abc
476	ac
477	abc
478	abbbc
479	ac
480	abcdef
482	abcdefghijk
483	abcdefghijkl
484	abc
485	ac
486	abc
487	abcc
488	abcbc
489	abb
490	abb
491	abbb
492	abbb
493	abcdef
494	bc
497	ad
498	abcd
499	abd
500	abcd
501	ad
502	abcd
503	ad
504	ad
505	abd
506	ad
507	abcd
508	ad
509	abcd
510	abd
511	acd
512	abd
513	abcd
514	abd
515	abcd
516	acbd
517	abcd
518	abcd
519	abcbd
520	abcbcd
521	abcd
522	abcbd
523	abd
524	abcd
567	A1
571	CC11
573	ab
select * from t1 where name regexp '$$';
id	name
1	hello
2	hell
3	hel
4	hello1
5	hell1
6	hel1
7	hel
1
8	hel1
9	hel	1
10	hel
1o
11	111 <title>Hello World</title> 222
138	abc
139	abc
142	abc
146	a(
152	a)
153	)
158	ab
163	a^b
165	a$b
170	""
173	""
174	""
192	b
203	abc
272	abc
273	abc
287	ab
289	ab
291	aab
299	a{,2}
301	a{,}
311	abcac
313	abcac
315	abbcac
317	acabc
319	acabc
321	abcabbc
323	abcabbc
325	a
344	a{b}
384	-%@a?X-
385	-%@aX0-
386	aSSTb
387	aNTb
388	a019b
389	Sa%bS
390	AabC
391	NaSbN
392	S%-&T
393	aSNTb
394	aBCd
395	p0f3Cq
405	abc
406	abd
407	abbd
409	aaaaabaaaabaaaabaaaab
411	aaaaabaaaabaaaabaaaab
413	aaaaabaaaabaaaabaaaabweeknights
415	a12345678901234567890123456789b
416	a123456789012345678901234567890b
417	a1234567890123456789012345678901b
418	a12345678901234567890123456789012b
419	a123456789012345678901234567890123b
421	a1234567890123456789012345678901234567890123456789012345678901234567890b
423	xacegikmoq
424	xacegikmoq
425	xacegikmoqy
426	xacegikmoqy
438	abc
439	aba
440	abc
441	abd
442	accd
443	weeknights
444	weeknights
445	xyzaaabcaababdacd
446	aaabc
452	/*x*/
454	/*x*/y/*z*/
456	/*x*/
457	/*x*/y/*z*/
459	/*x**/y/*z*/
461	/*x*/
462	/*x*/y/*z*/
463	/*x**/y/*z*/
464	/*x****/y/*z*/
465	/*x**x*/y/*z*/
466	/*x***x/y/*z*/
469	abcd
470	abc
471	abd
472	abbd
473	acd
474	ad
475	abc
476	ac
477	abc
478	abbbc
479	ac
480	abcdef
482	abcdefghijk
483	abcdefghijkl
484	abc
485	ac
486	abc
487	abcc
488	abcbc
489	abb
490	abb
491	abbb
492	abbb
493	abcdef
494	bc
497	ad
498	abcd
499	abd
500	abcd
501	ad
502	abcd
503	ad
504	ad
505	abd
506	ad
507	abcd
508	ad
509	abcd
510	abd
511	acd
512	abd
513	abcd
514	abd
515	abcd
516	acbd
517	abcd
518	abcd
519	abcbd
520	abcbcd
521	abcd
522	abcbd
523	abd
524	abcd
567	A1
571	CC11
573	ab
select * from t1 where name regexp 'a*(^b$)c*';
id	name
192	b
select * from t1 where name regexp '()';
id	name
1	hello
2	hell
3	hel
4	hello1
5	hell1
6	hel1
7	hel
1
8	hel1
9	hel	1
10	hel
1o
11	111 <title>Hello World</title> 222
138	abc
139	abc
142	abc
146	a(
152	a)
153	)
158	ab
163	a^b
165	a$b
170	""
173	""
174	""
192	b
203	abc
272	abc
273	abc
287	ab
289	ab
291	aab
299	a{,2}
301	a{,}
311	abcac
313	abcac
315	abbcac
317	acabc
319	acabc
321	abcabbc
323	abcabbc
325	a
344	a{b}
384	-%@a?X-
385	-%@aX0-
386	aSSTb
387	aNTb
388	a019b
389	Sa%bS
390	AabC
391	NaSbN
392	S%-&T
393	aSNTb
394	aBCd
395	p0f3Cq
405	abc
406	abd
407	abbd
409	aaaaabaaaabaaaabaaaab
411	aaaaabaaaabaaaabaaaab
413	aaaaabaaaabaaaabaaaabweeknights
415	a12345678901234567890123456789b
416	a123456789012345678901234567890b
417	a1234567890123456789012345678901b
418	a12345678901234567890123456789012b
419	a123456789012345678901234567890123b
421	a1234567890123456789012345678901234567890123456789012345678901234567890b
423	xacegikmoq
424	xacegikmoq
425	xacegikmoqy
426	xacegikmoqy
438	abc
439	aba
440	abc
441	abd
442	accd
443	weeknights
444	weeknights
445	xyzaaabcaababdacd
446	aaabc
452	/*x*/
454	/*x*/y/*z*/
456	/*x*/
457	/*x*/y/*z*/
459	/*x**/y/*z*/
461	/*x*/
462	/*x*/y/*z*/
463	/*x**/y/*z*/
464	/*x****/y/*z*/
465	/*x**x*/y/*z*/
466	/*x***x/y/*z*/
469	abcd
470	abc
471	abd
472	abbd
473	acd
474	ad
475	abc
476	ac
477	abc
478	abbbc
479	ac
480	abcdef
482	abcdefghijk
483	abcdefghijkl
484	abc
485	ac
486	abc
487	abcc
488	abcbc
489	abb
490	abb
491	abbb
492	abbb
493	abcdef
494	bc
497	ad
498	abcd
499	abd
500	abcd
501	ad
502	abcd
503	ad
504	ad
505	abd
506	ad
507	abcd
508	ad
509	abcd
510	abd
511	acd
512	abd
513	abcd
514	abd
515	abcd
516	acbd
517	abcd
518	abcd
519	abcbd
520	abcbcd
521	abcd
522	abcbd
523	abd
524	abcd
567	A1
571	CC11
573	ab
select * from t1 where name regexp 'ab+c';
id	name
138	abc
139	abc
142	abc
203	abc
272	abc
273	abc
311	abcac
313	abcac
315	abbcac
317	acabc
319	acabc
321	abcabbc
323	abcabbc
390	AabC
394	aBCd
405	abc
438	abc
440	abc
445	xyzaaabcaababdacd
446	aaabc
469	abcd
470	abc
475	abc
477	abc
478	abbbc
480	abcdef
482	abcdefghijk
483	abcdefghijkl
484	abc
486	abc
487	abcc
488	abcbc
493	abcdef
498	abcd
500	abcd
502	abcd
507	abcd
509	abcd
513	abcd
515	abcd
517	abcd
518	abcd
519	abcbd
520	abcbcd
521	abcd
522	abcbd
524	abcd
select * from t1 where name regexp 'ab?c';
id	name
138	abc
139	abc
142	abc
203	abc
272	abc
273	abc
311	abcac
313	abcac
315	abbcac
317	acabc
319	acabc
321	abcabbc
323	abcabbc
390	AabC
394	aBCd
405	abc
423	xacegikmoq
424	xacegikmoq
425	xacegikmoqy
426	xacegikmoqy
438	abc
440	abc
442	accd
445	xyzaaabcaababdacd
446	aaabc
469	abcd
470	abc
473	acd
475	abc
476	ac
477	abc
479	ac
480	abcdef
482	abcdefghijk
483	abcdefghijkl
484	abc
485	ac
486	abc
487	abcc
488	abcbc
493	abcdef
498	abcd
500	abcd
502	abcd
507	abcd
509	abcd
511	acd
513	abcd
515	abcd
516	acbd
517	abcd
518	abcd
519	abcbd
520	abcbcd
521	abcd
522	abcbd
524	abcd
select * from t1 where name regexp 'a{1}b';
id	name
138	abc
139	abc
142	abc
158	ab
203	abc
272	abc
273	abc
287	ab
289	ab
291	aab
311	abcac
313	abcac
315	abbcac
317	acabc
319	acabc
321	abcabbc
323	abcabbc
390	AabC
394	aBCd
405	abc
406	abd
407	abbd
409	aaaaabaaaabaaaabaaaab
411	aaaaabaaaabaaaabaaaab
413	aaaaabaaaabaaaabaaaabweeknights
438	abc
439	aba
440	abc
441	abd
445	xyzaaabcaababdacd
446	aaabc
469	abcd
470	abc
471	abd
472	abbd
475	abc
477	abc
478	abbbc
480	abcdef
482	abcdefghijk
483	abcdefghijkl
484	abc
486	abc
487	abcc
488	abcbc
489	abb
490	abb
491	abbb
492	abbb
493	abcdef
498	abcd
499	abd
500	abcd
502	abcd
505	abd
507	abcd
509	abcd
510	abd
512	abd
513	abcd
514	abd
515	abcd
517	abcd
518	abcd
519	abcbd
520	abcbcd
521	abcd
522	abcbd
523	abd
524	abcd
573	ab
select * from t1 where name regexp 'a{1,}b';
id	name
138	abc
139	abc
142	abc
158	ab
203	abc
272	abc
273	abc
287	ab
289	ab
291	aab
311	abcac
313	abcac
315	abbcac
317	acabc
319	acabc
321	abcabbc
323	abcabbc
390	AabC
394	aBCd
405	abc
406	abd
407	abbd
409	aaaaabaaaabaaaabaaaab
411	aaaaabaaaabaaaabaaaab
413	aaaaabaaaabaaaabaaaabweeknights
438	abc
439	aba
440	abc
441	abd
445	xyzaaabcaababdacd
446	aaabc
469	abcd
470	abc
471	abd
472	abbd
475	abc
477	abc
478	abbbc
480	abcdef
482	abcdefghijk
483	abcdefghijkl
484	abc
486	abc
487	abcc
488	abcbc
489	abb
490	abb
491	abbb
492	abbb
493	abcdef
498	abcd
499	abd
500	abcd
502	abcd
505	abd
507	abcd
509	abcd
510	abd
512	abd
513	abcd
514	abd
515	abcd
517	abcd
518	abcd
519	abcbd
520	abcbcd
521	abcd
522	abcbd
523	abd
524	abcd
573	ab
select * from t1 where name regexp 'a{1,2}b';
id	name
138	abc
139	abc
142	abc
158	ab
203	abc
272	abc
273	abc
287	ab
289	ab
291	aab
311	abcac
313	abcac
315	abbcac
317	acabc
319	acabc
321	abcabbc
323	abcabbc
390	AabC
394	aBCd
405	abc
406	abd
407	abbd
409	aaaaabaaaabaaaabaaaab
411	aaaaabaaaabaaaabaaaab
413	aaaaabaaaabaaaabaaaabweeknights
438	abc
439	aba
440	abc
441	abd
445	xyzaaabcaababdacd
446	aaabc
469	abcd
470	abc
471	abd
472	abbd
475	abc
477	abc
478	abbbc
480	abcdef
482	abcdefghijk
483	abcdefghijkl
484	abc
486	abc
487	abcc
488	abcbc
489	abb
490	abb
491	abbb
492	abbb
493	abcdef
498	abcd
499	abd
500	abcd
502	abcd
505	abd
507	abcd
509	abcd
510	abd
512	abd
513	abcd
514	abd
515	abcd
517	abcd
518	abcd
519	abcbd
520	abcbcd
521	abcd
522	abcbd
523	abd
524	abcd
573	ab
select * from t1 where name regexp 'a{,2}';
ERROR 42000: Got error 'U_REGEX_BAD_INTERVAL' from regexp
select * from t1 where name regexp 'a{,}';
ERROR 42000: Got error 'U_REGEX_BAD_INTERVAL' from regexp
select * from t1 where name regexp 'ab{0,0}c';
id	name
311	abcac
313	abcac
315	abbcac
317	acabc
319	acabc
423	xacegikmoq
424	xacegikmoq
425	xacegikmoqy
426	xacegikmoqy
442	accd
445	xyzaaabcaababdacd
473	acd
476	ac
479	ac
485	ac
511	acd
516	acbd
select * from t1 where name regexp 'ab{0,1}c';
id	name
138	abc
139	abc
142	abc
203	abc
272	abc
273	abc
311	abcac
313	abcac
315	abbcac
317	acabc
319	acabc
321	abcabbc
323	abcabbc
390	AabC
394	aBCd
405	abc
423	xacegikmoq
424	xacegikmoq
425	xacegikmoqy
426	xacegikmoqy
438	abc
440	abc
442	accd
445	xyzaaabcaababdacd
446	aaabc
469	abcd
470	abc
473	acd
475	abc
476	ac
477	abc
479	ac
480	abcdef
482	abcdefghijk
483	abcdefghijkl
484	abc
485	ac
486	abc
487	abcc
488	abcbc
493	abcdef
498	abcd
500	abcd
502	abcd
507	abcd
509	abcd
511	acd
513	abcd
515	abcd
516	acbd
517	abcd
518	abcd
519	abcbd
520	abcbcd
521	abcd
522	abcbd
524	abcd
select * from t1 where name regexp 'ab{0,3}c';
id	name
138	abc
139	abc
142	abc
203	abc
272	abc
273	abc
311	abcac
313	abcac
315	abbcac
317	acabc
319	acabc
321	abcabbc
323	abcabbc
390	AabC
394	aBCd
405	abc
423	xacegikmoq
424	xacegikmoq
425	xacegikmoqy
426	xacegikmoqy
438	abc
440	abc
442	accd
445	xyzaaabcaababdacd
446	aaabc
469	abcd
470	abc
473	acd
475	abc
476	ac
477	abc
478	abbbc
479	ac
480	abcdef
482	abcdefghijk
483	abcdefghijkl
484	abc
485	ac
486	abc
487	abcc
488	abcbc
493	abcdef
498	abcd
500	abcd
502	abcd
507	abcd
509	abcd
511	acd
513	abcd
515	abcd
516	acbd
517	abcd
518	abcd
519	abcbd
520	abcbcd
521	abcd
522	abcbd
524	abcd
select * from t1 where name regexp 'ab{1,1}c';
id	name
138	abc
139	abc
142	abc
203	abc
272	abc
273	abc
311	abcac
313	abcac
317	acabc
319	acabc
321	abcabbc
323	abcabbc
390	AabC
394	aBCd
405	abc
438	abc
440	abc
445	xyzaaabcaababdacd
446	aaabc
469	abcd
470	abc
475	abc
477	abc
480	abcdef
482	abcdefghijk
483	abcdefghijkl
484	abc
486	abc
487	abcc
488	abcbc
493	abcdef
498	abcd
500	abcd
502	abcd
507	abcd
509	abcd
513	abcd
515	abcd
517	abcd
518	abcd
519	abcbd
520	abcbcd
521	abcd
522	abcbd
524	abcd
select * from t1 where name regexp 'ab{1,3}c';
id	name
138	abc
139	abc
142	abc
203	abc
272	abc
273	abc
311	abcac
313	abcac
315	abbcac
317	acabc
319	acabc
321	abcabbc
323	abcabbc
390	AabC
394	aBCd
405	abc
438	abc
440	abc
445	xyzaaabcaababdacd
446	aaabc
469	abcd
470	abc
475	abc
477	abc
478	abbbc
480	abcdef
482	abcdefghijk
483	abcdefghijkl
484	abc
486	abc
487	abcc
488	abcbc
493	abcdef
498	abcd
500	abcd
502	abcd
507	abcd
509	abcd
513	abcd
515	abcd
517	abcd
518	abcd
519	abcbd
520	abcbcd
521	abcd
522	abcbd
524	abcd
select * from t1 where name regexp 'ab{2,2}c';
id	name
315	abbcac
321	abcabbc
323	abcabbc
select * from t1 where name regexp 'ab{2,4}c';
id	name
315	abbcac
321	abcabbc
323	abcabbc
478	abbbc
select * from t1 where name regexp '((a{1,10}){1,10}){1,10}';
id	name
138	abc
139	abc
142	abc
146	a(
152	a)
158	ab
163	a^b
165	a$b
203	abc
272	abc
273	abc
287	ab
289	ab
291	aab
299	a{,2}
301	a{,}
311	abcac
313	abcac
315	abbcac
317	acabc
319	acabc
321	abcabbc
323	abcabbc
325	a
344	a{b}
384	-%@a?X-
385	-%@aX0-
386	aSSTb
387	aNTb
388	a019b
389	Sa%bS
390	AabC
391	NaSbN
393	aSNTb
394	aBCd
405	abc
406	abd
407	abbd
409	aaaaabaaaabaaaabaaaab
411	aaaaabaaaabaaaabaaaab
413	aaaaabaaaabaaaabaaaabweeknights
415	a12345678901234567890123456789b
416	a123456789012345678901234567890b
417	a1234567890123456789012345678901b
418	a12345678901234567890123456789012b
419	a123456789012345678901234567890123b
421	a1234567890123456789012345678901234567890123456789012345678901234567890b
423	xacegikmoq
424	xacegikmoq
425	xacegikmoqy
426	xacegikmoqy
438	abc
439	aba
440	abc
441	abd
442	accd
445	xyzaaabcaababdacd
446	aaabc
469	abcd
470	abc
471	abd
472	abbd
473	acd
474	ad
475	abc
476	ac
477	abc
478	abbbc
479	ac
480	abcdef
482	abcdefghijk
483	abcdefghijkl
484	abc
485	ac
486	abc
487	abcc
488	abcbc
489	abb
490	abb
491	abbb
492	abbb
493	abcdef
497	ad
498	abcd
499	abd
500	abcd
501	ad
502	abcd
503	ad
504	ad
505	abd
506	ad
507	abcd
508	ad
509	abcd
510	abd
511	acd
512	abd
513	abcd
514	abd
515	abcd
516	acbd
517	abcd
518	abcd
519	abcbd
520	abcbcd
521	abcd
522	abcbd
523	abd
524	abcd
567	A1
573	ab
select * from t1 where name regexp 'a*{b}';
ERROR 42000: Got error 'U_REGEX_RULE_SYNTAX, Syntax error in regular expression on line 1, character 3.' from regexp
select * from t1 where name regexp '[[:alnum:]]+';
id	name
1	hello
2	hell
3	hel
4	hello1
5	hell1
6	hel1
7	hel
1
8	hel1
9	hel	1
10	hel
1o
11	111 <title>Hello World</title> 222
138	abc
139	abc
142	abc
146	a(
152	a)
158	ab
163	a^b
165	a$b
192	b
203	abc
272	abc
273	abc
287	ab
289	ab
291	aab
299	a{,2}
301	a{,}
311	abcac
313	abcac
315	abbcac
317	acabc
319	acabc
321	abcabbc
323	abcabbc
325	a
344	a{b}
384	-%@a?X-
385	-%@aX0-
386	aSSTb
387	aNTb
388	a019b
389	Sa%bS
390	AabC
391	NaSbN
392	S%-&T
393	aSNTb
394	aBCd
395	p0f3Cq
405	abc
406	abd
407	abbd
409	aaaaabaaaabaaaabaaaab
411	aaaaabaaaabaaaabaaaab
413	aaaaabaaaabaaaabaaaabweeknights
415	a12345678901234567890123456789b
416	a123456789012345678901234567890b
417	a1234567890123456789012345678901b
418	a12345678901234567890123456789012b
419	a123456789012345678901234567890123b
421	a1234567890123456789012345678901234567890123456789012345678901234567890b
423	xacegikmoq
424	xacegikmoq
425	xacegikmoqy
426	xacegikmoqy
438	abc
439	aba
440	abc
441	abd
442	accd
443	weeknights
444	weeknights
445	xyzaaabcaababdacd
446	aaabc
452	/*x*/
454	/*x*/y/*z*/
456	/*x*/
457	/*x*/y/*z*/
459	/*x**/y/*z*/
461	/*x*/
462	/*x*/y/*z*/
463	/*x**/y/*z*/
464	/*x****/y/*z*/
465	/*x**x*/y/*z*/
466	/*x***x/y/*z*/
469	abcd
470	abc
471	abd
472	abbd
473	acd
474	ad
475	abc
476	ac
477	abc
478	abbbc
479	ac
480	abcdef
482	abcdefghijk
483	abcdefghijkl
484	abc
485	ac
486	abc
487	abcc
488	abcbc
489	abb
490	abb
491	abbb
492	abbb
493	abcdef
494	bc
497	ad
498	abcd
499	abd
500	abcd
501	ad
502	abcd
503	ad
504	ad
505	abd
506	ad
507	abcd
508	ad
509	abcd
510	abd
511	acd
512	abd
513	abcd
514	abd
515	abcd
516	acbd
517	abcd
518	abcd
519	abcbd
520	abcbcd
521	abcd
522	abcbd
523	abd
524	abcd
567	A1
571	CC11
573	ab
select * from t1 where name regexp '[[:alpha:]]+';
id	name
1	hello
2	hell
3	hel
4	hello1
5	hell1
6	hel1
7	hel
1
8	hel1
9	hel	1
10	hel
1o
11	111 <title>Hello World</title> 222
138	abc
139	abc
142	abc
146	a(
152	a)
158	ab
163	a^b
165	a$b
192	b
203	abc
272	abc
273	abc
287	ab
289	ab
291	aab
299	a{,2}
301	a{,}
311	abcac
313	abcac
315	abbcac
317	acabc
319	acabc
321	abcabbc
323	abcabbc
325	a
344	a{b}
384	-%@a?X-
385	-%@aX0-
386	aSSTb
387	aNTb
388	a019b
389	Sa%bS
390	AabC
391	NaSbN
392	S%-&T
393	aSNTb
394	aBCd
395	p0f3Cq
405	abc
406	abd
407	abbd
409	aaaaabaaaabaaaabaaaab
411	aaaaabaaaabaaaabaaaab
413	aaaaabaaaabaaaabaaaabweeknights
415	a12345678901234567890123456789b
416	a123456789012345678901234567890b
417	a1234567890123456789012345678901b
418	a12345678901234567890123456789012b
419	a123456789012345678901234567890123b
421	a1234567890123456789012345678901234567890123456789012345678901234567890b
423	xacegikmoq
424	xacegikmoq
425	xacegikmoqy
426	xacegikmoqy
438	abc
439	aba
440	abc
441	abd
442	accd
443	weeknights
444	weeknights
445	xyzaaabcaababdacd
446	aaabc
452	/*x*/
454	/*x*/y/*z*/
456	/*x*/
457	/*x*/y/*z*/
459	/*x**/y/*z*/
461	/*x*/
462	/*x*/y/*z*/
463	/*x**/y/*z*/
464	/*x****/y/*z*/
465	/*x**x*/y/*z*/
466	/*x***x/y/*z*/
469	abcd
470	abc
471	abd
472	abbd
473	acd
474	ad
475	abc
476	ac
477	abc
478	abbbc
479	ac
480	abcdef
482	abcdefghijk
483	abcdefghijkl
484	abc
485	ac
486	abc
487	abcc
488	abcbc
489	abb
490	abb
491	abbb
492	abbb
493	abcdef
494	bc
497	ad
498	abcd
499	abd
500	abcd
501	ad
502	abcd
503	ad
504	ad
505	abd
506	ad
507	abcd
508	ad
509	abcd
510	abd
511	acd
512	abd
513	abcd
514	abd
515	abcd
516	acbd
517	abcd
518	abcd
519	abcbd
520	abcbcd
521	abcd
522	abcbd
523	abd
524	abcd
567	A1
571	CC11
573	ab
select * from t1 where name regexp '[[:blank:]]+';
id	name
9	hel	1
11	111 <title>Hello World</title> 222
select * from t1 where name regexp '[[:cntrl:]]+';
id	name
7	hel
1
8	hel1
9	hel	1
10	hel
1o
select * from t1 where name regexp '[[:digit:]]+';
id	name
4	hello1
5	hell1
6	hel1
7	hel
1
8	hel1
9	hel	1
10	hel
1o
11	111 <title>Hello World</title> 222
299	a{,2}
385	-%@aX0-
388	a019b
395	p0f3Cq
415	a12345678901234567890123456789b
416	a123456789012345678901234567890b
417	a1234567890123456789012345678901b
418	a12345678901234567890123456789012b
419	a123456789012345678901234567890123b
421	a1234567890123456789012345678901234567890123456789012345678901234567890b
567	A1
571	CC11
select * from t1 where name regexp '[[:graph:]]+';
id	name
1	hello
2	hell
3	hel
4	hello1
5	hell1
6	hel1
7	hel
1
8	hel1
9	hel	1
10	hel
1o
11	111 <title>Hello World</title> 222
138	abc
139	abc
142	abc
146	a(
152	a)
153	)
158	ab
163	a^b
165	a$b
170	""
173	""
174	""
192	b
203	abc
272	abc
273	abc
287	ab
289	ab
291	aab
299	a{,2}
301	a{,}
311	abcac
313	abcac
315	abbcac
317	acabc
319	acabc
321	abcabbc
323	abcabbc
325	a
344	a{b}
384	-%@a?X-
385	-%@aX0-
386	aSSTb
387	aNTb
388	a019b
389	Sa%bS
390	AabC
391	NaSbN
392	S%-&T
393	aSNTb
394	aBCd
395	p0f3Cq
405	abc
406	abd
407	abbd
409	aaaaabaaaabaaaabaaaab
411	aaaaabaaaabaaaabaaaab
413	aaaaabaaaabaaaabaaaabweeknights
415	a12345678901234567890123456789b
416	a123456789012345678901234567890b
417	a1234567890123456789012345678901b
418	a12345678901234567890123456789012b
419	a123456789012345678901234567890123b
421	a1234567890123456789012345678901234567890123456789012345678901234567890b
423	xacegikmoq
424	xacegikmoq
425	xacegikmoqy
426	xacegikmoqy
438	abc
439	aba
440	abc
441	abd
442	accd
443	weeknights
444	weeknights
445	xyzaaabcaababdacd
446	aaabc
452	/*x*/
454	/*x*/y/*z*/
456	/*x*/
457	/*x*/y/*z*/
459	/*x**/y/*z*/
461	/*x*/
462	/*x*/y/*z*/
463	/*x**/y/*z*/
464	/*x****/y/*z*/
465	/*x**x*/y/*z*/
466	/*x***x/y/*z*/
469	abcd
470	abc
471	abd
472	abbd
473	acd
474	ad
475	abc
476	ac
477	abc
478	abbbc
479	ac
480	abcdef
482	abcdefghijk
483	abcdefghijkl
484	abc
485	ac
486	abc
487	abcc
488	abcbc
489	abb
490	abb
491	abbb
492	abbb
493	abcdef
494	bc
497	ad
498	abcd
499	abd
500	abcd
501	ad
502	abcd
503	ad
504	ad
505	abd
506	ad
507	abcd
508	ad
509	abcd
510	abd
511	acd
512	abd
513	abcd
514	abd
515	abcd
516	acbd
517	abcd
518	abcd
519	abcbd
520	abcbcd
521	abcd
522	abcbd
523	abd
524	abcd
567	A1
571	CC11
573	ab
select * from t1 where name regexp '[[:lower:]]+';
id	name
1	hello
2	hell
3	hel
4	hello1
5	hell1
6	hel1
7	hel
1
8	hel1
9	hel	1
10	hel
1o
11	111 <title>Hello World</title> 222
138	abc
139	abc
142	abc
146	a(
152	a)
158	ab
163	a^b
165	a$b
192	b
203	abc
272	abc
273	abc
287	ab
289	ab
291	aab
299	a{,2}
301	a{,}
311	abcac
313	abcac
315	abbcac
317	acabc
319	acabc
321	abcabbc
323	abcabbc
325	a
344	a{b}
384	-%@a?X-
385	-%@aX0-
386	aSSTb
387	aNTb
388	a019b
389	Sa%bS
390	AabC
391	NaSbN
392	S%-&T
393	aSNTb
394	aBCd
395	p0f3Cq
405	abc
406	abd
407	abbd
409	aaaaabaaaabaaaabaaaab
411	aaaaabaaaabaaaabaaaab
413	aaaaabaaaabaaaabaaaabweeknights
415	a12345678901234567890123456789b
416	a123456789012345678901234567890b
417	a1234567890123456789012345678901b
418	a12345678901234567890123456789012b
419	a123456789012345678901234567890123b
421	a1234567890123456789012345678901234567890123456789012345678901234567890b
423	xacegikmoq
424	xacegikmoq
425	xacegikmoqy
426	xacegikmoqy
438	abc
439	aba
440	abc
441	abd
442	accd
443	weeknights
444	weeknights
445	xyzaaabcaababdacd
446	aaabc
452	/*x*/
454	/*x*/y/*z*/
456	/*x*/
457	/*x*/y/*z*/
459	/*x**/y/*z*/
461	/*x*/
462	/*x*/y/*z*/
463	/*x**/y/*z*/
464	/*x****/y/*z*/
465	/*x**x*/y/*z*/
466	/*x***x/y/*z*/
469	abcd
470	abc
471	abd
472	abbd
473	acd
474	ad
475	abc
476	ac
477	abc
478	abbbc
479	ac
480	abcdef
482	abcdefghijk
483	abcdefghijkl
484	abc
485	ac
486	abc
487	abcc
488	abcbc
489	abb
490	abb
491	abbb
492	abbb
493	abcdef
494	bc
497	ad
498	abcd
499	abd
500	abcd
501	ad
502	abcd
503	ad
504	ad
505	abd
506	ad
507	abcd
508	ad
509	abcd
510	abd
511	acd
512	abd
513	abcd
514	abd
515	abcd
516	acbd
517	abcd
518	abcd
519	abcbd
520	abcbcd
521	abcd
522	abcbd
523	abd
524	abcd
567	A1
571	CC11
573	ab
select * from t1 where name regexp '[[:print:]]+';
id	name
1	hello
2	hell
3	hel
4	hello1
5	hell1
6	hel1
7	hel
1
8	hel1
9	hel	1
10	hel
1o
11	111 <title>Hello World</title> 222
138	abc
139	abc
142	abc
146	a(
152	a)
153	)
158	ab
163	a^b
165	a$b
170	""
173	""
174	""
192	b
203	abc
272	abc
273	abc
287	ab
289	ab
291	aab
299	a{,2}
301	a{,}
311	abcac
313	abcac
315	abbcac
317	acabc
319	acabc
321	abcabbc
323	abcabbc
325	a
344	a{b}
384	-%@a?X-
385	-%@aX0-
386	aSSTb
387	aNTb
388	a019b
389	Sa%bS
390	AabC
391	NaSbN
392	S%-&T
393	aSNTb
394	aBCd
395	p0f3Cq
405	abc
406	abd
407	abbd
409	aaaaabaaaabaaaabaaaab
411	aaaaabaaaabaaaabaaaab
413	aaaaabaaaabaaaabaaaabweeknights
415	a12345678901234567890123456789b
416	a123456789012345678901234567890b
417	a1234567890123456789012345678901b
418	a12345678901234567890123456789012b
419	a123456789012345678901234567890123b
421	a1234567890123456789012345678901234567890123456789012345678901234567890b
423	xacegikmoq
424	xacegikmoq
425	xacegikmoqy
426	xacegikmoqy
438	abc
439	aba
440	abc
441	abd
442	accd
443	weeknights
444	weeknights
445	xyzaaabcaababdacd
446	aaabc
452	/*x*/
454	/*x*/y/*z*/
456	/*x*/
457	/*x*/y/*z*/
459	/*x**/y/*z*/
461	/*x*/
462	/*x*/y/*z*/
463	/*x**/y/*z*/
464	/*x****/y/*z*/
465	/*x**x*/y/*z*/
466	/*x***x/y/*z*/
469	abcd
470	abc
471	abd
472	abbd
473	acd
474	ad
475	abc
476	ac
477	abc
478	abbbc
479	ac
480	abcdef
482	abcdefghijk
483	abcdefghijkl
484	abc
485	ac
486	abc
487	abcc
488	abcbc
489	abb
490	abb
491	abbb
492	abbb
493	abcdef
494	bc
497	ad
498	abcd
499	abd
500	abcd
501	ad
502	abcd
503	ad
504	ad
505	abd
506	ad
507	abcd
508	ad
509	abcd
510	abd
511	acd
512	abd
513	abcd
514	abd
515	abcd
516	acbd
517	abcd
518	abcd
519	abcbd
520	abcbcd
521	abcd
522	abcbd
523	abd
524	abcd
567	A1
571	CC11
573	ab
select * from t1 where name regexp '[[:punct:]]+';
id	name
11	111 <title>Hello World</title> 222
146	a(
152	a)
153	)
170	""
173	""
174	""
299	a{,2}
301	a{,}
344	a{b}
384	-%@a?X-
385	-%@aX0-
389	Sa%bS
392	S%-&T
452	/*x*/
454	/*x*/y/*z*/
456	/*x*/
457	/*x*/y/*z*/
459	/*x**/y/*z*/
461	/*x*/
462	/*x*/y/*z*/
463	/*x**/y/*z*/
464	/*x****/y/*z*/
465	/*x**x*/y/*z*/
466	/*x***x/y/*z*/
select * from t1 where name regexp '[[:space:]]+';
id	name
7	hel
1
9	hel	1
10	hel
1o
11	111 <title>Hello World</title> 222
select * from t1 where name regexp '[[:upper:]]+';
id	name
1	hello
2	hell
3	hel
4	hello1
5	hell1
6	hel1
7	hel
1
8	hel1
9	hel	1
10	hel
1o
11	111 <title>Hello World</title> 222
138	abc
139	abc
142	abc
146	a(
152	a)
158	ab
163	a^b
165	a$b
192	b
203	abc
272	abc
273	abc
287	ab
289	ab
291	aab
299	a{,2}
301	a{,}
311	abcac
313	abcac
315	abbcac
317	acabc
319	acabc
321	abcabbc
323	abcabbc
325	a
344	a{b}
384	-%@a?X-
385	-%@aX0-
386	aSSTb
387	aNTb
388	a019b
389	Sa%bS
390	AabC
391	NaSbN
392	S%-&T
393	aSNTb
394	aBCd
395	p0f3Cq
405	abc
406	abd
407	abbd
409	aaaaabaaaabaaaabaaaab
411	aaaaabaaaabaaaabaaaab
413	aaaaabaaaabaaaabaaaabweeknights
415	a12345678901234567890123456789b
416	a123456789012345678901234567890b
417	a1234567890123456789012345678901b
418	a12345678901234567890123456789012b
419	a123456789012345678901234567890123b
421	a1234567890123456789012345678901234567890123456789012345678901234567890b
423	xacegikmoq
424	xacegikmoq
425	xacegikmoqy
426	xacegikmoqy
438	abc
439	aba
440	abc
441	abd
442	accd
443	weeknights
444	weeknights
445	xyzaaabcaababdacd
446	aaabc
452	/*x*/
454	/*x*/y/*z*/
456	/*x*/
457	/*x*/y/*z*/
459	/*x**/y/*z*/
461	/*x*/
462	/*x*/y/*z*/
463	/*x**/y/*z*/
464	/*x****/y/*z*/
465	/*x**x*/y/*z*/
466	/*x***x/y/*z*/
469	abcd
470	abc
471	abd
472	abbd
473	acd
474	ad
475	abc
476	ac
477	abc
478	abbbc
479	ac
480	abcdef
482	abcdefghijk
483	abcdefghijkl
484	abc
485	ac
486	abc
487	abcc
488	abcbc
489	abb
490	abb
491	abbb
492	abbb
493	abcdef
494	bc
497	ad
498	abcd
499	abd
500	abcd
501	ad
502	abcd
503	ad
504	ad
505	abd
506	ad
507	abcd
508	ad
509	abcd
510	abd
511	acd
512	abd
513	abcd
514	abd
515	abcd
516	acbd
517	abcd
518	abcd
519	abcbd
520	abcbcd
521	abcd
522	abcbd
523	abd
524	abcd
567	A1
571	CC11
573	ab
select * from t1 where name regexp '[[:xdigit:]]+';
id	name
1	hello
2	hell
3	hel
4	hello1
5	hell1
6	hel1
7	hel
1
8	hel1
9	hel	1
10	hel
1o
11	111 <title>Hello World</title> 222
138	abc
139	abc
142	abc
146	a(
152	a)
158	ab
163	a^b
165	a$b
192	b
203	abc
272	abc
273	abc
287	ab
289	ab
291	aab
299	a{,2}
301	a{,}
311	abcac
313	abcac
315	abbcac
317	acabc
319	acabc
321	abcabbc
323	abcabbc
325	a
344	a{b}
384	-%@a?X-
385	-%@aX0-
386	aSSTb
387	aNTb
388	a019b
389	Sa%bS
390	AabC
391	NaSbN
393	aSNTb
394	aBCd
395	p0f3Cq
405	abc
406	abd
407	abbd
409	aaaaabaaaabaaaabaaaab
411	aaaaabaaaabaaaabaaaab
413	aaaaabaaaabaaaabaaaabweeknights
415	a12345678901234567890123456789b
416	a123456789012345678901234567890b
417	a1234567890123456789012345678901b
418	a12345678901234567890123456789012b
419	a123456789012345678901234567890123b
421	a1234567890123456789012345678901234567890123456789012345678901234567890b
423	xacegikmoq
424	xacegikmoq
425	xacegikmoqy
426	xacegikmoqy
438	abc
439	aba
440	abc
441	abd
442	accd
443	weeknights
444	weeknights
445	xyzaaabcaababdacd
446	aaabc
469	abcd
470	abc
471	abd
472	abbd
473	acd
474	ad
475	abc
476	ac
477	abc
478	abbbc
479	ac
480	abcdef
482	abcdefghijk
483	abcdefghijkl
484	abc
485	ac
486	abc
487	abcc
488	abcbc
489	abb
490	abb
491	abbb
492	abbb
493	abcdef
494	bc
497	ad
498	abcd
499	abd
500	abcd
501	ad
502	abcd
503	ad
504	ad
505	abd
506	ad
507	abcd
508	ad
509	abcd
510	abd
511	acd
512	abd
513	abcd
514	abd
515	abcd
516	acbd
517	abcd
518	abcd
519	abcbd
520	abcbcd
521	abcd
522	abcbd
523	abd
524	abcd
567	A1
571	CC11
573	ab
select * from t1 where name regexp 'a(((b)))c';
id	name
138	abc
139	abc
142	abc
203	abc
272	abc
273	abc
311	abcac
313	abcac
317	acabc
319	acabc
321	abcabbc
323	abcabbc
390	AabC
394	aBCd
405	abc
438	abc
440	abc
445	xyzaaabcaababdacd
446	aaabc
469	abcd
470	abc
475	abc
477	abc
480	abcdef
482	abcdefghijk
483	abcdefghijkl
484	abc
486	abc
487	abcc
488	abcbc
493	abcdef
498	abcd
500	abcd
502	abcd
507	abcd
509	abcd
513	abcd
515	abcd
517	abcd
518	abcd
519	abcbd
520	abcbcd
521	abcd
522	abcbd
524	abcd
select * from t1 where name regexp 'a(b|(c))d';
id	name
406	abd
441	abd
445	xyzaaabcaababdacd
471	abd
473	acd
499	abd
505	abd
510	abd
511	acd
512	abd
514	abd
523	abd
select * from t1 where name regexp 'a(b*|c)d';
id	name
406	abd
407	abbd
441	abd
445	xyzaaabcaababdacd
471	abd
472	abbd
473	acd
474	ad
497	ad
499	abd
501	ad
503	ad
504	ad
505	abd
506	ad
508	ad
510	abd
511	acd
512	abd
514	abd
523	abd
select * from t1 where name regexp 'a[ab]{20}';
id	name
409	aaaaabaaaabaaaabaaaab
411	aaaaabaaaabaaaabaaaab
413	aaaaabaaaabaaaabaaaabweeknights
select * from t1 where name regexp 'a[ab][ab][ab][ab][ab][ab][ab][ab][ab][ab][ab][ab][ab][ab][ab][ab][ab][ab][ab][ab]';
id	name
409	aaaaabaaaabaaaabaaaab
411	aaaaabaaaabaaaabaaaab
413	aaaaabaaaabaaaabaaaabweeknights
select * from t1 where name regexp 'a[ab][ab][ab][ab][ab][ab][ab][ab][ab][ab][ab][ab][ab][ab][ab][ab][ab][ab][ab][ab](wee|week)(knights|night)';
id	name
413	aaaaabaaaabaaaabaaaabweeknights
select * from t1 where name regexp '12345678901234567890123456789';
id	name
415	a12345678901234567890123456789b
416	a123456789012345678901234567890b
417	a1234567890123456789012345678901b
418	a12345678901234567890123456789012b
419	a123456789012345678901234567890123b
421	a1234567890123456789012345678901234567890123456789012345678901234567890b
select * from t1 where name regexp '123456789012345678901234567890';
id	name
416	a123456789012345678901234567890b
417	a1234567890123456789012345678901b
418	a12345678901234567890123456789012b
419	a123456789012345678901234567890123b
421	a1234567890123456789012345678901234567890123456789012345678901234567890b
select * from t1 where name regexp '1234567890123456789012345678901';
id	name
417	a1234567890123456789012345678901b
418	a12345678901234567890123456789012b
419	a123456789012345678901234567890123b
421	a1234567890123456789012345678901234567890123456789012345678901234567890b
select * from t1 where name regexp '12345678901234567890123456789012';
id	name
418	a12345678901234567890123456789012b
419	a123456789012345678901234567890123b
421	a1234567890123456789012345678901234567890123456789012345678901234567890b
select * from t1 where name regexp '123456789012345678901234567890123';
id	name
419	a123456789012345678901234567890123b
421	a1234567890123456789012345678901234567890123456789012345678901234567890b
select * from t1 where name regexp '1234567890123456789012345678901234567890123456789012345678901234567890';
id	name
421	a1234567890123456789012345678901234567890123456789012345678901234567890b
select * from t1 where name regexp '[ab][cd][ef][gh][ij][kl][mn]';
id	name
423	xacegikmoq
424	xacegikmoq
425	xacegikmoqy
426	xacegikmoqy
select * from t1 where name regexp '[ab][cd][ef][gh][ij][kl][mn][op]';
id	name
423	xacegikmoq
424	xacegikmoq
425	xacegikmoqy
426	xacegikmoqy
select * from t1 where name regexp '[ab][cd][ef][gh][ij][kl][mn][op][qr]';
id	name
423	xacegikmoq
424	xacegikmoq
425	xacegikmoqy
426	xacegikmoqy
select * from t1 where name regexp '[ab][cd][ef][gh][ij][kl][mn][op][q]';
id	name
423	xacegikmoq
424	xacegikmoq
425	xacegikmoqy
426	xacegikmoqy
select * from t1 where name regexp '[a]b[c]';
id	name
138	abc
139	abc
142	abc
203	abc
272	abc
273	abc
311	abcac
313	abcac
317	acabc
319	acabc
321	abcabbc
323	abcabbc
390	AabC
394	aBCd
405	abc
438	abc
440	abc
445	xyzaaabcaababdacd
446	aaabc
469	abcd
470	abc
475	abc
477	abc
480	abcdef
482	abcdefghijk
483	abcdefghijkl
484	abc
486	abc
487	abcc
488	abcbc
493	abcdef
498	abcd
500	abcd
502	abcd
507	abcd
509	abcd
513	abcd
515	abcd
517	abcd
518	abcd
519	abcbd
520	abcbcd
521	abcd
522	abcbd
524	abcd
select * from t1 where name regexp '[a]b[a]';
id	name
409	aaaaabaaaabaaaabaaaab
411	aaaaabaaaabaaaabaaaab
413	aaaaabaaaabaaaabaaaabweeknights
439	aba
445	xyzaaabcaababdacd
select * from t1 where name regexp '[abc]b[abc]';
id	name
138	abc
139	abc
142	abc
203	abc
272	abc
273	abc
311	abcac
313	abcac
315	abbcac
317	acabc
319	acabc
321	abcabbc
323	abcabbc
390	AabC
394	aBCd
405	abc
407	abbd
409	aaaaabaaaabaaaabaaaab
411	aaaaabaaaabaaaabaaaab
413	aaaaabaaaabaaaabaaaabweeknights
438	abc
439	aba
440	abc
445	xyzaaabcaababdacd
446	aaabc
469	abcd
470	abc
472	abbd
475	abc
477	abc
478	abbbc
480	abcdef
482	abcdefghijk
483	abcdefghijkl
484	abc
486	abc
487	abcc
488	abcbc
489	abb
490	abb
491	abbb
492	abbb
493	abcdef
498	abcd
500	abcd
502	abcd
507	abcd
509	abcd
513	abcd
515	abcd
517	abcd
518	abcd
519	abcbd
520	abcbcd
521	abcd
522	abcbd
524	abcd
select * from t1 where name regexp '[abc]b[abd]';
id	name
315	abbcac
321	abcabbc
323	abcabbc
406	abd
407	abbd
409	aaaaabaaaabaaaabaaaab
411	aaaaabaaaabaaaabaaaab
413	aaaaabaaaabaaaabaaaabweeknights
439	aba
441	abd
445	xyzaaabcaababdacd
471	abd
472	abbd
478	abbbc
489	abb
490	abb
491	abbb
492	abbb
499	abd
505	abd
510	abd
512	abd
514	abd
516	acbd
519	abcbd
522	abcbd
523	abd
select * from t1 where name regexp 'a(b?c)+d';
id	name
394	aBCd
442	accd
445	xyzaaabcaababdacd
469	abcd
473	acd
480	abcdef
482	abcdefghijk
483	abcdefghijkl
493	abcdef
498	abcd
500	abcd
502	abcd
507	abcd
509	abcd
511	acd
513	abcd
515	abcd
517	abcd
518	abcd
520	abcbcd
521	abcd
524	abcd
select * from t1 where name regexp '(wee|week)(knights|night)';
id	name
413	aaaaabaaaabaaaabaaaabweeknights
443	weeknights
444	weeknights
select * from t1 where name regexp '(we|wee|week|frob)(knights|night|day)';
id	name
413	aaaaabaaaabaaaabaaaabweeknights
443	weeknights
444	weeknights
select * from t1 where name regexp 'a[bc]d';
id	name
406	abd
441	abd
445	xyzaaabcaababdacd
471	abd
473	acd
499	abd
505	abd
510	abd
511	acd
512	abd
514	abd
523	abd
select * from t1 where name regexp 'a[ab]c';
id	name
138	abc
139	abc
142	abc
203	abc
272	abc
273	abc
311	abcac
313	abcac
317	acabc
319	acabc
321	abcabbc
323	abcabbc
390	AabC
394	aBCd
405	abc
438	abc
440	abc
445	xyzaaabcaababdacd
446	aaabc
469	abcd
470	abc
475	abc
477	abc
480	abcdef
482	abcdefghijk
483	abcdefghijkl
484	abc
486	abc
487	abcc
488	abcbc
493	abcdef
498	abcd
500	abcd
502	abcd
507	abcd
509	abcd
513	abcd
515	abcd
517	abcd
518	abcd
519	abcbd
520	abcbcd
521	abcd
522	abcbd
524	abcd
select * from t1 where name regexp null;
id	name
select * from t1 where name regexp '/\\*.*\\*/';
id	name
452	/*x*/
454	/*x*/y/*z*/
456	/*x*/
457	/*x*/y/*z*/
459	/*x**/y/*z*/
461	/*x*/
462	/*x*/y/*z*/
463	/*x**/y/*z*/
464	/*x****/y/*z*/
465	/*x**x*/y/*z*/
466	/*x***x/y/*z*/
select * from t1 where name regexp '/\\*.*\\*/';
id	name
452	/*x*/
454	/*x*/y/*z*/
456	/*x*/
457	/*x*/y/*z*/
459	/*x**/y/*z*/
461	/*x*/
462	/*x*/y/*z*/
463	/*x**/y/*z*/
464	/*x****/y/*z*/
465	/*x**x*/y/*z*/
466	/*x***x/y/*z*/
select * from t1 where name regexp '/\\*([^*]|\\*[^/])*\\*/';
id	name
452	/*x*/
454	/*x*/y/*z*/
456	/*x*/
457	/*x*/y/*z*/
459	/*x**/y/*z*/
461	/*x*/
462	/*x*/y/*z*/
463	/*x**/y/*z*/
464	/*x****/y/*z*/
465	/*x**x*/y/*z*/
466	/*x***x/y/*z*/
select * from t1 where name regexp '/\\*([^*]|\\*[^/])*\\*/';
id	name
452	/*x*/
454	/*x*/y/*z*/
456	/*x*/
457	/*x*/y/*z*/
459	/*x**/y/*z*/
461	/*x*/
462	/*x*/y/*z*/
463	/*x**/y/*z*/
464	/*x****/y/*z*/
465	/*x**x*/y/*z*/
466	/*x***x/y/*z*/
select * from t1 where name regexp '/\\*([^*]|\\*[^/])*\\*/';
id	name
452	/*x*/
454	/*x*/y/*z*/
456	/*x*/
457	/*x*/y/*z*/
459	/*x**/y/*z*/
461	/*x*/
462	/*x*/y/*z*/
463	/*x**/y/*z*/
464	/*x****/y/*z*/
465	/*x**x*/y/*z*/
466	/*x***x/y/*z*/
select * from t1 where name regexp '/\\*([^*]|\\*+[^*/])*\\*+/';
id	name
452	/*x*/
454	/*x*/y/*z*/
456	/*x*/
457	/*x*/y/*z*/
459	/*x**/y/*z*/
461	/*x*/
462	/*x*/y/*z*/
463	/*x**/y/*z*/
464	/*x****/y/*z*/
465	/*x**x*/y/*z*/
466	/*x***x/y/*z*/
select * from t1 where name regexp '/\\*([^*]|\\*+[^*/])*\\*+/';
id	name
452	/*x*/
454	/*x*/y/*z*/
456	/*x*/
457	/*x*/y/*z*/
459	/*x**/y/*z*/
461	/*x*/
462	/*x*/y/*z*/
463	/*x**/y/*z*/
464	/*x****/y/*z*/
465	/*x**x*/y/*z*/
466	/*x***x/y/*z*/
select * from t1 where name regexp '/\\*([^*]|\\*+[^*/])*\\*+/';
id	name
452	/*x*/
454	/*x*/y/*z*/
456	/*x*/
457	/*x*/y/*z*/
459	/*x**/y/*z*/
461	/*x*/
462	/*x*/y/*z*/
463	/*x**/y/*z*/
464	/*x****/y/*z*/
465	/*x**x*/y/*z*/
466	/*x***x/y/*z*/
select * from t1 where name regexp '/\\*([^*]|\\*+[^*/])*\\*+/';
id	name
452	/*x*/
454	/*x*/y/*z*/
456	/*x*/
457	/*x*/y/*z*/
459	/*x**/y/*z*/
461	/*x*/
462	/*x*/y/*z*/
463	/*x**/y/*z*/
464	/*x****/y/*z*/
465	/*x**x*/y/*z*/
466	/*x***x/y/*z*/
select * from t1 where name regexp '/\\*([^*]|\\*+[^*/])*\\*+/';
id	name
452	/*x*/
454	/*x*/y/*z*/
456	/*x*/
457	/*x*/y/*z*/
459	/*x**/y/*z*/
461	/*x*/
462	/*x*/y/*z*/
463	/*x**/y/*z*/
464	/*x****/y/*z*/
465	/*x**x*/y/*z*/
466	/*x***x/y/*z*/
select * from t1 where name regexp '/\\*([^*]|\\*+[^*/])*\\*+/';
id	name
452	/*x*/
454	/*x*/y/*z*/
456	/*x*/
457	/*x*/y/*z*/
459	/*x**/y/*z*/
461	/*x*/
462	/*x*/y/*z*/
463	/*x**/y/*z*/
464	/*x****/y/*z*/
465	/*x**x*/y/*z*/
466	/*x***x/y/*z*/
select * from t1 where name regexp 'a(b)(c)d';
id	name
394	aBCd
469	abcd
480	abcdef
482	abcdefghijk
483	abcdefghijkl
493	abcdef
498	abcd
500	abcd
502	abcd
507	abcd
509	abcd
513	abcd
515	abcd
517	abcd
518	abcd
521	abcd
524	abcd
select * from t1 where name regexp 'a(((b)))c';
id	name
138	abc
139	abc
142	abc
203	abc
272	abc
273	abc
311	abcac
313	abcac
317	acabc
319	acabc
321	abcabbc
323	abcabbc
390	AabC
394	aBCd
405	abc
438	abc
440	abc
445	xyzaaabcaababdacd
446	aaabc
469	abcd
470	abc
475	abc
477	abc
480	abcdef
482	abcdefghijk
483	abcdefghijkl
484	abc
486	abc
487	abcc
488	abcbc
493	abcdef
498	abcd
500	abcd
502	abcd
507	abcd
509	abcd
513	abcd
515	abcd
517	abcd
518	abcd
519	abcbd
520	abcbcd
521	abcd
522	abcbd
524	abcd
select * from t1 where name regexp 'a(b|(c))d';
id	name
406	abd
441	abd
445	xyzaaabcaababdacd
471	abd
473	acd
499	abd
505	abd
510	abd
511	acd
512	abd
514	abd
523	abd
select * from t1 where name regexp 'a(b*|c|e)d';
id	name
406	abd
407	abbd
441	abd
445	xyzaaabcaababdacd
471	abd
472	abbd
473	acd
474	ad
497	ad
499	abd
501	ad
503	ad
504	ad
505	abd
506	ad
508	ad
510	abd
511	acd
512	abd
514	abd
523	abd
select * from t1 where name regexp 'a(b*|c|e)d';
id	name
406	abd
407	abbd
441	abd
445	xyzaaabcaababdacd
471	abd
472	abbd
473	acd
474	ad
497	ad
499	abd
501	ad
503	ad
504	ad
505	abd
506	ad
508	ad
510	abd
511	acd
512	abd
514	abd
523	abd
select * from t1 where name regexp 'a(b*|c|e)d';
id	name
406	abd
407	abbd
441	abd
445	xyzaaabcaababdacd
471	abd
472	abbd
473	acd
474	ad
497	ad
499	abd
501	ad
503	ad
504	ad
505	abd
506	ad
508	ad
510	abd
511	acd
512	abd
514	abd
523	abd
select * from t1 where name regexp 'a(b?)c';
id	name
138	abc
139	abc
142	abc
203	abc
272	abc
273	abc
311	abcac
313	abcac
315	abbcac
317	acabc
319	acabc
321	abcabbc
323	abcabbc
390	AabC
394	aBCd
405	abc
423	xacegikmoq
424	xacegikmoq
425	xacegikmoqy
426	xacegikmoqy
438	abc
440	abc
442	accd
445	xyzaaabcaababdacd
446	aaabc
469	abcd
470	abc
473	acd
475	abc
476	ac
477	abc
479	ac
480	abcdef
482	abcdefghijk
483	abcdefghijkl
484	abc
485	ac
486	abc
487	abcc
488	abcbc
493	abcdef
498	abcd
500	abcd
502	abcd
507	abcd
509	abcd
511	acd
513	abcd
515	abcd
516	acbd
517	abcd
518	abcd
519	abcbd
520	abcbcd
521	abcd
522	abcbd
524	abcd
select * from t1 where name regexp 'a(b?)c';
id	name
138	abc
139	abc
142	abc
203	abc
272	abc
273	abc
311	abcac
313	abcac
315	abbcac
317	acabc
319	acabc
321	abcabbc
323	abcabbc
390	AabC
394	aBCd
405	abc
423	xacegikmoq
424	xacegikmoq
425	xacegikmoqy
426	xacegikmoqy
438	abc
440	abc
442	accd
445	xyzaaabcaababdacd
446	aaabc
469	abcd
470	abc
473	acd
475	abc
476	ac
477	abc
479	ac
480	abcdef
482	abcdefghijk
483	abcdefghijkl
484	abc
485	ac
486	abc
487	abcc
488	abcbc
493	abcdef
498	abcd
500	abcd
502	abcd
507	abcd
509	abcd
511	acd
513	abcd
515	abcd
516	acbd
517	abcd
518	abcd
519	abcbd
520	abcbcd
521	abcd
522	abcbd
524	abcd
select * from t1 where name regexp 'a(b+)c';
id	name
138	abc
139	abc
142	abc
203	abc
272	abc
273	abc
311	abcac
313	abcac
315	abbcac
317	acabc
319	acabc
321	abcabbc
323	abcabbc
390	AabC
394	aBCd
405	abc
438	abc
440	abc
445	xyzaaabcaababdacd
446	aaabc
469	abcd
470	abc
475	abc
477	abc
478	abbbc
480	abcdef
482	abcdefghijk
483	abcdefghijkl
484	abc
486	abc
487	abcc
488	abcbc
493	abcdef
498	abcd
500	abcd
502	abcd
507	abcd
509	abcd
513	abcd
515	abcd
517	abcd
518	abcd
519	abcbd
520	abcbcd
521	abcd
522	abcbd
524	abcd
select * from t1 where name regexp 'a(b+)c';
id	name
138	abc
139	abc
142	abc
203	abc
272	abc
273	abc
311	abcac
313	abcac
315	abbcac
317	acabc
319	acabc
321	abcabbc
323	abcabbc
390	AabC
394	aBCd
405	abc
438	abc
440	abc
445	xyzaaabcaababdacd
446	aaabc
469	abcd
470	abc
475	abc
477	abc
478	abbbc
480	abcdef
482	abcdefghijk
483	abcdefghijkl
484	abc
486	abc
487	abcc
488	abcbc
493	abcdef
498	abcd
500	abcd
502	abcd
507	abcd
509	abcd
513	abcd
515	abcd
517	abcd
518	abcd
519	abcbd
520	abcbcd
521	abcd
522	abcbd
524	abcd
select * from t1 where name regexp 'a(b*)c';
id	name
138	abc
139	abc
142	abc
203	abc
272	abc
273	abc
311	abcac
313	abcac
315	abbcac
317	acabc
319	acabc
321	abcabbc
323	abcabbc
390	AabC
394	aBCd
405	abc
423	xacegikmoq
424	xacegikmoq
425	xacegikmoqy
426	xacegikmoqy
438	abc
440	abc
442	accd
445	xyzaaabcaababdacd
446	aaabc
469	abcd
470	abc
473	acd
475	abc
476	ac
477	abc
478	abbbc
479	ac
480	abcdef
482	abcdefghijk
483	abcdefghijkl
484	abc
485	ac
486	abc
487	abcc
488	abcbc
493	abcdef
498	abcd
500	abcd
502	abcd
507	abcd
509	abcd
511	acd
513	abcd
515	abcd
516	acbd
517	abcd
518	abcd
519	abcbd
520	abcbcd
521	abcd
522	abcbd
524	abcd
select * from t1 where name regexp '(a|ab)(bc([de]+)f|cde)';
id	name
480	abcdef
482	abcdefghijk
483	abcdefghijkl
493	abcdef
select * from t1 where name regexp 'a(b)(c)(d)(e)(f)(g)(h)(i)(j)k';
id	name
482	abcdefghijk
483	abcdefghijkl
select * from t1 where name regexp 'a(b)(c)(d)(e)(f)(g)(h)(i)(j)(k)l';
id	name
483	abcdefghijkl
select * from t1 where name regexp 'a([bc]?)c';
id	name
138	abc
139	abc
142	abc
203	abc
272	abc
273	abc
311	abcac
313	abcac
315	abbcac
317	acabc
319	acabc
321	abcabbc
323	abcabbc
390	AabC
394	aBCd
405	abc
423	xacegikmoq
424	xacegikmoq
425	xacegikmoqy
426	xacegikmoqy
438	abc
440	abc
442	accd
445	xyzaaabcaababdacd
446	aaabc
469	abcd
470	abc
473	acd
475	abc
476	ac
477	abc
479	ac
480	abcdef
482	abcdefghijk
483	abcdefghijkl
484	abc
485	ac
486	abc
487	abcc
488	abcbc
493	abcdef
498	abcd
500	abcd
502	abcd
507	abcd
509	abcd
511	acd
513	abcd
515	abcd
516	acbd
517	abcd
518	abcd
519	abcbd
520	abcbcd
521	abcd
522	abcbd
524	abcd
select * from t1 where name regexp 'a([bc]?)c';
id	name
138	abc
139	abc
142	abc
203	abc
272	abc
273	abc
311	abcac
313	abcac
315	abbcac
317	acabc
319	acabc
321	abcabbc
323	abcabbc
390	AabC
394	aBCd
405	abc
423	xacegikmoq
424	xacegikmoq
425	xacegikmoqy
426	xacegikmoqy
438	abc
440	abc
442	accd
445	xyzaaabcaababdacd
446	aaabc
469	abcd
470	abc
473	acd
475	abc
476	ac
477	abc
479	ac
480	abcdef
482	abcdefghijk
483	abcdefghijkl
484	abc
485	ac
486	abc
487	abcc
488	abcbc
493	abcdef
498	abcd
500	abcd
502	abcd
507	abcd
509	abcd
511	acd
513	abcd
515	abcd
516	acbd
517	abcd
518	abcd
519	abcbd
520	abcbcd
521	abcd
522	abcbd
524	abcd
select * from t1 where name regexp 'a([bc]+)c';
id	name
138	abc
139	abc
142	abc
203	abc
272	abc
273	abc
311	abcac
313	abcac
315	abbcac
317	acabc
319	acabc
321	abcabbc
323	abcabbc
390	AabC
394	aBCd
405	abc
438	abc
440	abc
442	accd
445	xyzaaabcaababdacd
446	aaabc
469	abcd
470	abc
475	abc
477	abc
478	abbbc
480	abcdef
482	abcdefghijk
483	abcdefghijkl
484	abc
486	abc
487	abcc
488	abcbc
493	abcdef
498	abcd
500	abcd
502	abcd
507	abcd
509	abcd
513	abcd
515	abcd
517	abcd
518	abcd
519	abcbd
520	abcbcd
521	abcd
522	abcbd
524	abcd
select * from t1 where name regexp 'a([bc]+)c';
id	name
138	abc
139	abc
142	abc
203	abc
272	abc
273	abc
311	abcac
313	abcac
315	abbcac
317	acabc
319	acabc
321	abcabbc
323	abcabbc
390	AabC
394	aBCd
405	abc
438	abc
440	abc
442	accd
445	xyzaaabcaababdacd
446	aaabc
469	abcd
470	abc
475	abc
477	abc
478	abbbc
480	abcdef
482	abcdefghijk
483	abcdefghijkl
484	abc
486	abc
487	abcc
488	abcbc
493	abcdef
498	abcd
500	abcd
502	abcd
507	abcd
509	abcd
513	abcd
515	abcd
517	abcd
518	abcd
519	abcbd
520	abcbcd
521	abcd
522	abcbd
524	abcd
select * from t1 where name regexp 'a([bc]+)bc';
id	name
315	abbcac
321	abcabbc
323	abcabbc
478	abbbc
488	abcbc
520	abcbcd
select * from t1 where name regexp 'a(bb+|b)b';
id	name
315	abbcac
321	abcabbc
323	abcabbc
407	abbd
472	abbd
478	abbbc
489	abb
490	abb
491	abbb
492	abbb
select * from t1 where name regexp 'a(bbb+|bb+|b)b';
id	name
315	abbcac
321	abcabbc
323	abcabbc
407	abbd
472	abbd
478	abbbc
489	abb
490	abb
491	abbb
492	abbb
select * from t1 where name regexp 'a(bbb+|bb+|b)b';
id	name
315	abbcac
321	abcabbc
323	abcabbc
407	abbd
472	abbd
478	abbbc
489	abb
490	abb
491	abbb
492	abbb
select * from t1 where name regexp 'a(bbb+|bb+|b)bb';
id	name
478	abbbc
491	abbb
492	abbb
select * from t1 where name regexp '(.*).*';
id	name
1	hello
2	hell
3	hel
4	hello1
5	hell1
6	hel1
7	hel
1
8	hel1
9	hel	1
10	hel
1o
11	111 <title>Hello World</title> 222
138	abc
139	abc
142	abc
146	a(
152	a)
153	)
158	ab
163	a^b
165	a$b
170	""
173	""
174	""
192	b
203	abc
272	abc
273	abc
287	ab
289	ab
291	aab
299	a{,2}
301	a{,}
311	abcac
313	abcac
315	abbcac
317	acabc
319	acabc
321	abcabbc
323	abcabbc
325	a
344	a{b}
384	-%@a?X-
385	-%@aX0-
386	aSSTb
387	aNTb
388	a019b
389	Sa%bS
390	AabC
391	NaSbN
392	S%-&T
393	aSNTb
394	aBCd
395	p0f3Cq
405	abc
406	abd
407	abbd
409	aaaaabaaaabaaaabaaaab
411	aaaaabaaaabaaaabaaaab
413	aaaaabaaaabaaaabaaaabweeknights
415	a12345678901234567890123456789b
416	a123456789012345678901234567890b
417	a1234567890123456789012345678901b
418	a12345678901234567890123456789012b
419	a123456789012345678901234567890123b
421	a1234567890123456789012345678901234567890123456789012345678901234567890b
423	xacegikmoq
424	xacegikmoq
425	xacegikmoqy
426	xacegikmoqy
438	abc
439	aba
440	abc
441	abd
442	accd
443	weeknights
444	weeknights
445	xyzaaabcaababdacd
446	aaabc
452	/*x*/
454	/*x*/y/*z*/
456	/*x*/
457	/*x*/y/*z*/
459	/*x**/y/*z*/
461	/*x*/
462	/*x*/y/*z*/
463	/*x**/y/*z*/
464	/*x****/y/*z*/
465	/*x**x*/y/*z*/
466	/*x***x/y/*z*/
469	abcd
470	abc
471	abd
472	abbd
473	acd
474	ad
475	abc
476	ac
477	abc
478	abbbc
479	ac
480	abcdef
482	abcdefghijk
483	abcdefghijkl
484	abc
485	ac
486	abc
487	abcc
488	abcbc
489	abb
490	abb
491	abbb
492	abbb
493	abcdef
494	bc
497	ad
498	abcd
499	abd
500	abcd
501	ad
502	abcd
503	ad
504	ad
505	abd
506	ad
507	abcd
508	ad
509	abcd
510	abd
511	acd
512	abd
513	abcd
514	abd
515	abcd
516	acbd
517	abcd
518	abcd
519	abcbd
520	abcbcd
521	abcd
522	abcbd
523	abd
524	abcd
567	A1
571	CC11
573	ab
select * from t1 where name regexp '(a*)*';
id	name
1	hello
2	hell
3	hel
4	hello1
5	hell1
6	hel1
7	hel
1
8	hel1
9	hel	1
10	hel
1o
11	111 <title>Hello World</title> 222
138	abc
139	abc
142	abc
146	a(
152	a)
153	)
158	ab
163	a^b
165	a$b
170	""
173	""
174	""
192	b
203	abc
272	abc
273	abc
287	ab
289	ab
291	aab
299	a{,2}
301	a{,}
311	abcac
313	abcac
315	abbcac
317	acabc
319	acabc
321	abcabbc
323	abcabbc
325	a
344	a{b}
384	-%@a?X-
385	-%@aX0-
386	aSSTb
387	aNTb
388	a019b
389	Sa%bS
390	AabC
391	NaSbN
392	S%-&T
393	aSNTb
394	aBCd
395	p0f3Cq
405	abc
406	abd
407	abbd
409	aaaaabaaaabaaaabaaaab
411	aaaaabaaaabaaaabaaaab
413	aaaaabaaaabaaaabaaaabweeknights
415	a12345678901234567890123456789b
416	a123456789012345678901234567890b
417	a1234567890123456789012345678901b
418	a12345678901234567890123456789012b
419	a123456789012345678901234567890123b
421	a1234567890123456789012345678901234567890123456789012345678901234567890b
423	xacegikmoq
424	xacegikmoq
425	xacegikmoqy
426	xacegikmoqy
438	abc
439	aba
440	abc
441	abd
442	accd
443	weeknights
444	weeknights
445	xyzaaabcaababdacd
446	aaabc
452	/*x*/
454	/*x*/y/*z*/
456	/*x*/
457	/*x*/y/*z*/
459	/*x**/y/*z*/
461	/*x*/
462	/*x*/y/*z*/
463	/*x**/y/*z*/
464	/*x****/y/*z*/
465	/*x**x*/y/*z*/
466	/*x***x/y/*z*/
469	abcd
470	abc
471	abd
472	abbd
473	acd
474	ad
475	abc
476	ac
477	abc
478	abbbc
479	ac
480	abcdef
482	abcdefghijk
483	abcdefghijkl
484	abc
485	ac
486	abc
487	abcc
488	abcbc
489	abb
490	abb
491	abbb
492	abbb
493	abcdef
494	bc
497	ad
498	abcd
499	abd
500	abcd
501	ad
502	abcd
503	ad
504	ad
505	abd
506	ad
507	abcd
508	ad
509	abcd
510	abd
511	acd
512	abd
513	abcd
514	abd
515	abcd
516	acbd
517	abcd
518	abcd
519	abcbd
520	abcbcd
521	abcd
522	abcbd
523	abd
524	abcd
567	A1
571	CC11
573	ab
select * from t1 where name regexp 'a(b|c)*d';
id	name
394	aBCd
406	abd
407	abbd
441	abd
442	accd
445	xyzaaabcaababdacd
469	abcd
471	abd
472	abbd
473	acd
474	ad
480	abcdef
482	abcdefghijk
483	abcdefghijkl
493	abcdef
497	ad
498	abcd
499	abd
500	abcd
501	ad
502	abcd
503	ad
504	ad
505	abd
506	ad
507	abcd
508	ad
509	abcd
510	abd
511	acd
512	abd
513	abcd
514	abd
515	abcd
516	acbd
517	abcd
518	abcd
519	abcbd
520	abcbcd
521	abcd
522	abcbd
523	abd
524	abcd
select * from t1 where name regexp 'a(b|c)*d';
id	name
394	aBCd
406	abd
407	abbd
441	abd
442	accd
445	xyzaaabcaababdacd
469	abcd
471	abd
472	abbd
473	acd
474	ad
480	abcdef
482	abcdefghijk
483	abcdefghijkl
493	abcdef
497	ad
498	abcd
499	abd
500	abcd
501	ad
502	abcd
503	ad
504	ad
505	abd
506	ad
507	abcd
508	ad
509	abcd
510	abd
511	acd
512	abd
513	abcd
514	abd
515	abcd
516	acbd
517	abcd
518	abcd
519	abcbd
520	abcbcd
521	abcd
522	abcbd
523	abd
524	abcd
select * from t1 where name regexp 'a(b|c)+d';
id	name
394	aBCd
406	abd
407	abbd
441	abd
442	accd
445	xyzaaabcaababdacd
469	abcd
471	abd
472	abbd
473	acd
480	abcdef
482	abcdefghijk
483	abcdefghijkl
493	abcdef
498	abcd
499	abd
500	abcd
502	abcd
505	abd
507	abcd
509	abcd
510	abd
511	acd
512	abd
513	abcd
514	abd
515	abcd
516	acbd
517	abcd
518	abcd
519	abcbd
520	abcbcd
521	abcd
522	abcbd
523	abd
524	abcd
select * from t1 where name regexp 'a(b|c)+d';
id	name
394	aBCd
406	abd
407	abbd
441	abd
442	accd
445	xyzaaabcaababdacd
469	abcd
471	abd
472	abbd
473	acd
480	abcdef
482	abcdefghijk
483	abcdefghijkl
493	abcdef
498	abcd
499	abd
500	abcd
502	abcd
505	abd
507	abcd
509	abcd
510	abd
511	acd
512	abd
513	abcd
514	abd
515	abcd
516	acbd
517	abcd
518	abcd
519	abcbd
520	abcbcd
521	abcd
522	abcbd
523	abd
524	abcd
select * from t1 where name regexp 'a(b|c?)+d';
id	name
394	aBCd
406	abd
407	abbd
441	abd
442	accd
445	xyzaaabcaababdacd
469	abcd
471	abd
472	abbd
473	acd
474	ad
480	abcdef
482	abcdefghijk
483	abcdefghijkl
493	abcdef
497	ad
498	abcd
499	abd
500	abcd
501	ad
502	abcd
503	ad
504	ad
505	abd
506	ad
507	abcd
508	ad
509	abcd
510	abd
511	acd
512	abd
513	abcd
514	abd
515	abcd
516	acbd
517	abcd
518	abcd
519	abcbd
520	abcbcd
521	abcd
522	abcbd
523	abd
524	abcd
select * from t1 where name regexp 'a(b|c?)+d';
id	name
394	aBCd
406	abd
407	abbd
441	abd
442	accd
445	xyzaaabcaababdacd
469	abcd
471	abd
472	abbd
473	acd
474	ad
480	abcdef
482	abcdefghijk
483	abcdefghijkl
493	abcdef
497	ad
498	abcd
499	abd
500	abcd
501	ad
502	abcd
503	ad
504	ad
505	abd
506	ad
507	abcd
508	ad
509	abcd
510	abd
511	acd
512	abd
513	abcd
514	abd
515	abcd
516	acbd
517	abcd
518	abcd
519	abcbd
520	abcbcd
521	abcd
522	abcbd
523	abd
524	abcd
select * from t1 where name regexp 'a(b|c){0,0}d';
id	name
474	ad
497	ad
501	ad
503	ad
504	ad
506	ad
508	ad
select * from t1 where name regexp 'a(b|c){0,1}d';
id	name
406	abd
441	abd
445	xyzaaabcaababdacd
471	abd
473	acd
474	ad
497	ad
499	abd
501	ad
503	ad
504	ad
505	abd
506	ad
508	ad
510	abd
511	acd
512	abd
514	abd
523	abd
select * from t1 where name regexp 'a(b|c){0,1}d';
id	name
406	abd
441	abd
445	xyzaaabcaababdacd
471	abd
473	acd
474	ad
497	ad
499	abd
501	ad
503	ad
504	ad
505	abd
506	ad
508	ad
510	abd
511	acd
512	abd
514	abd
523	abd
select * from t1 where name regexp 'a(b|c){0,2}d';
id	name
394	aBCd
406	abd
407	abbd
441	abd
442	accd
445	xyzaaabcaababdacd
469	abcd
471	abd
472	abbd
473	acd
474	ad
480	abcdef
482	abcdefghijk
483	abcdefghijkl
493	abcdef
497	ad
498	abcd
499	abd
500	abcd
501	ad
502	abcd
503	ad
504	ad
505	abd
506	ad
507	abcd
508	ad
509	abcd
510	abd
511	acd
512	abd
513	abcd
514	abd
515	abcd
516	acbd
517	abcd
518	abcd
521	abcd
523	abd
524	abcd
select * from t1 where name regexp 'a(b|c){0,2}d';
id	name
394	aBCd
406	abd
407	abbd
441	abd
442	accd
445	xyzaaabcaababdacd
469	abcd
471	abd
472	abbd
473	acd
474	ad
480	abcdef
482	abcdefghijk
483	abcdefghijkl
493	abcdef
497	ad
498	abcd
499	abd
500	abcd
501	ad
502	abcd
503	ad
504	ad
505	abd
506	ad
507	abcd
508	ad
509	abcd
510	abd
511	acd
512	abd
513	abcd
514	abd
515	abcd
516	acbd
517	abcd
518	abcd
521	abcd
523	abd
524	abcd
select * from t1 where name regexp 'a(b|c){0,}d';
id	name
394	aBCd
406	abd
407	abbd
441	abd
442	accd
445	xyzaaabcaababdacd
469	abcd
471	abd
472	abbd
473	acd
474	ad
480	abcdef
482	abcdefghijk
483	abcdefghijkl
493	abcdef
497	ad
498	abcd
499	abd
500	abcd
501	ad
502	abcd
503	ad
504	ad
505	abd
506	ad
507	abcd
508	ad
509	abcd
510	abd
511	acd
512	abd
513	abcd
514	abd
515	abcd
516	acbd
517	abcd
518	abcd
519	abcbd
520	abcbcd
521	abcd
522	abcbd
523	abd
524	abcd
select * from t1 where name regexp 'a(b|c){0,}d';
id	name
394	aBCd
406	abd
407	abbd
441	abd
442	accd
445	xyzaaabcaababdacd
469	abcd
471	abd
472	abbd
473	acd
474	ad
480	abcdef
482	abcdefghijk
483	abcdefghijkl
493	abcdef
497	ad
498	abcd
499	abd
500	abcd
501	ad
502	abcd
503	ad
504	ad
505	abd
506	ad
507	abcd
508	ad
509	abcd
510	abd
511	acd
512	abd
513	abcd
514	abd
515	abcd
516	acbd
517	abcd
518	abcd
519	abcbd
520	abcbcd
521	abcd
522	abcbd
523	abd
524	abcd
select * from t1 where name regexp 'a(b|c){1,1}d';
id	name
406	abd
441	abd
445	xyzaaabcaababdacd
471	abd
473	acd
499	abd
505	abd
510	abd
511	acd
512	abd
514	abd
523	abd
select * from t1 where name regexp 'a(b|c){1,1}d';
id	name
406	abd
441	abd
445	xyzaaabcaababdacd
471	abd
473	acd
499	abd
505	abd
510	abd
511	acd
512	abd
514	abd
523	abd
select * from t1 where name regexp 'a(b|c){1,2}d';
id	name
394	aBCd
406	abd
407	abbd
441	abd
442	accd
445	xyzaaabcaababdacd
469	abcd
471	abd
472	abbd
473	acd
480	abcdef
482	abcdefghijk
483	abcdefghijkl
493	abcdef
498	abcd
499	abd
500	abcd
502	abcd
505	abd
507	abcd
509	abcd
510	abd
511	acd
512	abd
513	abcd
514	abd
515	abcd
516	acbd
517	abcd
518	abcd
521	abcd
523	abd
524	abcd
select * from t1 where name regexp 'a(b|c){1,2}d';
id	name
394	aBCd
406	abd
407	abbd
441	abd
442	accd
445	xyzaaabcaababdacd
469	abcd
471	abd
472	abbd
473	acd
480	abcdef
482	abcdefghijk
483	abcdefghijkl
493	abcdef
498	abcd
499	abd
500	abcd
502	abcd
505	abd
507	abcd
509	abcd
510	abd
511	acd
512	abd
513	abcd
514	abd
515	abcd
516	acbd
517	abcd
518	abcd
521	abcd
523	abd
524	abcd
select * from t1 where name regexp 'a(b|c){1,}d';
id	name
394	aBCd
406	abd
407	abbd
441	abd
442	accd
445	xyzaaabcaababdacd
469	abcd
471	abd
472	abbd
473	acd
480	abcdef
482	abcdefghijk
483	abcdefghijkl
493	abcdef
498	abcd
499	abd
500	abcd
502	abcd
505	abd
507	abcd
509	abcd
510	abd
511	acd
512	abd
513	abcd
514	abd
515	abcd
516	acbd
517	abcd
518	abcd
519	abcbd
520	abcbcd
521	abcd
522	abcbd
523	abd
524	abcd
select * from t1 where name regexp 'a(b|c){1,}d';
id	name
394	aBCd
406	abd
407	abbd
441	abd
442	accd
445	xyzaaabcaababdacd
469	abcd
471	abd
472	abbd
473	acd
480	abcdef
482	abcdefghijk
483	abcdefghijkl
493	abcdef
498	abcd
499	abd
500	abcd
502	abcd
505	abd
507	abcd
509	abcd
510	abd
511	acd
512	abd
513	abcd
514	abd
515	abcd
516	acbd
517	abcd
518	abcd
519	abcbd
520	abcbcd
521	abcd
522	abcbd
523	abd
524	abcd
select * from t1 where name regexp 'a(b|c){2,2}d';
id	name
394	aBCd
407	abbd
442	accd
469	abcd
472	abbd
480	abcdef
482	abcdefghijk
483	abcdefghijkl
493	abcdef
498	abcd
500	abcd
502	abcd
507	abcd
509	abcd
513	abcd
515	abcd
516	acbd
517	abcd
518	abcd
521	abcd
524	abcd
select * from t1 where name regexp 'a(b|c){2,2}d';
id	name
394	aBCd
407	abbd
442	accd
469	abcd
472	abbd
480	abcdef
482	abcdefghijk
483	abcdefghijkl
493	abcdef
498	abcd
500	abcd
502	abcd
507	abcd
509	abcd
513	abcd
515	abcd
516	acbd
517	abcd
518	abcd
521	abcd
524	abcd
select * from t1 where name regexp 'a(b|c){2,4}d';
id	name
394	aBCd
407	abbd
442	accd
469	abcd
472	abbd
480	abcdef
482	abcdefghijk
483	abcdefghijkl
493	abcdef
498	abcd
500	abcd
502	abcd
507	abcd
509	abcd
513	abcd
515	abcd
516	acbd
517	abcd
518	abcd
519	abcbd
520	abcbcd
521	abcd
522	abcbd
524	abcd
select * from t1 where name regexp 'a(b|c){2,4}d';
id	name
394	aBCd
407	abbd
442	accd
469	abcd
472	abbd
480	abcdef
482	abcdefghijk
483	abcdefghijkl
493	abcdef
498	abcd
500	abcd
502	abcd
507	abcd
509	abcd
513	abcd
515	abcd
516	acbd
517	abcd
518	abcd
519	abcbd
520	abcbcd
521	abcd
522	abcbd
524	abcd
select * from t1 where name regexp 'a(b|c){2,4}d';
id	name
394	aBCd
407	abbd
442	accd
469	abcd
472	abbd
480	abcdef
482	abcdefghijk
483	abcdefghijkl
493	abcdef
498	abcd
500	abcd
502	abcd
507	abcd
509	abcd
513	abcd
515	abcd
516	acbd
517	abcd
518	abcd
519	abcbd
520	abcbcd
521	abcd
522	abcbd
524	abcd
select * from t1 where name regexp 'a(b|c){2,}d';
id	name
394	aBCd
407	abbd
442	accd
469	abcd
472	abbd
480	abcdef
482	abcdefghijk
483	abcdefghijkl
493	abcdef
498	abcd
500	abcd
502	abcd
507	abcd
509	abcd
513	abcd
515	abcd
516	acbd
517	abcd
518	abcd
519	abcbd
520	abcbcd
521	abcd
522	abcbd
524	abcd
select * from t1 where name regexp 'a(b|c){2,}d';
id	name
394	aBCd
407	abbd
442	accd
469	abcd
472	abbd
480	abcdef
482	abcdefghijk
483	abcdefghijkl
493	abcdef
498	abcd
500	abcd
502	abcd
507	abcd
509	abcd
513	abcd
515	abcd
516	acbd
517	abcd
518	abcd
519	abcbd
520	abcbcd
521	abcd
522	abcbd
524	abcd
select * from t1 where name regexp 'a(b+|((c)*))+d';
id	name
394	aBCd
406	abd
407	abbd
441	abd
442	accd
445	xyzaaabcaababdacd
469	abcd
471	abd
472	abbd
473	acd
474	ad
480	abcdef
482	abcdefghijk
483	abcdefghijkl
493	abcdef
497	ad
498	abcd
499	abd
500	abcd
501	ad
502	abcd
503	ad
504	ad
505	abd
506	ad
507	abcd
508	ad
509	abcd
510	abd
511	acd
512	abd
513	abcd
514	abd
515	abcd
516	acbd
517	abcd
518	abcd
519	abcbd
520	abcbcd
521	abcd
522	abcbd
523	abd
524	abcd
select * from t1 where name regexp 'a(b+|((c)*))+d';
id	name
394	aBCd
406	abd
407	abbd
441	abd
442	accd
445	xyzaaabcaababdacd
469	abcd
471	abd
472	abbd
473	acd
474	ad
480	abcdef
482	abcdefghijk
483	abcdefghijkl
493	abcdef
497	ad
498	abcd
499	abd
500	abcd
501	ad
502	abcd
503	ad
504	ad
505	abd
506	ad
507	abcd
508	ad
509	abcd
510	abd
511	acd
512	abd
513	abcd
514	abd
515	abcd
516	acbd
517	abcd
518	abcd
519	abcbd
520	abcbcd
521	abcd
522	abcbd
523	abd
524	abcd
select * from t1 where name regexp '(A[1])|(A[2])|(A[3])|(A[4])|(A[5])|(A[6])|(A[7])|(A[8])|(A[9])|(A[A])';
id	name
291	aab
390	AabC
409	aaaaabaaaabaaaabaaaab
411	aaaaabaaaabaaaabaaaab
413	aaaaabaaaabaaaabaaaabweeknights
415	a12345678901234567890123456789b
416	a123456789012345678901234567890b
417	a1234567890123456789012345678901b
418	a12345678901234567890123456789012b
419	a123456789012345678901234567890123b
421	a1234567890123456789012345678901234567890123456789012345678901234567890b
445	xyzaaabcaababdacd
446	aaabc
567	A1
select * from t1 where name regexp 'CC[13]1|a{21}[23][EO][123][Es][12]a{15}aa[34][EW]aaaaaaa[X]a';
id	name
571	CC11
select * from t1 where name regexp 'a?b';
id	name
138	abc
139	abc
142	abc
158	ab
163	a^b
165	a$b
192	b
203	abc
272	abc
273	abc
287	ab
289	ab
291	aab
311	abcac
313	abcac
315	abbcac
317	acabc
319	acabc
321	abcabbc
323	abcabbc
344	a{b}
386	aSSTb
387	aNTb
388	a019b
389	Sa%bS
390	AabC
391	NaSbN
393	aSNTb
394	aBCd
405	abc
406	abd
407	abbd
409	aaaaabaaaabaaaabaaaab
411	aaaaabaaaabaaaabaaaab
413	aaaaabaaaabaaaabaaaabweeknights
415	a12345678901234567890123456789b
416	a123456789012345678901234567890b
417	a1234567890123456789012345678901b
418	a12345678901234567890123456789012b
419	a123456789012345678901234567890123b
421	a1234567890123456789012345678901234567890123456789012345678901234567890b
438	abc
439	aba
440	abc
441	abd
445	xyzaaabcaababdacd
446	aaabc
469	abcd
470	abc
471	abd
472	abbd
475	abc
477	abc
478	abbbc
480	abcdef
482	abcdefghijk
483	abcdefghijkl
484	abc
486	abc
487	abcc
488	abcbc
489	abb
490	abb
491	abbb
492	abbb
493	abcdef
494	bc
498	abcd
499	abd
500	abcd
502	abcd
505	abd
507	abcd
509	abcd
510	abd
512	abd
513	abcd
514	abd
515	abcd
516	acbd
517	abcd
518	abcd
519	abcbd
520	abcbcd
521	abcd
522	abcbd
523	abd
524	abcd
573	ab
select * from t1 where name regexp 'a' "bc" '|de';
id	name
138	abc
139	abc
142	abc
203	abc
272	abc
273	abc
311	abcac
313	abcac
317	acabc
319	acabc
321	abcabbc
323	abcabbc
390	AabC
394	aBCd
405	abc
438	abc
440	abc
445	xyzaaabcaababdacd
446	aaabc
469	abcd
470	abc
475	abc
477	abc
480	abcdef
482	abcdefghijk
483	abcdefghijkl
484	abc
486	abc
487	abcc
488	abcbc
493	abcdef
498	abcd
500	abcd
502	abcd
507	abcd
509	abcd
513	abcd
515	abcd
517	abcd
518	abcd
519	abcbd
520	abcbcd
521	abcd
522	abcbd
524	abcd
select * from t1 where name regexp "a" '|' "b" '|' "c";
id	name
138	abc
139	abc
142	abc
146	a(
152	a)
158	ab
163	a^b
165	a$b
192	b
203	abc
272	abc
273	abc
287	ab
289	ab
291	aab
299	a{,2}
301	a{,}
311	abcac
313	abcac
315	abbcac
317	acabc
319	acabc
321	abcabbc
323	abcabbc
325	a
344	a{b}
384	-%@a?X-
385	-%@aX0-
386	aSSTb
387	aNTb
388	a019b
389	Sa%bS
390	AabC
391	NaSbN
393	aSNTb
394	aBCd
395	p0f3Cq
405	abc
406	abd
407	abbd
409	aaaaabaaaabaaaabaaaab
411	aaaaabaaaabaaaabaaaab
413	aaaaabaaaabaaaabaaaabweeknights
415	a12345678901234567890123456789b
416	a123456789012345678901234567890b
417	a1234567890123456789012345678901b
418	a12345678901234567890123456789012b
419	a123456789012345678901234567890123b
421	a1234567890123456789012345678901234567890123456789012345678901234567890b
423	xacegikmoq
424	xacegikmoq
425	xacegikmoqy
426	xacegikmoqy
438	abc
439	aba
440	abc
441	abd
442	accd
445	xyzaaabcaababdacd
446	aaabc
469	abcd
470	abc
471	abd
472	abbd
473	acd
474	ad
475	abc
476	ac
477	abc
478	abbbc
479	ac
480	abcdef
482	abcdefghijk
483	abcdefghijkl
484	abc
485	ac
486	abc
487	abcc
488	abcbc
489	abb
490	abb
491	abbb
492	abbb
493	abcdef
494	bc
497	ad
498	abcd
499	abd
500	abcd
501	ad
502	abcd
503	ad
504	ad
505	abd
506	ad
507	abcd
508	ad
509	abcd
510	abd
511	acd
512	abd
513	abcd
514	abd
515	abcd
516	acbd
517	abcd
518	abcd
519	abcbd
520	abcbcd
521	abcd
522	abcbd
523	abd
524	abcd
567	A1
571	CC11
573	ab
select * from t1 where name regexp "a"'()'"b";
id	name
138	abc
139	abc
142	abc
158	ab
203	abc
272	abc
273	abc
287	ab
289	ab
291	aab
311	abcac
313	abcac
315	abbcac
317	acabc
319	acabc
321	abcabbc
323	abcabbc
390	AabC
394	aBCd
405	abc
406	abd
407	abbd
409	aaaaabaaaabaaaabaaaab
411	aaaaabaaaabaaaabaaaab
413	aaaaabaaaabaaaabaaaabweeknights
438	abc
439	aba
440	abc
441	abd
445	xyzaaabcaababdacd
446	aaabc
469	abcd
470	abc
471	abd
472	abbd
475	abc
477	abc
478	abbbc
480	abcdef
482	abcdefghijk
483	abcdefghijkl
484	abc
486	abc
487	abcc
488	abcbc
489	abb
490	abb
491	abbb
492	abbb
493	abcdef
498	abcd
499	abd
500	abcd
502	abcd
505	abd
507	abcd
509	abcd
510	abd
512	abd
513	abcd
514	abd
515	abcd
517	abcd
518	abcd
519	abcbd
520	abcbcd
521	abcd
522	abcbd
523	abd
524	abcd
573	ab
select * from t1 where name regexp "$" "$";
id	name
1	hello
2	hell
3	hel
4	hello1
5	hell1
6	hel1
7	hel
1
8	hel1
9	hel	1
10	hel
1o
11	111 <title>Hello World</title> 222
138	abc
139	abc
142	abc
146	a(
152	a)
153	)
158	ab
163	a^b
165	a$b
170	""
173	""
174	""
192	b
203	abc
272	abc
273	abc
287	ab
289	ab
291	aab
299	a{,2}
301	a{,}
311	abcac
313	abcac
315	abbcac
317	acabc
319	acabc
321	abcabbc
323	abcabbc
325	a
344	a{b}
384	-%@a?X-
385	-%@aX0-
386	aSSTb
387	aNTb
388	a019b
389	Sa%bS
390	AabC
391	NaSbN
392	S%-&T
393	aSNTb
394	aBCd
395	p0f3Cq
405	abc
406	abd
407	abbd
409	aaaaabaaaabaaaabaaaab
411	aaaaabaaaabaaaabaaaab
413	aaaaabaaaabaaaabaaaabweeknights
415	a12345678901234567890123456789b
416	a123456789012345678901234567890b
417	a1234567890123456789012345678901b
418	a12345678901234567890123456789012b
419	a123456789012345678901234567890123b
421	a1234567890123456789012345678901234567890123456789012345678901234567890b
423	xacegikmoq
424	xacegikmoq
425	xacegikmoqy
426	xacegikmoqy
438	abc
439	aba
440	abc
441	abd
442	accd
443	weeknights
444	weeknights
445	xyzaaabcaababdacd
446	aaabc
452	/*x*/
454	/*x*/y/*z*/
456	/*x*/
457	/*x*/y/*z*/
459	/*x**/y/*z*/
461	/*x*/
462	/*x*/y/*z*/
463	/*x**/y/*z*/
464	/*x****/y/*z*/
465	/*x**x*/y/*z*/
466	/*x***x/y/*z*/
469	abcd
470	abc
471	abd
472	abbd
473	acd
474	ad
475	abc
476	ac
477	abc
478	abbbc
479	ac
480	abcdef
482	abcdefghijk
483	abcdefghijkl
484	abc
485	ac
486	abc
487	abcc
488	abcbc
489	abb
490	abb
491	abbb
492	abbb
493	abcdef
494	bc
497	ad
498	abcd
499	abd
500	abcd
501	ad
502	abcd
503	ad
504	ad
505	abd
506	ad
507	abcd
508	ad
509	abcd
510	abd
511	acd
512	abd
513	abcd
514	abd
515	abcd
516	acbd
517	abcd
518	abcd
519	abcbd
520	abcbcd
521	abcd
522	abcbd
523	abd
524	abcd
567	A1
571	CC11
573	ab
select * from t1 where name regexp 'a' "*" '(' "^" 'b' "$" ')' "c" '*';
id	name
192	b
select * from t1 where name regexp 'a' "b" "{" "0" ',' "0" '}' "c";
id	name
311	abcac
313	abcac
315	abbcac
317	acabc
319	acabc
423	xacegikmoq
424	xacegikmoq
425	xacegikmoqy
426	xacegikmoqy
442	accd
445	xyzaaabcaababdacd
473	acd
476	ac
479	ac
485	ac
511	acd
516	acbd
select * from t1 where name regexp '[' "[" ':' "a" "lnum" ':' "]" ']' "+";
id	name
1	hello
2	hell
3	hel
4	hello1
5	hell1
6	hel1
7	hel
1
8	hel1
9	hel	1
10	hel
1o
11	111 <title>Hello World</title> 222
138	abc
139	abc
142	abc
146	a(
152	a)
158	ab
163	a^b
165	a$b
192	b
203	abc
272	abc
273	abc
287	ab
289	ab
291	aab
299	a{,2}
301	a{,}
311	abcac
313	abcac
315	abbcac
317	acabc
319	acabc
321	abcabbc
323	abcabbc
325	a
344	a{b}
384	-%@a?X-
385	-%@aX0-
386	aSSTb
387	aNTb
388	a019b
389	Sa%bS
390	AabC
391	NaSbN
392	S%-&T
393	aSNTb
394	aBCd
395	p0f3Cq
405	abc
406	abd
407	abbd
409	aaaaabaaaabaaaabaaaab
411	aaaaabaaaabaaaabaaaab
413	aaaaabaaaabaaaabaaaabweeknights
415	a12345678901234567890123456789b
416	a123456789012345678901234567890b
417	a1234567890123456789012345678901b
418	a12345678901234567890123456789012b
419	a123456789012345678901234567890123b
421	a1234567890123456789012345678901234567890123456789012345678901234567890b
423	xacegikmoq
424	xacegikmoq
425	xacegikmoqy
426	xacegikmoqy
438	abc
439	aba
440	abc
441	abd
442	accd
443	weeknights
444	weeknights
445	xyzaaabcaababdacd
446	aaabc
452	/*x*/
454	/*x*/y/*z*/
456	/*x*/
457	/*x*/y/*z*/
459	/*x**/y/*z*/
461	/*x*/
462	/*x*/y/*z*/
463	/*x**/y/*z*/
464	/*x****/y/*z*/
465	/*x**x*/y/*z*/
466	/*x***x/y/*z*/
469	abcd
470	abc
471	abd
472	abbd
473	acd
474	ad
475	abc
476	ac
477	abc
478	abbbc
479	ac
480	abcdef
482	abcdefghijk
483	abcdefghijkl
484	abc
485	ac
486	abc
487	abcc
488	abcbc
489	abb
490	abb
491	abbb
492	abbb
493	abcdef
494	bc
497	ad
498	abcd
499	abd
500	abcd
501	ad
502	abcd
503	ad
504	ad
505	abd
506	ad
507	abcd
508	ad
509	abcd
510	abd
511	acd
512	abd
513	abcd
514	abd
515	abcd
516	acbd
517	abcd
518	abcd
519	abcbd
520	abcbcd
521	abcd
522	abcbd
523	abd
524	abcd
567	A1
571	CC11
573	ab
select * from t1 where name regexp 'a' "(" "(" '(' "b" ')' ")" ')' 'c';
id	name
138	abc
139	abc
142	abc
203	abc
272	abc
273	abc
311	abcac
313	abcac
317	acabc
319	acabc
321	abcabbc
323	abcabbc
390	AabC
394	aBCd
405	abc
438	abc
440	abc
445	xyzaaabcaababdacd
446	aaabc
469	abcd
470	abc
475	abc
477	abc
480	abcdef
482	abcdefghijk
483	abcdefghijkl
484	abc
486	abc
487	abcc
488	abcbc
493	abcdef
498	abcd
500	abcd
502	abcd
507	abcd
509	abcd
513	abcd
515	abcd
517	abcd
518	abcd
519	abcbd
520	abcbcd
521	abcd
522	abcbd
524	abcd
select * from t1 where name regexp 'a'"("'b'"|"'('"c"')'")"'d';
id	name
406	abd
441	abd
445	xyzaaabcaababdacd
471	abd
473	acd
499	abd
505	abd
510	abd
511	acd
512	abd
514	abd
523	abd
select * from t1 where name regexp 'a'""'('"b"'*'"|"'c'")"'d';
id	name
406	abd
407	abbd
441	abd
445	xyzaaabcaababdacd
471	abd
472	abbd
473	acd
474	ad
497	ad
499	abd
501	ad
503	ad
504	ad
505	abd
506	ad
508	ad
510	abd
511	acd
512	abd
514	abd
523	abd
select * from t1 where name regexp '[ab]'"[cd]"'[ef]'"[gh]"'[ij]'"[kl]"'[mn]';
id	name
423	xacegikmoq
424	xacegikmoq
425	xacegikmoqy
426	xacegikmoqy
select * from t1 where name regexp '[a]'"b"'[c]';
id	name
138	abc
139	abc
142	abc
203	abc
272	abc
273	abc
311	abcac
313	abcac
317	acabc
319	acabc
321	abcabbc
323	abcabbc
390	AabC
394	aBCd
405	abc
438	abc
440	abc
445	xyzaaabcaababdacd
446	aaabc
469	abcd
470	abc
475	abc
477	abc
480	abcdef
482	abcdefghijk
483	abcdefghijkl
484	abc
486	abc
487	abcc
488	abcbc
493	abcdef
498	abcd
500	abcd
502	abcd
507	abcd
509	abcd
513	abcd
515	abcd
517	abcd
518	abcd
519	abcbd
520	abcbcd
521	abcd
522	abcbd
524	abcd
select * from t1 where name regexp '[abc]'"b"'[abc]';
id	name
138	abc
139	abc
142	abc
203	abc
272	abc
273	abc
311	abcac
313	abcac
315	abbcac
317	acabc
319	acabc
321	abcabbc
323	abcabbc
390	AabC
394	aBCd
405	abc
407	abbd
409	aaaaabaaaabaaaabaaaab
411	aaaaabaaaabaaaabaaaab
413	aaaaabaaaabaaaabaaaabweeknights
438	abc
439	aba
440	abc
445	xyzaaabcaababdacd
446	aaabc
469	abcd
470	abc
472	abbd
475	abc
477	abc
478	abbbc
480	abcdef
482	abcdefghijk
483	abcdefghijkl
484	abc
486	abc
487	abcc
488	abcbc
489	abb
490	abb
491	abbb
492	abbb
493	abcdef
498	abcd
500	abcd
502	abcd
507	abcd
509	abcd
513	abcd
515	abcd
517	abcd
518	abcd
519	abcbd
520	abcbcd
521	abcd
522	abcbd
524	abcd
select * from t1 where name regexp 'a'"(b?c)"'+'"d";
id	name
394	aBCd
442	accd
445	xyzaaabcaababdacd
469	abcd
473	acd
480	abcdef
482	abcdefghijk
483	abcdefghijkl
493	abcdef
498	abcd
500	abcd
502	abcd
507	abcd
509	abcd
511	acd
513	abcd
515	abcd
517	abcd
518	abcd
520	abcbcd
521	abcd
524	abcd
select * from t1 where name regexp '(wee|week)'"(knights"'|'"night)";
id	name
413	aaaaabaaaabaaaabaaaabweeknights
443	weeknights
444	weeknights
select * from t1 where name regexp 'a'"[ab]"'c';
id	name
138	abc
139	abc
142	abc
203	abc
272	abc
273	abc
311	abcac
313	abcac
317	acabc
319	acabc
321	abcabbc
323	abcabbc
390	AabC
394	aBCd
405	abc
438	abc
440	abc
445	xyzaaabcaababdacd
446	aaabc
469	abcd
470	abc
475	abc
477	abc
480	abcdef
482	abcdefghijk
483	abcdefghijkl
484	abc
486	abc
487	abcc
488	abcbc
493	abcdef
498	abcd
500	abcd
502	abcd
507	abcd
509	abcd
513	abcd
515	abcd
517	abcd
518	abcd
519	abcbd
520	abcbcd
521	abcd
522	abcbd
524	abcd
select * from t1 where name regexp '(a|ab)'"(bc([de]+)"'f|cde)';
id	name
480	abcdef
482	abcdefghijk
483	abcdefghijkl
493	abcdef
select * from t1 where name regexp 'a(bbb'"+"'|bb'"+"'|b'")b";
id	name
315	abbcac
321	abcabbc
323	abcabbc
407	abbd
472	abbd
478	abbbc
489	abb
490	abb
491	abbb
492	abbb
select * from t1 where name regexp 'a'"("'b'"|"'c'")"'{'"1"','"}"'d';
id	name
394	aBCd
406	abd
407	abbd
441	abd
442	accd
445	xyzaaabcaababdacd
469	abcd
471	abd
472	abbd
473	acd
480	abcdef
482	abcdefghijk
483	abcdefghijkl
493	abcdef
498	abcd
499	abd
500	abcd
502	abcd
505	abd
507	abcd
509	abcd
510	abd
511	acd
512	abd
513	abcd
514	abd
515	abcd
516	acbd
517	abcd
518	abcd
519	abcbd
520	abcbcd
521	abcd
522	abcbd
523	abd
524	abcd
drop table if exists t1;
create table t1 (a varchar(50) primary key)  ;
insert into t1 values('abcdef');
insert into t1 values('_bcdef');
insert into t1 values('a_cdef');
insert into t1 values('ab_def');
insert into t1 values('abc_ef');
insert into t1 values('abcd_f');
insert into t1 values('abcde_');
select a as c1u from t1 where a rlike 'ab\_def';
c1u
ab_def
drop table t1;
drop table if exists t;
create table t (c1 char(20));
insert into t values ('');
select c1 regexp 'ddd' from t;
c1 regexp 'ddd'
0
drop table if exists t1;
create table t1(c1 blob);
insert into t1 values('UNPRESS123');
insert into t1 values('UNPRESS456');
select * from t1 where c1 regexp '^U';
c1
UNPRESS123
UNPRESS456
set names gbk;
select 'a' collate gbk_bin regexp 'A';
'a' collate gbk_bin regexp 'A'
0
select 'a' collate gbk_chinese_ci regexp 'A';
'a' collate gbk_chinese_ci regexp 'A'
1
select 'a' regexp 'A' collate gbk_chinese_ci;
'a' regexp 'A' collate gbk_chinese_ci
1
select 'a' regexp 'A' collate gbk_bin;
'a' regexp 'A' collate gbk_bin
0
select 'a' collate gbk_bin regexp 'A' collate gbk_bin;
'a' collate gbk_bin regexp 'A' collate gbk_bin
0
select 'a' collate gbk_chinese_ci regexp 'A' collate gbk_chinese_ci;
'a' collate gbk_chinese_ci regexp 'A' collate gbk_chinese_ci
1
select 'a' collate gbk_bin regexp 'A' collate gbk_chinese_ci;
ERROR HY000: Illegal mix of collations
select 'a' collate gbk_chinese_ci regexp 'A' collate gbk_bin;
ERROR HY000: Illegal mix of collations
set names latin1;
select 'a' collate latin1_bin regexp 'A';
'a' collate latin1_bin regexp 'A'
0
select 'a' collate latin1_swedish_ci regexp 'A';
'a' collate latin1_swedish_ci regexp 'A'
1
select 'a' regexp 'A' collate latin1_swedish_ci;
'a' regexp 'A' collate latin1_swedish_ci
1
select 'a' regexp 'A' collate latin1_bin;
'a' regexp 'A' collate latin1_bin
0
select 'a' collate latin1_bin regexp 'A' collate latin1_bin;
'a' collate latin1_bin regexp 'A' collate latin1_bin
0
select 'a' collate latin1_swedish_ci regexp 'A' collate latin1_swedish_ci;
'a' collate latin1_swedish_ci regexp 'A' collate latin1_swedish_ci
1
select 'a' collate latin1_bin regexp 'A' collate latin1_swedish_ci;
ERROR HY000: Illegal mix of collations
select 'a' collate latin1_swedish_ci regexp 'A' collate latin1_bin;
ERROR HY000: Illegal mix of collations
drop database ly;
create database ly character set GB18030;
use ly;
DROP TABLE IF EXISTS `table10_bigint`;
Warnings:
Note	1051	Unknown table 'ly.table10_bigint'
CREATE TABLE `table10_bigint` (
`col_smallint_signed` smallint(6) DEFAULT NULL,
`col_decimal_20_0_signed` decimal(20,0) DEFAULT NULL,
`col_tinyint_unsigned` tinyint(3) unsigned DEFAULT NULL,
`col_mediumint_signed` mediumint(9) DEFAULT NULL,
`col_decimal_30_5_signed` decimal(30,5) DEFAULT NULL,
`col_int` int(11) DEFAULT NULL,
`col_smallint_unsigned` smallint(5) unsigned DEFAULT NULL,
`col_decimal_30_5` decimal(30,5) DEFAULT NULL,
`col_tinyint_signed` tinyint(4) DEFAULT NULL,
`col_decimal_20_0` decimal(20,0) DEFAULT NULL,
`pk` bigint(20) NOT NULL,
`col_int_unsigned` int(10) unsigned DEFAULT NULL,
`col_datetime` datetime DEFAULT NULL,
`col_mediumint_unsigned` mediumint(8) unsigned DEFAULT NULL,
`col_bigint_signed` bigint(20) DEFAULT NULL,
`col_integer_unsigned` int(10) unsigned DEFAULT NULL,
`col_char_30` char(30) DEFAULT NULL,
`col_integer` int(11) DEFAULT NULL,
`col_bigint_unsigned` bigint(20) unsigned DEFAULT NULL,
`col_int_signed` int(11) DEFAULT NULL,
`col_timestamp` timestamp NULL DEFAULT NULL,
`col_tinyint` tinyint(4) DEFAULT NULL,
`col_char_20` char(20) DEFAULT NULL,
`col_decimal_20_0_unsigned` decimal(20,0) unsigned DEFAULT NULL,
`col_smallint` smallint(6) DEFAULT NULL,
`col_decimal_30_5_unsigned` decimal(30,5) unsigned DEFAULT NULL,
`col_date` date DEFAULT NULL,
`col_integer_signed` int(11) DEFAULT NULL,
`col_mediumint` mediumint(9) DEFAULT NULL,
`col_bigint` bigint(20) DEFAULT NULL,
PRIMARY KEY (`pk`)
) DEFAULT CHARSET = gb18030 ROW_FORMAT = DYNAMIC ;
INSERT INTO `table10_bigint` VALUES (9,3,NULL,7,6.00000,NULL,NULL,NULL,NULL,8,1,4,'2007-12-25 08:02:41',2,8,NULL,'kqpbiirnugot',NULL,NULL,0,'2006-02-12 16:48:16',NULL,'get',NULL,NULL,NULL,'2006-10-20',NULL,5,3),(NULL,NULL,NULL,NULL,7.00000,7,9,NULL,9,2,2,NULL,'2000-08-08 04:39:35',7,NULL,NULL,'',5,NULL,NULL,'2003-10-07 10:09:45',1,'r',5,NULL,NULL,'2002-10-27',NULL,7,NULL),(NULL,6,NULL,NULL,1.00000,NULL,NULL,8.00000,4,8,3,NULL,'2004-08-13 10:53:30',5,8,6,'d',NULL,NULL,9,'2007-07-26 10:08:34',NULL,NULL,9,NULL,NULL,'2003-05-10',NULL,NULL,NULL),(3,2,NULL,NULL,1.00000,6,5,5.00000,NULL,NULL,4,NULL,'2000-06-15 20:10:58',NULL,NULL,0,'come',3,9,3,'2005-02-03 16:00:00',NULL,'',NULL,3,0.00000,'2001-07-11',NULL,NULL,3),(6,NULL,NULL,9,NULL,NULL,8,4.00000,8,NULL,5,NULL,'2000-11-19 22:25:40',NULL,1,6,'j',7,8,5,'2005-03-27 15:01:52',8,'w',NULL,5,NULL,'2003-02-27',6,NULL,NULL),(NULL,5,4,1,3.00000,NULL,NULL,NULL,2,6,6,NULL,'2009-03-12 00:00:00',8,NULL,4,'',6,3,NULL,'2002-05-23 11:10:50',NULL,'now',2,4,NULL,'2004-04-03',NULL,5,6),(7,NULL,4,NULL,1.00000,NULL,NULL,NULL,5,NULL,7,NULL,'2006-09-25 12:07:13',7,NULL,NULL,'z',7,NULL,9,'2001-01-07 16:00:00',0,'want',5,0,3.00000,'2009-07-12',NULL,NULL,3),(NULL,NULL,8,7,NULL,NULL,NULL,8.00000,NULL,1,8,0,'2001-10-23 00:00:00',1,6,NULL,'',NULL,8,7,'2008-02-20 03:04:52',2,'b',NULL,9,NULL,'2008-01-22',4,7,6),(NULL,9,NULL,8,7.00000,0,8,5.00000,3,8,9,7,'2002-07-27 22:52:55',4,NULL,NULL,'yes',NULL,3,NULL,'2008-02-24 08:16:18',9,'',NULL,0,NULL,'2003-11-02',6,9,NULL),(2,NULL,7,NULL,2.00000,1,NULL,2.00000,6,6,10,NULL,'2007-06-02 02:12:10',NULL,NULL,NULL,'',NULL,NULL,1,'2009-12-16 00:47:00',2,'I',NULL,3,1.00000,'2008-02-26',NULL,8,5);
set names GB18030;
SELECT TRIM( SUBSTRING( SUBSTRING( '                       % ' , 1, LEAST( 228, 20 ) ) , 1 , LEAST( 228, 20 ) ) ) NOT REGEXP CONCAT( 'tu', '%' ) FROM table10_bigint WHERE col_int NOT IN ( 5387431054241955840 , 13633803446934044672 , 65066 , 45808 , 6755399441055744000 ) ORDER BY col_char_20 DESC , pk ASC LIMIT 6 OFFSET 1;
TRIM( SUBSTRING( SUBSTRING( '                       % ' , 1, LEAST( 228, 20 ) ) , 1 , LEAST( 228, 20 ) ) ) NOT REGEXP CONCAT( 'tu', '%' )
1
1
1
select cast('NAMEXX' as BINARY) regexp BINARY '^[A-Z]+$', cast('NAME66' as BINARY) regexp BINARY '^[A-Z]+$';
cast('NAMEXX' as BINARY) regexp BINARY '^[A-Z]+$'	cast('NAME66' as BINARY) regexp BINARY '^[A-Z]+$'
1	0
drop database ly;
