result_format: 4
drop database if exists cte_st;
create database cte_st;
use cte_st;

create table t1(c1 int, c2 int, c3 int);
insert into t1 values(1, 2, 3);
insert into t1 values(4, 5, 6);
insert into t1 values(7, 8, 9);
insert into t1 values(10, 11, 12);
insert into t1 values(13, 14, 15);
insert into t1 values(16, 17, 18);
insert into t1 values(19, 20, 21);

create table t2(c21 int, c22 int, c23 int);
insert into t2 values(1, 2, 3);
insert into t2 values(4, 5, 6);
insert into t2 values(7, 8, 9);
insert into t2 values(10, 11, 12);
insert into t2 values(13, 14, 15);
insert into t2 values(16, 17, 18);
insert into t2 values(19, 20, 21);

create table t3(c1 int primary key, c2 int) partition by hash(c1) partitions 2;
insert into t3 values(1, 2);
insert into t3 values(4, 5);
insert into t3 values(7, 8);
insert into t3 values(10, 11);
insert into t3 values(13, 14);
insert into t3 values(16, 17);

create table t4(c1 int primary key, c2 int);
CREATE INDEX i1 ON t4(c2);
insert into t4 values(11, 2);
insert into t4 values(14, 5);
insert into t4 values(17, 8);
insert into t4 values(110, 11);
insert into t4 values(113, 14);
insert into t4 values(116, 17);

create table t5(c1 int primary key, c2 int, c3 int) partition by hash(c1) partitions 6;
insert into t5 values(1, 2, 3);
insert into t5 values(4, 5, 6);
insert into t5 values(7, 8, 9);
insert into t5 values(10, 11, 12);
insert into t5 values(13, 14, 15);
insert into t5 values(16, 17, 18);

create table emp (id int, name varchar(20), leaderid int);
insert into emp values(1, 'A', '0');
insert into emp values(2, 'AA', '1');
insert into emp values(3, 'AB', '1');
insert into emp values(4, 'ABA', '3');
insert into emp values(5, 'AAA', '2');
insert into emp values(6, 'ABB', '3');
insert into emp values(7, 'AAA', '5');
insert into emp values(8, 'AAA', '7');
insert into emp values(9, 'AAAA', '5');
insert into emp values(10, 'AAAB', '5');
insert into emp values(11, 'AAAC', '5');
insert into emp values(12, 'AAAA', '5');

##############################
##   section one cte定义
##   PART 1 定义表名的限制
##   PART 2 单个的定义
##   PART 3 多个定义
##   PART 4 subquery的变化
##   section two cte的使用
##   PART 1 cte出现在normal型查询语句中
##   PART 2 cte出现在set型查询语句中
##   PART 3 主查询中含有inline cte
##   PART 4 歧义语法
##   PART 5 出现方式
##   PART 6 定义列的使用
##   section three cte能够出现的句式
##   PART 1 select for update
##   PART 2 insert into
##   PART 3 update select
##   PART 4 select when
##   PART 5 delete from
##############################
##############################
##   section one
##   PART 1 定义表名的限制
##############################
##   PART 1.1 表名，列名不能是保留关键字，可以是分保留关键字
WITH explain as (select 1 from dual) select * from explain;
ERROR 42000: You have an error in your SQL syntax; check the manual that corresponds to your OceanBase version for the right syntax to use near 'explain as (select 1 from dual) select * from explain' at line 1

WITH cte(explain) as (select 1 from dual) select * from cte;
ERROR 42000: You have an error in your SQL syntax; check the manual that corresponds to your OceanBase version for the right syntax to use near 'explain) as (select 1 from dual) select * from cte' at line 1

with cte(name) as (select 1 from dual) select * from cte;
+------+
| name |
+------+
|    1 |
+------+

##   PART 1.2 允许与已有的表重名
explain basic WITH t4 as (select 1 from dual) select * from t4;
Query Plan
====================
|ID|OPERATOR  |NAME|
--------------------
|0 |EXPRESSION|    |
====================
Outputs & filters:
-------------------------------------
  0 - output([1]), filter(nil)
      values({1})
WITH t4 as (select 1 from dual) select * from t4;
+---+
| 1 |
+---+
| 1 |
+---+

##############################
##   PART 2 单个的定义
##############################
##   PART 2.1 定义列名重复
with cte(a,a) as (select 1,1 from dual) select * from cte;
ERROR 42S21: Duplicate column name 'a'

##   PART 2.2.1 定义列数量与查询产生列一致或不一致
explain basic with cte(a,b) as (select 1,1 from dual) select * from cte;
Query Plan
====================
|ID|OPERATOR  |NAME|
--------------------
|0 |EXPRESSION|    |
====================
Outputs & filters:
-------------------------------------
  0 - output([1], [1]), filter(nil)
      values({1, 1})
with cte(a,b) as (select 1,1 from dual) select * from cte;
+---+---+
| a | b |
+---+---+
| 1 | 1 |
+---+---+

with cte(a,b) as (select 1 from dual) select * from cte;
ERROR HY000: View's SELECT and view's field list have different column counts

with cte(a,b,c) as (select 1, 2, 3, 4 from dual) select * from cte;
ERROR HY000: View's SELECT and view's field list have different column counts

##   PART 2.2.2 不使用定义列使用原来的列
with cte(a,b) as (select c1,c2 from t1) select c1 from cte;
ERROR 42S22: Unknown column 'c1' in 'field list'

##############################
##   PART 3 多个的定义
##############################
##   PART 3.1 前面的定义引用后面的，后面的引用前面的
WITH 
  cte1 (a, b) AS (SELECT c, d FROM cte2), 
  cte2 (c, d) AS (SELECT c21, c22 FROM t2)
SELECT b, d FROM cte1 JOIN cte2
on cte1.a = cte2.c;
ERROR 42S02: Table 'cte_st.cte2' doesn't exist

explain basic with
  cte1 AS (select c1 from t1),
  cte2 AS (select c1 from cte1)
select * from cte1;
Query Plan
=========================
|ID|OPERATOR       |NAME|
-------------------------
|0 |TABLE FULL SCAN|t1  |
=========================
Outputs & filters:
-------------------------------------
  0 - output([t1.c1]), filter(nil), rowset=16
      access([t1.c1]), partitions(p0)
      is_index_back=false, is_global_index=false, 
      range_key([t1.__pk_increment]), range(MIN ; MAX)always true

with
  cte1 AS (select c1 from t1),
  cte2 AS (select c1 from cte1)
select * from cte1;
+------+
| c1   |
+------+
|    1 |
|    4 |
|    7 |
|   10 |
|   13 |
|   16 |
|   19 |
+------+

##   PART 3.2.1 直接嵌套定义，MySQL支持这样的直接嵌套
with
  cte1 AS (  
           with cte2 AS (select c1 from t1)
           select c1 from cte2
          )
select c1 from cte1;
+------+
| c1   |
+------+
|    1 |
|    4 |
|    7 |
|   10 |
|   13 |
|   16 |
|   19 |
+------+

with 
  cte1 (cte1col) AS ( 
                    with cte2 (cte2col) AS (select c1 from t1)
                    select cte2col from cte2
                    )
select cte1col from cte1;
+---------+
| cte1col |
+---------+
|       1 |
|       4 |
|       7 |
|      10 |
|      13 |
|      16 |
|      19 |
+---------+

with 
  cte1 (cte1col) AS ( 
                    with cte2 (cte2col1, cte2col2) AS (select c1, c2 from t1)
                    select cte2col2 from cte2
                    )
select cte1col from cte1;
+---------+
| cte1col |
+---------+
|       2 |
|       5 |
|       8 |
|      11 |
|      14 |
|      17 |
|      20 |
+---------+

##   PART 3.2.2 在子查询中进行嵌套
with cte(a) as (select * from (with cteb(a) as (select 1 from dual) select * from cteb) bac) select * from cte;
+---+
| a |
+---+
| 1 |
+---+

##############################
##   PART 4 subquery的变化
##############################
##   PART 4.1.0 subquery的变化
##   带有聚合
explain basic with cte as (select count(*) from t1) select * from cte;
Query Plan
===========================
|ID|OPERATOR         |NAME|
---------------------------
|0 |SCALAR GROUP BY  |    |
|1 |└─TABLE FULL SCAN|t1  |
===========================
Outputs & filters:
-------------------------------------
  0 - output([T_FUN_COUNT_SUM(T_FUN_COUNT(*))]), filter(nil), rowset=16
      group(nil), agg_func([T_FUN_COUNT_SUM(T_FUN_COUNT(*))])
  1 - output([T_FUN_COUNT(*)]), filter(nil), rowset=16
      access(nil), partitions(p0)
      is_index_back=false, is_global_index=false, 
      range_key([t1.__pk_increment]), range(MIN ; MAX)always true

with cte as (select count(*) from t1) select * from cte;
+----------+
| count(*) |
+----------+
|        7 |
+----------+

##   带有where
explain basic with 
  cte1 AS ( select c1 as col1 from t1 where c1 > 1)
select col1 from cte1;
Query Plan
=========================
|ID|OPERATOR       |NAME|
-------------------------
|0 |TABLE FULL SCAN|t1  |
=========================
Outputs & filters:
-------------------------------------
  0 - output([t1.c1]), filter([t1.c1 > 1]), rowset=16
      access([t1.c1]), partitions(p0)
      is_index_back=false, is_global_index=false, filter_before_indexback[false], 
      range_key([t1.__pk_increment]), range(MIN ; MAX)always true

with 
  cte1 AS ( select c1 as col1 from t1 where c1 > 1)
select col1 from cte1;
+------+
| col1 |
+------+
|    4 |
|    7 |
|   10 |
|   13 |
|   16 |
|   19 |
+------+

explain basic with 
  cte1 AS ( select * from t1 where c1+'1'<=3)
select c1 from cte1;
Query Plan
=========================
|ID|OPERATOR       |NAME|
-------------------------
|0 |TABLE FULL SCAN|t1  |
=========================
Outputs & filters:
-------------------------------------
  0 - output([t1.c1]), filter([cast(t1.c1, DOUBLE(-1, -1)) + cast('1', DOUBLE(-1, -1)) <= cast(3, DOUBLE(-1, -1))]), rowset=16
      access([t1.c1]), partitions(p0)
      is_index_back=false, is_global_index=false, filter_before_indexback[false], 
      range_key([t1.__pk_increment]), range(MIN ; MAX)always true

with 
  cte1 AS ( select * from t1 where c1+'1'<=3)
select c1 from cte1;
+------+
| c1   |
+------+
|    1 |
+------+

##   带有group
explain basic with
  cte1 AS ( select 1 as c1, 2 as c2 from t1 group by c1)
select c1 from cte1;
Query Plan
===========================
|ID|OPERATOR         |NAME|
---------------------------
|0 |HASH GROUP BY    |    |
|1 |└─TABLE FULL SCAN|t1  |
===========================
Outputs & filters:
-------------------------------------
  0 - output([1]), filter(nil), rowset=16
      group([t1.c1]), agg_func(nil)
  1 - output([t1.c1]), filter(nil), rowset=16
      access([t1.c1]), partitions(p0)
      is_index_back=false, is_global_index=false, 
      range_key([t1.__pk_increment]), range(MIN ; MAX)always true
Warnings:
Warning	1052	Column 'c1' in group statement is ambiguous
with 
  cte1 AS ( select 1 as c1, 2 as c2 from t1 group by c1)
select c1 from cte1;
+----+
| c1 |
+----+
|  1 |
|  1 |
|  1 |
|  1 |
|  1 |
|  1 |
|  1 |
+----+
Warnings:
Warning	1052	Column 'c1' in group statement is ambiguous

##   带有having
explain basic with 
  cte1 AS ( select c1, c2 from t1 where t1.c1 > 2)
select c1 from cte1;
Query Plan
=========================
|ID|OPERATOR       |NAME|
-------------------------
|0 |TABLE FULL SCAN|t1  |
=========================
Outputs & filters:
-------------------------------------
  0 - output([t1.c1]), filter([t1.c1 > 2]), rowset=16
      access([t1.c1]), partitions(p0)
      is_index_back=false, is_global_index=false, filter_before_indexback[false], 
      range_key([t1.__pk_increment]), range(MIN ; MAX)always true
with 
  cte1 AS ( select c1, c2 from t1 where t1.c1 > 2)
select c1 from cte1;
+------+
| c1   |
+------+
|    4 |
|    7 |
|   10 |
|   13 |
|   16 |
|   19 |
+------+

##   带有order
explain basic with 
  cte1 AS ( select c1, c2 + 1 as c3 from t1 order by c2)
select c1 from cte1;
Query Plan
===========================
|ID|OPERATOR         |NAME|
---------------------------
|0 |SORT             |    |
|1 |└─TABLE FULL SCAN|t1  |
===========================
Outputs & filters:
-------------------------------------
  0 - output([t1.c1]), filter(nil), rowset=16
      sort_keys([t1.c2, ASC])
  1 - output([t1.c1], [t1.c2]), filter(nil), rowset=16
      access([t1.c1], [t1.c2]), partitions(p0)
      is_index_back=false, is_global_index=false, 
      range_key([t1.__pk_increment]), range(MIN ; MAX)always true
with 
  cte1 AS ( select c1, c2 + 1 as c3 from t1 order by c2)
select c1 from cte1;
+------+
| c1   |
+------+
|    1 |
|    4 |
|    7 |
|   10 |
|   13 |
|   16 |
|   19 |
+------+

explain basic with 
  cte2 AS (select * from t1 left join t2 on t1.c1=t2.c21 order by t1.c1)
select c1 from cte2;
Query Plan
=============================
|ID|OPERATOR           |NAME|
-----------------------------
|0 |SORT               |    |
|1 |└─HASH OUTER JOIN  |    |
|2 |  ├─TABLE FULL SCAN|t1  |
|3 |  └─TABLE FULL SCAN|t2  |
=============================
Outputs & filters:
-------------------------------------
  0 - output([t1.c1]), filter(nil), rowset=16
      sort_keys([t1.c1, ASC])
  1 - output([t1.c1]), filter(nil), rowset=16
      equal_conds([t1.c1 = t2.c21]), other_conds(nil)
  2 - output([t1.c1]), filter(nil), rowset=16
      access([t1.c1]), partitions(p0)
      is_index_back=false, is_global_index=false, 
      range_key([t1.__pk_increment]), range(MIN ; MAX)always true
  3 - output([t2.c21]), filter(nil), rowset=16
      access([t2.c21]), partitions(p0)
      is_index_back=false, is_global_index=false, 
      range_key([t2.__pk_increment]), range(MIN ; MAX)always true
with 
  cte2 AS (select * from t1 left join t2 on t1.c1=t2.c21 order by t1.c1)
select c1 from cte2;
+------+
| c1   |
+------+
|    1 |
|    4 |
|    7 |
|   10 |
|   13 |
|   16 |
|   19 |
+------+

##   PART 4.1.1 normal型＋hint
##   index
##   use_nl/use_merge/leading
##   hint在cte定义里面
explain basic with
  cte0 AS (select /*+ use_nl(t1 t2) */ * from t2, t1 where t1.c1 = t2.c21)
select * from cte0;
Query Plan
=============================
|ID|OPERATOR           |NAME|
-----------------------------
|0 |NESTED-LOOP JOIN   |    |
|1 |├─TABLE FULL SCAN  |t2  |
|2 |└─MATERIAL         |    |
|3 |  └─TABLE FULL SCAN|t1  |
=============================
Outputs & filters:
-------------------------------------
  0 - output([t2.c21], [t2.c22], [t2.c23], [t1.c1], [t1.c2], [t1.c3]), filter(nil), rowset=16
      conds([t1.c1 = t2.c21]), nl_params_(nil), use_batch=false
  1 - output([t2.c21], [t2.c22], [t2.c23]), filter(nil), rowset=16
      access([t2.c21], [t2.c22], [t2.c23]), partitions(p0)
      is_index_back=false, is_global_index=false, 
      range_key([t2.__pk_increment]), range(MIN ; MAX)always true
  2 - output([t1.c1], [t1.c2], [t1.c3]), filter(nil), rowset=16
  3 - output([t1.c1], [t1.c2], [t1.c3]), filter(nil), rowset=16
      access([t1.c1], [t1.c2], [t1.c3]), partitions(p0)
      is_index_back=false, is_global_index=false, 
      range_key([t1.__pk_increment]), range(MIN ; MAX)always true

with
  cte0 AS (select /*+ use_nl(t1 t2) */ * from t2, t1 where t1.c1 = t2.c21)
select * from cte0;
+------+------+------+------+------+------+
| c21  | c22  | c23  | c1   | c2   | c3   |
+------+------+------+------+------+------+
|    1 |    2 |    3 |    1 |    2 |    3 |
|    4 |    5 |    6 |    4 |    5 |    6 |
|    7 |    8 |    9 |    7 |    8 |    9 |
|   10 |   11 |   12 |   10 |   11 |   12 |
|   13 |   14 |   15 |   13 |   14 |   15 |
|   16 |   17 |   18 |   16 |   17 |   18 |
|   19 |   20 |   21 |   19 |   20 |   21 |
+------+------+------+------+------+------+

##   hint对cte定义表进行使用，对比与MySQL的一致
explain basic with cte0 AS (select * from t2) select /*+ leading(t2 cte0) use_nl(cte0)*/ * from cte0, t1 where cte0.c21 = t1.c1;
Query Plan
===========================
|ID|OPERATOR         |NAME|
---------------------------
|0 |HASH JOIN        |    |
|1 |├─TABLE FULL SCAN|t2  |
|2 |└─TABLE FULL SCAN|t1  |
===========================
Outputs & filters:
-------------------------------------
  0 - output([t2.c21], [t2.c22], [t2.c23], [t1.c1], [t1.c2], [t1.c3]), filter(nil), rowset=16
      equal_conds([t2.c21 = t1.c1]), other_conds(nil)
  1 - output([t2.c21], [t2.c22], [t2.c23]), filter(nil), rowset=16
      access([t2.c21], [t2.c22], [t2.c23]), partitions(p0)
      is_index_back=false, is_global_index=false, 
      range_key([t2.__pk_increment]), range(MIN ; MAX)always true
  2 - output([t1.c1], [t1.c2], [t1.c3]), filter(nil), rowset=16
      access([t1.c1], [t1.c2], [t1.c3]), partitions(p0)
      is_index_back=false, is_global_index=false, 
      range_key([t1.__pk_increment]), range(MIN ; MAX)always true

with cte0 AS (select * from t2) select /*+ leading(t2 cte0) use_nl(cte0)*/ * from cte0, t1 where cte0.c21 = t1.c1;
+------+------+------+------+------+------+
| c21  | c22  | c23  | c1   | c2   | c3   |
+------+------+------+------+------+------+
|    1 |    2 |    3 |    1 |    2 |    3 |
|    4 |    5 |    6 |    4 |    5 |    6 |
|    7 |    8 |    9 |    7 |    8 |    9 |
|   10 |   11 |   12 |   10 |   11 |   12 |
|   13 |   14 |   15 |   13 |   14 |   15 |
|   16 |   17 |   18 |   16 |   17 |   18 |
|   19 |   20 |   21 |   19 |   20 |   21 |
+------+------+------+------+------+------+

##   PART 4.1.2 里面是一个set operator
explain basic WITH cte AS
(
  SELECT 1 AS col1, 2 AS col2 from dual
  UNION ALL
  SELECT 3, 4 from dual
)
SELECT col1, col2 FROM cte;
Query Plan
======================
|ID|OPERATOR    |NAME|
----------------------
|0 |UNION ALL   |    |
|1 |├─EXPRESSION|    |
|2 |└─EXPRESSION|    |
======================
Outputs & filters:
-------------------------------------
  0 - output([UNION([1])], [UNION([2])]), filter(nil), rowset=16
  1 - output([1], [2]), filter(nil)
      values({1, 2})
  2 - output([3], [4]), filter(nil)
      values({3, 4})

WITH cte AS
(
  SELECT 1 AS col1, 2 AS col2 from dual
  UNION ALL
  SELECT 3, 4 from dual
)
SELECT col1, col2 FROM cte;
+------+------+
| col1 | col2 |
+------+------+
|    1 |    2 |
|    3 |    4 |
+------+------+

explain basic WITH cte AS
(
  select c1, c2 from t1
  UNION all
  select c21, c22 from t2
)
select c1, c2 from cte;
Query Plan
===========================
|ID|OPERATOR         |NAME|
---------------------------
|0 |UNION ALL        |    |
|1 |├─TABLE FULL SCAN|t1  |
|2 |└─TABLE FULL SCAN|t2  |
===========================
Outputs & filters:
-------------------------------------
  0 - output([UNION([1])], [UNION([2])]), filter(nil), rowset=16
  1 - output([t1.c1], [t1.c2]), filter(nil), rowset=16
      access([t1.c1], [t1.c2]), partitions(p0)
      is_index_back=false, is_global_index=false, 
      range_key([t1.__pk_increment]), range(MIN ; MAX)always true
  2 - output([t2.c21], [t2.c22]), filter(nil), rowset=16
      access([t2.c21], [t2.c22]), partitions(p0)
      is_index_back=false, is_global_index=false, 
      range_key([t2.__pk_increment]), range(MIN ; MAX)always true

WITH cte AS
(
  select c1, c2 from t1
  UNION all
  select c21, c22 from t2
)
select c1, c2 from cte;
+------+------+
| c1   | c2   |
+------+------+
|    1 |    2 |
|    4 |    5 |
|    7 |    8 |
|   10 |   11 |
|   13 |   14 |
|   16 |   17 |
|   19 |   20 |
|    1 |    2 |
|    4 |    5 |
|    7 |    8 |
|   10 |   11 |
|   13 |   14 |
|   16 |   17 |
|   19 |   20 |
+------+------+

##   PART 4.1.3 里面是一个where exist(semi join)，顺便测试在cte里面as一个列，在外面使用
explain basic WITH cte AS
(
  select 1 as col from t1 where c1 in (select c1 from t1 where exists( (select 1 from dual) union (select 1 from dual)))
)
select * from cte, t1 where t1.c1 = cte.col;
Query Plan
=====================================
|ID|OPERATOR                   |NAME|
-------------------------------------
|0 |NESTED-LOOP JOIN CARTESIAN |    |
|1 |├─TABLE FULL SCAN          |t1  |
|2 |└─MATERIAL                 |    |
|3 |  └─TABLE FULL SCAN        |t1  |
=====================================
Outputs & filters:
-------------------------------------
  0 - output([1], [t1.c1], [t1.c2], [t1.c3]), filter(nil), rowset=16
      conds(nil), nl_params_(nil), use_batch=false
  1 - output(nil), filter([t1.c1 IS NOT NULL]), rowset=16
      access([t1.c1]), partitions(p0)
      is_index_back=false, is_global_index=false, filter_before_indexback[false], 
      range_key([t1.__pk_increment]), range(MIN ; MAX)always true
  2 - output([t1.c1], [t1.c2], [t1.c3]), filter(nil), rowset=16
  3 - output([t1.c1], [t1.c2], [t1.c3]), filter([t1.c1 = 1]), rowset=16
      access([t1.c1], [t1.c2], [t1.c3]), partitions(p0)
      is_index_back=false, is_global_index=false, filter_before_indexback[false], 
      range_key([t1.__pk_increment]), range(MIN ; MAX)always true

WITH cte AS
(
  select 1 as col from t1 where c1 in (select c1 from t1 where exists( (select 1 from dual) union (select 1 from dual)))
)
select * from cte, t1 where t1.c1 = cte.col;
+-----+------+------+------+
| col | c1   | c2   | c3   |
+-----+------+------+------+
|   1 |    1 |    2 |    3 |
|   1 |    1 |    2 |    3 |
|   1 |    1 |    2 |    3 |
|   1 |    1 |    2 |    3 |
|   1 |    1 |    2 |    3 |
|   1 |    1 |    2 |    3 |
|   1 |    1 |    2 |    3 |
+-----+------+------+------+

##   PART 4.2 有针对某一个分区的操作
explain basic with cte0 as (select * from t3 partition(p0)) select cte0.c1 from cte0;
Query Plan
=========================
|ID|OPERATOR       |NAME|
-------------------------
|0 |TABLE FULL SCAN|t3  |
=========================
Outputs & filters:
-------------------------------------
  0 - output([t3.c1]), filter(nil), rowset=16
      access([t3.c1]), partitions(p0)
      is_index_back=false, is_global_index=false, 
      range_key([t3.c1]), range(MIN ; MAX)always true

with cte0 as (select * from t3 partition(p0)) select cte0.c1 from cte0;
+----+
| c1 |
+----+
|  4 |
| 10 |
| 16 |
+----+

explain basic with cte as (select * from t5 partition(p0)) select * from cte;
Query Plan
=========================
|ID|OPERATOR       |NAME|
-------------------------
|0 |TABLE FULL SCAN|t5  |
=========================
Outputs & filters:
-------------------------------------
  0 - output([t5.c1], [t5.c2], [t5.c3]), filter(nil), rowset=16
      access([t5.c1], [t5.c2], [t5.c3]), partitions(p0)
      is_index_back=false, is_global_index=false, 
      range_key([t5.c1]), range(MIN ; MAX)always true

with cte as (select * from t5 partition(p0)) select * from cte;
+----+------+------+
| c1 | c2   | c3   |
+----+------+------+
+----+------+------+

##############################
##   section two
##   PART 1 cte出现在normal型查询语句中
##############################
##   PART 1.1 最基本用法(单表)
##   不定义别名列列表的时候最简单的使用方法
explain basic WITH
  cte1 AS (select * from t1)
select c1, c2, c3 from cte1;
Query Plan
=========================
|ID|OPERATOR       |NAME|
-------------------------
|0 |TABLE FULL SCAN|t1  |
=========================
Outputs & filters:
-------------------------------------
  0 - output([t1.c1], [t1.c2], [t1.c3]), filter(nil), rowset=16
      access([t1.c1], [t1.c2], [t1.c3]), partitions(p0)
      is_index_back=false, is_global_index=false, 
      range_key([t1.__pk_increment]), range(MIN ; MAX)always true

WITH
  cte1 AS (select * from t1)
select c1, c2, c3 from cte1;
+------+------+------+
| c1   | c2   | c3   |
+------+------+------+
|    1 |    2 |    3 |
|    4 |    5 |    6 |
|    7 |    8 |    9 |
|   10 |   11 |   12 |
|   13 |   14 |   15 |
|   16 |   17 |   18 |
|   19 |   20 |   21 |
+------+------+------+

##   subquery里面取了别名列，看看主句中能否继续使用
explain basic with
  cte1 AS ( select c1 + 1 as col1 from t1)
select col1 from cte1;
Query Plan
=========================
|ID|OPERATOR       |NAME|
-------------------------
|0 |TABLE FULL SCAN|t1  |
=========================
Outputs & filters:
-------------------------------------
  0 - output([t1.c1 + 1]), filter(nil), rowset=16
      access([t1.c1]), partitions(p0)
      is_index_back=false, is_global_index=false, 
      range_key([t1.__pk_increment]), range(MIN ; MAX)always true
with 
  cte1 AS ( select c1 + 1 as col1 from t1)
select col1 from cte1;
+------+
| col1 |
+------+
|    2 |
|    5 |
|    8 |
|   11 |
|   14 |
|   17 |
|   20 |
+------+

explain basic with
  cte1 AS ( select c1 + 1 as col1 from t1)
select * from cte1;
Query Plan
=========================
|ID|OPERATOR       |NAME|
-------------------------
|0 |TABLE FULL SCAN|t1  |
=========================
Outputs & filters:
-------------------------------------
  0 - output([t1.c1 + 1]), filter(nil), rowset=16
      access([t1.c1]), partitions(p0)
      is_index_back=false, is_global_index=false, 
      range_key([t1.__pk_increment]), range(MIN ; MAX)always true
with
  cte1 AS ( select c1 + 1 as col1 from t1)
select * from cte1;
+------+
| col1 |
+------+
|    2 |
|    5 |
|    8 |
|   11 |
|   14 |
|   17 |
|   20 |
+------+

explain basic with
  cte1 AS ( select c1 + 1 as col1 from t1)
select col1+3 from cte1;
Query Plan
=========================
|ID|OPERATOR       |NAME|
-------------------------
|0 |TABLE FULL SCAN|t1  |
=========================
Outputs & filters:
-------------------------------------
  0 - output([t1.c1 + 1 + 3]), filter(nil), rowset=16
      access([t1.c1]), partitions(p0)
      is_index_back=false, is_global_index=false, 
      range_key([t1.__pk_increment]), range(MIN ; MAX)always true
with
  cte1 AS ( select c1 + 1 as col1 from t1)
select col1+3 from cte1;
+--------+
| col1+3 |
+--------+
|      5 |
|      8 |
|     11 |
|     14 |
|     17 |
|     20 |
|     23 |
+--------+

##   这种cte的列其实可能没法用了
explain basic with 
  cte AS (select 1 from t1)
select * from cte;
Query Plan
=========================
|ID|OPERATOR       |NAME|
-------------------------
|0 |TABLE FULL SCAN|t1  |
=========================
Outputs & filters:
-------------------------------------
  0 - output([1]), filter(nil), rowset=16
      access(nil), partitions(p0)
      is_index_back=false, is_global_index=false, 
      range_key([t1.__pk_increment]), range(MIN ; MAX)always true
with 
  cte AS (select 1 from t1)
select * from cte;
+---+
| 1 |
+---+
| 1 |
| 1 |
| 1 |
| 1 |
| 1 |
| 1 |
| 1 |
+---+

##   主句含有order
explain basic WITH cte2 AS (select c1 from t1)
select c1 from cte2 order by c1;
Query Plan
===========================
|ID|OPERATOR         |NAME|
---------------------------
|0 |SORT             |    |
|1 |└─TABLE FULL SCAN|t1  |
===========================
Outputs & filters:
-------------------------------------
  0 - output([t1.c1]), filter(nil), rowset=16
      sort_keys([t1.c1, ASC])
  1 - output([t1.c1]), filter(nil), rowset=16
      access([t1.c1]), partitions(p0)
      is_index_back=false, is_global_index=false, 
      range_key([t1.__pk_increment]), range(MIN ; MAX)always true
WITH cte2 AS (select c1 from t1)
select c1 from cte2 order by c1;
+------+
| c1   |
+------+
|    1 |
|    4 |
|    7 |
|   10 |
|   13 |
|   16 |
|   19 |
+------+

##   对主句中的cte取别名后看看能否继续使用
explain basic WITH cte2 AS (select c1 from t1)
select z1.c1 from cte2 z1, t2 where z1.c1 in (1,4,7,11) and z1.c1 = t2.c21;
Query Plan
===========================
|ID|OPERATOR         |NAME|
---------------------------
|0 |HASH JOIN        |    |
|1 |├─TABLE FULL SCAN|t2  |
|2 |└─TABLE FULL SCAN|t1  |
===========================
Outputs & filters:
-------------------------------------
  0 - output([t1.c1]), filter(nil), rowset=16
      equal_conds([t1.c1 = t2.c21]), other_conds(nil)
  1 - output([t2.c21]), filter([t2.c21 IN (1, 4, 7, 11)]), rowset=16
      access([t2.c21]), partitions(p0)
      is_index_back=false, is_global_index=false, filter_before_indexback[false], 
      range_key([t2.__pk_increment]), range(MIN ; MAX)always true
  2 - output([t1.c1]), filter([t1.c1 IN (1, 4, 7, 11)]), rowset=16
      access([t1.c1]), partitions(p0)
      is_index_back=false, is_global_index=false, filter_before_indexback[false], 
      range_key([t1.__pk_increment]), range(MIN ; MAX)always true
WITH cte2 AS (select c1 from t1)
select z1.c1 from cte2 z1, t2 where z1.c1 in (1,4,7,11) and z1.c1 = t2.c21;
+------+
| c1   |
+------+
|    1 |
|    4 |
|    7 |
+------+

##   重命名的列出现在where条件中
explain basic WITH
  cte1 AS (SELECT c1 as abc, c2 FROM t1)
select abc from cte1, t2 where abc in (1,4,7) and cte1.abc = t2.c21;
Query Plan
===========================
|ID|OPERATOR         |NAME|
---------------------------
|0 |HASH JOIN        |    |
|1 |├─TABLE FULL SCAN|t2  |
|2 |└─TABLE FULL SCAN|t1  |
===========================
Outputs & filters:
-------------------------------------
  0 - output([t1.c1]), filter(nil), rowset=16
      equal_conds([t1.c1 = t2.c21]), other_conds(nil)
  1 - output([t2.c21]), filter([t2.c21 IN (1, 4, 7)]), rowset=16
      access([t2.c21]), partitions(p0)
      is_index_back=false, is_global_index=false, filter_before_indexback[false], 
      range_key([t2.__pk_increment]), range(MIN ; MAX)always true
  2 - output([t1.c1]), filter([t1.c1 IN (1, 4, 7)]), rowset=16
      access([t1.c1]), partitions(p0)
      is_index_back=false, is_global_index=false, filter_before_indexback[false], 
      range_key([t1.__pk_increment]), range(MIN ; MAX)always true
WITH
  cte1 AS (SELECT c1 as abc, c2 FROM t1)
select abc from cte1, t2 where abc in (1,4,7) and cte1.abc = t2.c21;
+------+
| abc  |
+------+
|    1 |
|    4 |
|    7 |
+------+

##   重命名的列出现在order+where中
explain basic WITH
  cte1 (name1, name2) AS (select c1, c2 from t1)
select name1 from cte1 where name1 in (1,4,11) order by name2;
Query Plan
===========================
|ID|OPERATOR         |NAME|
---------------------------
|0 |SORT             |    |
|1 |└─TABLE FULL SCAN|t1  |
===========================
Outputs & filters:
-------------------------------------
  0 - output([t1.c1]), filter(nil), rowset=16
      sort_keys([t1.c2, ASC])
  1 - output([t1.c1], [t1.c2]), filter([t1.c1 IN (1, 4, 11)]), rowset=16
      access([t1.c1], [t1.c2]), partitions(p0)
      is_index_back=false, is_global_index=false, filter_before_indexback[false], 
      range_key([t1.__pk_increment]), range(MIN ; MAX)always true
WITH
  cte1 (name1, name2) AS (select c1, c2 from t1)
select name1 from cte1 where name1 in (1,4,11) order by name2;
+-------+
| name1 |
+-------+
|     1 |
|     4 |
+-------+

##   在field list中写了inline，里面使用了cte
explain basic with cte as (select * from t1) select (select count(*) from cte) from t2;
Query Plan
======================================
|ID|OPERATOR                   |NAME |
--------------------------------------
|0 |NESTED-LOOP JOIN CARTESIAN |     |
|1 |├─TABLE FULL SCAN          |t2   |
|2 |└─MATERIAL                 |     |
|3 |  └─SUBPLAN SCAN           |VIEW1|
|4 |    └─SCALAR GROUP BY      |     |
|5 |      └─TABLE FULL SCAN    |t1   |
======================================
Outputs & filters:
-------------------------------------
  0 - output([VIEW1.count(*)]), filter(nil), rowset=16
      conds(nil), nl_params_(nil), use_batch=false
  1 - output(nil), filter(nil), rowset=16
      access(nil), partitions(p0)
      is_index_back=false, is_global_index=false, 
      range_key([t2.__pk_increment]), range(MIN ; MAX)always true
  2 - output([VIEW1.count(*)]), filter(nil), rowset=16
  3 - output([VIEW1.count(*)]), filter(nil), rowset=16
      access([VIEW1.count(*)])
  4 - output([T_FUN_COUNT_SUM(T_FUN_COUNT(*))]), filter(nil), rowset=16
      group(nil), agg_func([T_FUN_COUNT_SUM(T_FUN_COUNT(*))])
  5 - output([T_FUN_COUNT(*)]), filter(nil), rowset=16
      access(nil), partitions(p0)
      is_index_back=false, is_global_index=false, 
      range_key([t1.__pk_increment]), range(MIN ; MAX)always true
with cte as (select * from t1) select (select count(*) from cte) from t2;
+----------------------------+
| (select count(*) from cte) |
+----------------------------+
|                          7 |
|                          7 |
|                          7 |
|                          7 |
|                          7 |
|                          7 |
|                          7 |
+----------------------------+

##   在cte在外面使用的时候先被取了别名再使用
explain basic with cte AS (select c1 from t1) 
select cte.c1 from cte z1, cte where z1.c1 = cte.c1;
Query Plan
===========================
|ID|OPERATOR         |NAME|
---------------------------
|0 |HASH JOIN        |    |
|1 |├─TABLE FULL SCAN|t1  |
|2 |└─TABLE FULL SCAN|t1  |
===========================
Outputs & filters:
-------------------------------------
  0 - output([t1.c1]), filter(nil), rowset=16
      equal_conds([t1.c1 = t1.c1]), other_conds(nil)
  1 - output([t1.c1]), filter(nil), rowset=16
      access([t1.c1]), partitions(p0)
      is_index_back=false, is_global_index=false, 
      range_key([t1.__pk_increment]), range(MIN ; MAX)always true
  2 - output([t1.c1]), filter(nil), rowset=16
      access([t1.c1]), partitions(p0)
      is_index_back=false, is_global_index=false, 
      range_key([t1.__pk_increment]), range(MIN ; MAX)always true
with cte AS (select c1 from t1) 
select cte.c1 from cte z1, cte where z1.c1 = cte.c1;
+------+
| c1   |
+------+
|    1 |
|    4 |
|    7 |
|   10 |
|   13 |
|   16 |
|   19 |
+------+

explain basic with cte AS (select c1 from t1) 
select /*+no_rewrite()*/ cte.c1 from cte z1, cte where z1.c1 = cte.c1;
Query Plan
=============================
|ID|OPERATOR           |NAME|
-----------------------------
|0 |HASH JOIN          |    |
|1 |├─SUBPLAN SCAN     |cte |
|2 |│ └─TABLE FULL SCAN|t1  |
|3 |└─SUBPLAN SCAN     |cte |
|4 |  └─TABLE FULL SCAN|t1  |
=============================
Outputs & filters:
-------------------------------------
  0 - output([cte.c1]), filter(nil), rowset=16
      equal_conds([z1.c1 = cte.c1]), other_conds(nil)
  1 - output([z1.c1]), filter(nil), rowset=16
      access([z1.c1])
  2 - output([t1.c1]), filter(nil), rowset=16
      access([t1.c1]), partitions(p0)
      is_index_back=false, is_global_index=false, 
      range_key([t1.__pk_increment]), range(MIN ; MAX)always true
  3 - output([cte.c1]), filter(nil), rowset=16
      access([cte.c1])
  4 - output([t1.c1]), filter(nil), rowset=16
      access([t1.c1]), partitions(p0)
      is_index_back=false, is_global_index=false, 
      range_key([t1.__pk_increment]), range(MIN ; MAX)always true
with cte AS (select c1 from t1) 
select /*+no_rewrite()*/ cte.c1 from cte z1, cte where z1.c1 = cte.c1;
+------+
| c1   |
+------+
|    1 |
|    4 |
|    7 |
|   10 |
|   13 |
|   16 |
|   19 |
+------+

##   join＋having not＋order by
explain basic with
  cte1 AS( select * from t1)
select * from cte1 left join t2 on cte1.c1=t2.c21 where t2.c21 != cte1.c1 order by cte1.c1;
Query Plan
=============================
|ID|OPERATOR           |NAME|
-----------------------------
|0 |SORT               |    |
|1 |└─HASH JOIN        |    |
|2 |  ├─TABLE FULL SCAN|t1  |
|3 |  └─TABLE FULL SCAN|t2  |
=============================
Outputs & filters:
-------------------------------------
  0 - output([t1.c1], [t1.c2], [t1.c3], [t2.c21], [t2.c22], [t2.c23]), filter(nil), rowset=16
      sort_keys([t1.c1, ASC])
  1 - output([t1.c1], [t1.c2], [t1.c3], [t2.c21], [t2.c22], [t2.c23]), filter(nil), rowset=16
      equal_conds([t1.c1 = t2.c21]), other_conds([t2.c21 != t1.c1])
  2 - output([t1.c1], [t1.c2], [t1.c3]), filter(nil), rowset=16
      access([t1.c1], [t1.c2], [t1.c3]), partitions(p0)
      is_index_back=false, is_global_index=false, 
      range_key([t1.__pk_increment]), range(MIN ; MAX)always true
  3 - output([t2.c21], [t2.c22], [t2.c23]), filter(nil), rowset=16
      access([t2.c21], [t2.c22], [t2.c23]), partitions(p0)
      is_index_back=false, is_global_index=false, 
      range_key([t2.__pk_increment]), range(MIN ; MAX)always true
with
  cte1 AS( select * from t1)
select * from cte1 left join t2 on cte1.c1=t2.c21 where t2.c21 != cte1.c1 order by cte1.c1;
+------+------+------+------+------+------+
| c1   | c2   | c3   | c21  | c22  | c23  |
+------+------+------+------+------+------+
+------+------+------+------+------+------+

##   对cte使用partition命令
explain basic WITH cte2 AS (select * from t3)
select * from cte2 partition(p0);
Query Plan
=======================================
|ID|OPERATOR                 |NAME    |
---------------------------------------
|0 |PX COORDINATOR           |        |
|1 |└─EXCHANGE OUT DISTR     |:EX10000|
|2 |  └─PX PARTITION ITERATOR|        |
|3 |    └─TABLE FULL SCAN    |t3      |
=======================================
Outputs & filters:
-------------------------------------
  0 - output([INTERNAL_FUNCTION(t3.c1, t3.c2)]), filter(nil), rowset=16
  1 - output([INTERNAL_FUNCTION(t3.c1, t3.c2)]), filter(nil), rowset=16
      dop=1
  2 - output([t3.c1], [t3.c2]), filter(nil), rowset=16
      force partition granule
  3 - output([t3.c1], [t3.c2]), filter(nil), rowset=16
      access([t3.c1], [t3.c2]), partitions(p[0-1])
      is_index_back=false, is_global_index=false, 
      range_key([t3.c1]), range(MIN ; MAX)always true
WITH cte2 AS (select * from t3)
select * from cte2 partition(p0);
+----+------+
| c1 | c2   |
+----+------+
|  4 |    5 |
| 10 |   11 |
| 16 |   17 |
|  1 |    2 |
|  7 |    8 |
| 13 |   14 |
+----+------+

##   PART 1.2 最基本用法(多表)
explain basic WITH 
  cte1 AS (SELECT c1, c2 FROM t1),
  cte2 AS (SELECT c21, c22 FROM t2) 
select c21 from cte2;
Query Plan
=========================
|ID|OPERATOR       |NAME|
-------------------------
|0 |TABLE FULL SCAN|t2  |
=========================
Outputs & filters:
-------------------------------------
  0 - output([t2.c21]), filter(nil), rowset=16
      access([t2.c21]), partitions(p0)
      is_index_back=false, is_global_index=false, 
      range_key([t2.__pk_increment]), range(MIN ; MAX)always true
WITH 
  cte1 AS (SELECT c1, c2 FROM t1),
  cte2 AS (SELECT c21, c22 FROM t2) 
select c21 from cte2;
+------+
| c21  |
+------+
|    1 |
|    4 |
|    7 |
|   10 |
|   13 |
|   16 |
|   19 |
+------+

explain basic WITH
  cte1 (c1)AS(select c1 from t1),
  cte2 AS (select * from t1)
select c1, c2, c3 from cte2;
Query Plan
=========================
|ID|OPERATOR       |NAME|
-------------------------
|0 |TABLE FULL SCAN|t1  |
=========================
Outputs & filters:
-------------------------------------
  0 - output([t1.c1], [t1.c2], [t1.c3]), filter(nil), rowset=16
      access([t1.c1], [t1.c2], [t1.c3]), partitions(p0)
      is_index_back=false, is_global_index=false, 
      range_key([t1.__pk_increment]), range(MIN ; MAX)always true
WITH
  cte1 (c1)AS(select c1 from t1),
  cte2 AS (select * from t1)
select c1, c2, c3 from cte2;
+------+------+------+
| c1   | c2   | c3   |
+------+------+------+
|    1 |    2 |    3 |
|    4 |    5 |    6 |
|    7 |    8 |    9 |
|   10 |   11 |   12 |
|   13 |   14 |   15 |
|   16 |   17 |   18 |
|   19 |   20 |   21 |
+------+------+------+

explain basic WITH 
  cte1 (a, b) AS (SELECT c1, c2 FROM t1), 
  cte2 (c, d) AS (SELECT c21, c22 FROM t2)
SELECT b, d FROM cte1 JOIN cte2
on cte1.a = cte2.c;
Query Plan
===========================
|ID|OPERATOR         |NAME|
---------------------------
|0 |HASH JOIN        |    |
|1 |├─TABLE FULL SCAN|t1  |
|2 |└─TABLE FULL SCAN|t2  |
===========================
Outputs & filters:
-------------------------------------
  0 - output([t1.c2], [t2.c22]), filter(nil), rowset=16
      equal_conds([t1.c1 = t2.c21]), other_conds(nil)
  1 - output([t1.c1], [t1.c2]), filter(nil), rowset=16
      access([t1.c1], [t1.c2]), partitions(p0)
      is_index_back=false, is_global_index=false, 
      range_key([t1.__pk_increment]), range(MIN ; MAX)always true
  2 - output([t2.c21], [t2.c22]), filter(nil), rowset=16
      access([t2.c21], [t2.c22]), partitions(p0)
      is_index_back=false, is_global_index=false, 
      range_key([t2.__pk_increment]), range(MIN ; MAX)always true
WITH 
  cte1 (a, b) AS (SELECT c1, c2 FROM t1), 
  cte2 (c, d) AS (SELECT c21, c22 FROM t2)
SELECT b, d FROM cte1 JOIN cte2
on cte1.a = cte2.c;
+------+------+
| b    | d    |
+------+------+
|    2 |    2 |
|    5 |    5 |
|    8 |    8 |
|   11 |   11 |
|   14 |   14 |
|   17 |   17 |
|   20 |   20 |
+------+------+

##   join+order
explain basic WITH
  cte1 (a, b) AS (SELECT c1, c2 FROM t1),
  cte2 (c, d) AS (SELECT c21, c22 FROM t2)
select * from cte1 left join cte2 on cte1.a=cte2.c order by cte1.a;
Query Plan
=============================
|ID|OPERATOR           |NAME|
-----------------------------
|0 |SORT               |    |
|1 |└─HASH OUTER JOIN  |    |
|2 |  ├─TABLE FULL SCAN|t1  |
|3 |  └─TABLE FULL SCAN|t2  |
=============================
Outputs & filters:
-------------------------------------
  0 - output([t1.c1], [t1.c2], [t2.c21], [t2.c22]), filter(nil), rowset=16
      sort_keys([t1.c1, ASC])
  1 - output([t1.c1], [t1.c2], [t2.c21], [t2.c22]), filter(nil), rowset=16
      equal_conds([t1.c1 = t2.c21]), other_conds(nil)
  2 - output([t1.c1], [t1.c2]), filter(nil), rowset=16
      access([t1.c1], [t1.c2]), partitions(p0)
      is_index_back=false, is_global_index=false, 
      range_key([t1.__pk_increment]), range(MIN ; MAX)always true
  3 - output([t2.c21], [t2.c22]), filter(nil), rowset=16
      access([t2.c21], [t2.c22]), partitions(p0)
      is_index_back=false, is_global_index=false, 
      range_key([t2.__pk_increment]), range(MIN ; MAX)always true
WITH
  cte1 (a, b) AS (SELECT c1, c2 FROM t1),
  cte2 (c, d) AS (SELECT c21, c22 FROM t2)
select * from cte1 left join cte2 on cte1.a=cte2.c order by cte1.a;
+------+------+------+------+
| a    | b    | c    | d    |
+------+------+------+------+
|    1 |    2 |    1 |    2 |
|    4 |    5 |    4 |    5 |
|    7 |    8 |    7 |    8 |
|   10 |   11 |   10 |   11 |
|   13 |   14 |   13 |   14 |
|   16 |   17 |   16 |   17 |
|   19 |   20 |   19 |   20 |
+------+------+------+------+

##   子查询＋join
explain basic WITH
  cte1 (a, b) AS (SELECT c1, c2 FROM t1),
  cte2 (c, d) AS (SELECT c21, c22 FROM t2)
select t11.c11 as c111 from (select c1 as c11, c2 from t1) t11 join cte2 on t11.c2=cte2.c;
Query Plan
===========================
|ID|OPERATOR         |NAME|
---------------------------
|0 |HASH JOIN        |    |
|1 |├─TABLE FULL SCAN|t2  |
|2 |└─TABLE FULL SCAN|t1  |
===========================
Outputs & filters:
-------------------------------------
  0 - output([t1.c1]), filter(nil), rowset=16
      equal_conds([t1.c2 = t2.c21]), other_conds(nil)
  1 - output([t2.c21]), filter(nil), rowset=16
      access([t2.c21]), partitions(p0)
      is_index_back=false, is_global_index=false, 
      range_key([t2.__pk_increment]), range(MIN ; MAX)always true
  2 - output([t1.c1], [t1.c2]), filter(nil), rowset=16
      access([t1.c1], [t1.c2]), partitions(p0)
      is_index_back=false, is_global_index=false, 
      range_key([t1.__pk_increment]), range(MIN ; MAX)always true
WITH
  cte1 (a, b) AS (SELECT c1, c2 FROM t1),
  cte2 (c, d) AS (SELECT c21, c22 FROM t2)
select t11.c11 as c111 from (select c1 as c11, c2 from t1) t11 join cte2 on t11.c2=cte2.c;
+------+
| c111 |
+------+
+------+

##   第二个cte的定义引用了第一个cte，主句中两个表做join
explain basic WITH 
  cte1 (a, b) AS (SELECT c1, c2 FROM t1), 
  cte2 (c, d) AS (SELECT a, b FROM cte1)
SELECT b, d FROM cte1 JOIN cte2
on cte1.a = cte2.c;
Query Plan
===========================
|ID|OPERATOR         |NAME|
---------------------------
|0 |HASH JOIN        |    |
|1 |├─TABLE FULL SCAN|t1  |
|2 |└─TABLE FULL SCAN|t1  |
===========================
Outputs & filters:
-------------------------------------
  0 - output([t1.c2], [t1.c2]), filter(nil), rowset=16
      equal_conds([t1.c1 = t1.c1]), other_conds(nil)
  1 - output([t1.c1], [t1.c2]), filter(nil), rowset=16
      access([t1.c1], [t1.c2]), partitions(p0)
      is_index_back=false, is_global_index=false, 
      range_key([t1.__pk_increment]), range(MIN ; MAX)always true
  2 - output([t1.c1], [t1.c2]), filter(nil), rowset=16
      access([t1.c1], [t1.c2]), partitions(p0)
      is_index_back=false, is_global_index=false, 
      range_key([t1.__pk_increment]), range(MIN ; MAX)always true
WITH 
  cte1 (a, b) AS (SELECT c1, c2 FROM t1), 
  cte2 (c, d) AS (SELECT c21, c22 FROM t2)
SELECT b, d FROM cte1 JOIN cte2
on cte1.a = cte2.c;
+------+------+
| b    | d    |
+------+------+
|    2 |    2 |
|    5 |    5 |
|    8 |    8 |
|   11 |   11 |
|   14 |   14 |
|   17 |   17 |
|   20 |   20 |
+------+------+

##   第三cte引用第二个，第二个又引用第一个。结果与MySQL一致。
explain basic WITH 
  cte1 (a, b) AS (SELECT c1, c2 FROM t1), 
  cte2 (c, d) AS (SELECT a+1, b-1 FROM cte1),
  cte3 (e, f) AS (SELECT c*2, d*3 FROM cte2)
SELECT a, b, e, f FROM cte1 JOIN cte3
on cte1.a < cte3.e;
Query Plan
=============================
|ID|OPERATOR           |NAME|
-----------------------------
|0 |NESTED-LOOP JOIN   |    |
|1 |├─TABLE FULL SCAN  |t1  |
|2 |└─MATERIAL         |    |
|3 |  └─TABLE FULL SCAN|t1  |
=============================
Outputs & filters:
-------------------------------------
  0 - output([t1.c1], [t1.c2], [t1.c1 + 1 * 2], [t1.c2 - 1 * 3]), filter(nil), rowset=16
      conds([t1.c1 < t1.c1 + 1 * 2]), nl_params_(nil), use_batch=false
  1 - output([t1.c1], [t1.c2]), filter(nil), rowset=16
      access([t1.c1], [t1.c2]), partitions(p0)
      is_index_back=false, is_global_index=false, 
      range_key([t1.__pk_increment]), range(MIN ; MAX)always true
  2 - output([t1.c1], [t1.c2]), filter(nil), rowset=16
  3 - output([t1.c1], [t1.c2]), filter(nil), rowset=16
      access([t1.c1], [t1.c2]), partitions(p0)
      is_index_back=false, is_global_index=false, 
      range_key([t1.__pk_increment]), range(MIN ; MAX)always true
WITH 
  cte1 (a, b) AS (SELECT c1, c2 FROM t1), 
  cte2 (c, d) AS (SELECT a+1, b-1 FROM cte1),
  cte3 (e, f) AS (SELECT c*2, d*3 FROM cte2)
SELECT a, b, e, f FROM cte1 JOIN cte3
on cte1.a < cte3.e;
+------+------+------+------+
| a    | b    | e    | f    |
+------+------+------+------+
|    1 |    2 |    4 |    3 |
|    1 |    2 |   10 |   12 |
|    1 |    2 |   16 |   21 |
|    1 |    2 |   22 |   30 |
|    1 |    2 |   28 |   39 |
|    1 |    2 |   34 |   48 |
|    1 |    2 |   40 |   57 |
|    4 |    5 |   10 |   12 |
|    4 |    5 |   16 |   21 |
|    4 |    5 |   22 |   30 |
|    4 |    5 |   28 |   39 |
|    4 |    5 |   34 |   48 |
|    4 |    5 |   40 |   57 |
|    7 |    8 |   10 |   12 |
|    7 |    8 |   16 |   21 |
|    7 |    8 |   22 |   30 |
|    7 |    8 |   28 |   39 |
|    7 |    8 |   34 |   48 |
|    7 |    8 |   40 |   57 |
|   10 |   11 |   16 |   21 |
|   10 |   11 |   22 |   30 |
|   10 |   11 |   28 |   39 |
|   10 |   11 |   34 |   48 |
|   10 |   11 |   40 |   57 |
|   13 |   14 |   16 |   21 |
|   13 |   14 |   22 |   30 |
|   13 |   14 |   28 |   39 |
|   13 |   14 |   34 |   48 |
|   13 |   14 |   40 |   57 |
|   16 |   17 |   22 |   30 |
|   16 |   17 |   28 |   39 |
|   16 |   17 |   34 |   48 |
|   16 |   17 |   40 |   57 |
|   19 |   20 |   22 |   30 |
|   19 |   20 |   28 |   39 |
|   19 |   20 |   34 |   48 |
|   19 |   20 |   40 |   57 |
+------+------+------+------+

##   一个cte是对某个特定分区，一个加了hint，主查询做join
with 
  cte0 AS (
          select * from t3 partition(p0)
          ),
  cte1 AS (
          select /*+ index(t4 i1) */ * from t4 where c2 > 0
          )
select cte0.c1, cte1.c1 from cte0, cte1 where cte0.c1 = cte1.c1;
+----+----+
| c1 | c1 |
+----+----+
+----+----+

##   cte出现在主查询in子句中，还有exists子句中
explain basic WITH
  cte1 (a, b) AS (SELECT c1, c2 FROM t1),
  cte2 (c, d) AS (SELECT c21, c22 FROM t2)
select 1 from cte1 where a in (select d from cte2 where exists( (select b from cte1) union (select a from cte1)));
Query Plan
====================================
|ID|OPERATOR                 |NAME |
------------------------------------
|0 |HASH SEMI JOIN           |     |
|1 |├─TABLE FULL SCAN        |t1   |
|2 |└─SUBPLAN SCAN           |VIEW1|
|3 |  └─SUBPLAN FILTER       |     |
|4 |    ├─TABLE FULL SCAN    |t2   |
|5 |    └─LIMIT              |     |
|6 |      └─UNION ALL        |     |
|7 |        ├─TABLE FULL SCAN|t1   |
|8 |        └─TABLE FULL SCAN|t1   |
====================================
Outputs & filters:
-------------------------------------
  0 - output([1]), filter(nil), rowset=16
      equal_conds([t1.c1 = VIEW1.d]), other_conds(nil)
  1 - output([t1.c1]), filter(nil), rowset=16
      access([t1.c1]), partitions(p0)
      is_index_back=false, is_global_index=false, 
      range_key([t1.__pk_increment]), range(MIN ; MAX)always true
  2 - output([VIEW1.d]), filter(nil), rowset=16
      access([VIEW1.d])
  3 - output([t2.c22]), filter(nil), rowset=16
      exec_params_(nil), onetime_exprs_([(T_OP_EXISTS, subquery(1))(:0)]), init_plan_idxs_(nil), use_batch=false
  4 - output([t2.c22]), filter(nil), startup_filter([:0]), rowset=16
      access([t2.c22]), partitions(p0)
      is_index_back=false, is_global_index=false, 
      range_key([t2.__pk_increment]), range(MIN ; MAX)always true
  5 - output([UNION([1])]), filter(nil), rowset=16
      limit(1), offset(nil)
  6 - output([UNION([1])]), filter(nil), rowset=16
  7 - output([1]), filter(nil), rowset=16
      access(nil), partitions(p0)
      limit(1), offset(nil), is_index_back=false, is_global_index=false, 
      range_key([t1.__pk_increment]), range(MIN ; MAX)always true
  8 - output([1]), filter(nil), rowset=16
      access(nil), partitions(p0)
      limit(1), offset(nil), is_index_back=false, is_global_index=false, 
      range_key([t1.__pk_increment]), range(MIN ; MAX)always true
WITH
  cte1 (a, b) AS (SELECT c1, c2 FROM t1),
  cte2 (c, d) AS (SELECT c21, c22 FROM t2)
select 1 from cte1 where a in (select d from cte2 where exists( (select b from cte1) union (select a from cte1)));
+---+
| 1 |
+---+
+---+

##   在上面的基础上加入no rewrite hint
explain basic WITH
  cte1 (a, b) AS (SELECT c1, c2 FROM t1),
  cte2 (c, d) AS (SELECT c21, c22 FROM t2)
select /*+no_rewrite()*/ 1 from cte1 where a in (select d from cte2 where exists( (select b from cte1) union (select a from cte1)));
Query Plan
=================================
|ID|OPERATOR               |NAME|
---------------------------------
|0 |SUBPLAN FILTER         |    |
|1 |├─SUBPLAN SCAN         |cte1|
|2 |│ └─TABLE FULL SCAN    |t1  |
|3 |└─SUBPLAN FILTER       |    |
|4 |  ├─TABLE FULL SCAN    |t2  |
|5 |  └─LIMIT              |    |
|6 |    └─UNION ALL        |    |
|7 |      ├─TABLE FULL SCAN|t1  |
|8 |      └─TABLE FULL SCAN|t1  |
=================================
Outputs & filters:
-------------------------------------
  0 - output([1]), filter([cte1.a = ANY(subquery(1))]), rowset=16
      exec_params_(nil), onetime_exprs_(nil), init_plan_idxs_([1]), use_batch=false
  1 - output([cte1.a]), filter(nil), rowset=16
      access([cte1.a])
  2 - output([t1.c1]), filter(nil), rowset=16
      access([t1.c1]), partitions(p0)
      is_index_back=false, is_global_index=false, 
      range_key([t1.__pk_increment]), range(MIN ; MAX)always true
  3 - output([t2.c22]), filter(nil), rowset=16
      exec_params_(nil), onetime_exprs_([(T_OP_EXISTS, subquery(1))(:0)]), init_plan_idxs_(nil), use_batch=false
  4 - output([t2.c22]), filter(nil), startup_filter([:0]), rowset=16
      access([t2.c22]), partitions(p0)
      is_index_back=false, is_global_index=false, 
      range_key([t2.__pk_increment]), range(MIN ; MAX)always true
  5 - output([UNION([1])]), filter(nil), rowset=16
      limit(1), offset(nil)
  6 - output([UNION([1])]), filter(nil), rowset=16
  7 - output([1]), filter(nil), rowset=16
      access(nil), partitions(p0)
      limit(1), offset(nil), is_index_back=false, is_global_index=false, 
      range_key([t1.__pk_increment]), range(MIN ; MAX)always true
  8 - output([1]), filter(nil), rowset=16
      access(nil), partitions(p0)
      limit(1), offset(nil), is_index_back=false, is_global_index=false, 
      range_key([t1.__pk_increment]), range(MIN ; MAX)always true
WITH
  cte1 (a, b) AS (SELECT c1, c2 FROM t1),
  cte2 (c, d) AS (SELECT c21, c22 FROM t2)
select /*+no_rewrite()*/ 1 from cte1 where a in (select d from cte2 where exists( (select b from cte1) union (select a from cte1)));
+---+
| 1 |
+---+
+---+

##   主查询是left join＋having not+order
explain basic WITH
  cte1 (a, b) AS (SELECT c1, c2 FROM t1),
  cte2 (c, d) AS (SELECT c21, c22 FROM t2)
select * from cte1 left join cte2 on cte1.a=cte2.c where cte1.b != cte2.d order by cte1.a;
Query Plan
=============================
|ID|OPERATOR           |NAME|
-----------------------------
|0 |SORT               |    |
|1 |└─HASH JOIN        |    |
|2 |  ├─TABLE FULL SCAN|t1  |
|3 |  └─TABLE FULL SCAN|t2  |
=============================
Outputs & filters:
-------------------------------------
  0 - output([t1.c1], [t1.c2], [t2.c21], [t2.c22]), filter(nil), rowset=16
      sort_keys([t1.c1, ASC])
  1 - output([t1.c1], [t1.c2], [t2.c21], [t2.c22]), filter(nil), rowset=16
      equal_conds([t1.c1 = t2.c21]), other_conds([t1.c2 != t2.c22])
  2 - output([t1.c1], [t1.c2]), filter(nil), rowset=16
      access([t1.c1], [t1.c2]), partitions(p0)
      is_index_back=false, is_global_index=false, 
      range_key([t1.__pk_increment]), range(MIN ; MAX)always true
  3 - output([t2.c21], [t2.c22]), filter(nil), rowset=16
      access([t2.c21], [t2.c22]), partitions(p0)
      is_index_back=false, is_global_index=false, 
      range_key([t2.__pk_increment]), range(MIN ; MAX)always true
WITH
  cte1 (a, b) AS (SELECT c1, c2 FROM t1),
  cte2 (c, d) AS (SELECT c21, c22 FROM t2)
select * from cte1 left join cte2 on cte1.a=cte2.c where cte1.b != cte2.d order by cte1.a;
+------+------+------+------+
| a    | b    | c    | d    |
+------+------+------+------+
+------+------+------+------+

##############################
##   PART 2 cte出现在set型查询语句中
##############################
explain basic WITH cte2 AS (select c1 from t1)
select c1 from cte2
UNION all
select c21 from t2;
Query Plan
===========================
|ID|OPERATOR         |NAME|
---------------------------
|0 |UNION ALL        |    |
|1 |├─TABLE FULL SCAN|t1  |
|2 |└─TABLE FULL SCAN|t2  |
===========================
Outputs & filters:
-------------------------------------
  0 - output([UNION([1])]), filter(nil), rowset=16
  1 - output([t1.c1]), filter(nil), rowset=16
      access([t1.c1]), partitions(p0)
      is_index_back=false, is_global_index=false, 
      range_key([t1.__pk_increment]), range(MIN ; MAX)always true
  2 - output([t2.c21]), filter(nil), rowset=16
      access([t2.c21]), partitions(p0)
      is_index_back=false, is_global_index=false, 
      range_key([t2.__pk_increment]), range(MIN ; MAX)always true
WITH cte2 AS (select c1 from t1)
select c1 from cte2
UNION all
select c21 from t2;
+------+
| c1   |
+------+
|    1 |
|    4 |
|    7 |
|   10 |
|   13 |
|   16 |
|   19 |
|    1 |
|    4 |
|    7 |
|   10 |
|   13 |
|   16 |
|   19 |
+------+

explain basic WITH cte2 AS (select c1 from t1)
select /*+no_rewrite()*/ c1 from cte2
UNION all
select c21 from t2;
Query Plan
=============================
|ID|OPERATOR           |NAME|
-----------------------------
|0 |UNION ALL          |    |
|1 |├─SUBPLAN SCAN     |cte2|
|2 |│ └─TABLE FULL SCAN|t1  |
|3 |└─TABLE FULL SCAN  |t2  |
=============================
Outputs & filters:
-------------------------------------
  0 - output([UNION([1])]), filter(nil), rowset=16
  1 - output([cte2.c1]), filter(nil), rowset=16
      access([cte2.c1])
  2 - output([t1.c1]), filter(nil), rowset=16
      access([t1.c1]), partitions(p0)
      is_index_back=false, is_global_index=false, 
      range_key([t1.__pk_increment]), range(MIN ; MAX)always true
  3 - output([t2.c21]), filter(nil), rowset=16
      access([t2.c21]), partitions(p0)
      is_index_back=false, is_global_index=false, 
      range_key([t2.__pk_increment]), range(MIN ; MAX)always true
WITH cte2 AS (select c1 from t1)
select /*+no_rewrite()*/ c1 from cte2
UNION all
select c21 from t2;
+------+
| c1   |
+------+
|    1 |
|    4 |
|    7 |
|   10 |
|   13 |
|   16 |
|   19 |
|    1 |
|    4 |
|    7 |
|   10 |
|   13 |
|   16 |
|   19 |
+------+

explain basic WITH cte2 AS (select c1 from t1)
select * from t1 intersect (select * from t2);
Query Plan
=================================
|ID|OPERATOR               |NAME|
---------------------------------
|0 |HASH INTERSECT DISTINCT|    |
|1 |├─TABLE FULL SCAN      |t1  |
|2 |└─TABLE FULL SCAN      |t2  |
=================================
Outputs & filters:
-------------------------------------
  0 - output([INTERSECT([1])], [INTERSECT([2])], [INTERSECT([3])]), filter(nil), rowset=16
  1 - output([t1.c1], [t1.c2], [t1.c3]), filter(nil), rowset=16
      access([t1.c1], [t1.c2], [t1.c3]), partitions(p0)
      is_index_back=false, is_global_index=false, 
      range_key([t1.__pk_increment]), range(MIN ; MAX)always true
  2 - output([t2.c21], [t2.c22], [t2.c23]), filter(nil), rowset=16
      access([t2.c21], [t2.c22], [t2.c23]), partitions(p0)
      is_index_back=false, is_global_index=false, 
      range_key([t2.__pk_increment]), range(MIN ; MAX)always true
WITH cte2 AS (select c1 from t1)
select * from t1 intersect (select * from t2);
+------+------+------+
| c1   | c2   | c3   |
+------+------+------+
|    1 |    2 |    3 |
|    4 |    5 |    6 |
|    7 |    8 |    9 |
|   10 |   11 |   12 |
|   13 |   14 |   15 |
|   16 |   17 |   18 |
|   19 |   20 |   21 |
+------+------+------+

##############################
##   PART 3 主查询中含有inline cte
##############################
##   PART 3.1 inline cte与外层同名/不同名
with cte(a) as (select 1 from dual) select * from (with cteb(a) as (select 1 from dual) select * from cteb) abc;
+---+
| a |
+---+
| 1 |
+---+

##   同名，这里应该是查询t1
explain basic with cte as (select c21 from t2)
select * from (with cte as (select c1 from t1) select * from cte) t;
Query Plan
=========================
|ID|OPERATOR       |NAME|
-------------------------
|0 |TABLE FULL SCAN|t1  |
=========================
Outputs & filters:
-------------------------------------
  0 - output([t1.c1]), filter(nil), rowset=16
      access([t1.c1]), partitions(p0)
      is_index_back=false, is_global_index=false, 
      range_key([t1.__pk_increment]), range(MIN ; MAX)always true
with cte as (select c21 from t2)
select * from (with cte as (select c1 from t1) select * from cte) t;
+------+
| c1   |
+------+
|    1 |
|    4 |
|    7 |
|   10 |
|   13 |
|   16 |
|   19 |
+------+

##   不同名，这里应该是查询t2
explain basic with cte as (select c21 from t2)
select * from (with cte1 as (select c1 from t1) select * from cte) t;
Query Plan
=========================
|ID|OPERATOR       |NAME|
-------------------------
|0 |TABLE FULL SCAN|t2  |
=========================
Outputs & filters:
-------------------------------------
  0 - output([t2.c21]), filter(nil), rowset=16
      access([t2.c21]), partitions(p0)
      is_index_back=false, is_global_index=false, 
      range_key([t2.__pk_increment]), range(MIN ; MAX)always true
with cte as (select c21 from t2)
select * from (with cte1 as (select c1 from t1) select * from cte) t;
+------+
| c21  |
+------+
|    1 |
|    4 |
|    7 |
|   10 |
|   13 |
|   16 |
|   19 |
+------+

##   三层，这里应该是查询t3
explain basic with cte as (select c21 from t2)
select * from (with cte as (select c1 from t1) select * from (with cte as (select c1 from t3) select * from cte) cte) t;
Query Plan
=======================================
|ID|OPERATOR                 |NAME    |
---------------------------------------
|0 |PX COORDINATOR           |        |
|1 |└─EXCHANGE OUT DISTR     |:EX10000|
|2 |  └─PX PARTITION ITERATOR|        |
|3 |    └─TABLE FULL SCAN    |t3      |
=======================================
Outputs & filters:
-------------------------------------
  0 - output([INTERNAL_FUNCTION(t3.c1)]), filter(nil), rowset=16
  1 - output([INTERNAL_FUNCTION(t3.c1)]), filter(nil), rowset=16
      dop=1
  2 - output([t3.c1]), filter(nil), rowset=16
      force partition granule
  3 - output([t3.c1]), filter(nil), rowset=16
      access([t3.c1]), partitions(p[0-1])
      is_index_back=false, is_global_index=false, 
      range_key([t3.c1]), range(MIN ; MAX)always true
with cte as (select c21 from t2)
select * from (with cte as (select c1 from t1) select * from (with cte as (select c1 from t3) select * from cte) cte) t;
+----+
| c1 |
+----+
|  4 |
| 10 |
| 16 |
|  1 |
|  7 |
| 13 |
+----+

##   PART 3.2 inline cte引用外层cte
explain basic with cte as (select 1 from dual) select * from (with cte1 as (select * from cte) select * from cte1);
Query Plan
====================
|ID|OPERATOR  |NAME|
--------------------
|0 |EXPRESSION|    |
====================
Outputs & filters:
-------------------------------------
  0 - output([1]), filter(nil)
      values({1})
with cte as (select 1 from dual) select * from (with cte1 as (select * from cte) select * from cte1);
+---+
| 1 |
+---+
| 1 |
+---+

explain basic WITH cte_outer AS (select * from t2) 
  select t1.*, t4.* from t1
left join 
( select c21,c22 from cte_outer) t4 
on 
t4.c21=t1.c1;
Query Plan
================================
|ID|OPERATOR              |NAME|
--------------------------------
|0 |HASH RIGHT OUTER JOIN |    |
|1 |├─TABLE FULL SCAN     |t2  |
|2 |└─TABLE FULL SCAN     |t1  |
================================
Outputs & filters:
-------------------------------------
  0 - output([t1.c1], [t1.c2], [t1.c3], [t2.c21], [t2.c22]), filter(nil), rowset=16
      equal_conds([t2.c21 = t1.c1]), other_conds(nil)
  1 - output([t2.c21], [t2.c22]), filter(nil), rowset=16
      access([t2.c21], [t2.c22]), partitions(p0)
      is_index_back=false, is_global_index=false, 
      range_key([t2.__pk_increment]), range(MIN ; MAX)always true
  2 - output([t1.c1], [t1.c2], [t1.c3]), filter(nil), rowset=16
      access([t1.c1], [t1.c2], [t1.c3]), partitions(p0)
      is_index_back=false, is_global_index=false, 
      range_key([t1.__pk_increment]), range(MIN ; MAX)always true
WITH cte_outer AS (select * from t2) 
  select t1.*, t4.* from t1
left join 
( select c21,c22 from cte_outer) t4 
on 
t4.c21=t1.c1;
+------+------+------+------+------+
| c1   | c2   | c3   | c21  | c22  |
+------+------+------+------+------+
|    1 |    2 |    3 |    1 |    2 |
|    4 |    5 |    6 |    4 |    5 |
|    7 |    8 |    9 |    7 |    8 |
|   10 |   11 |   12 |   10 |   11 |
|   13 |   14 |   15 |   13 |   14 |
|   16 |   17 |   18 |   16 |   17 |
|   19 |   20 |   21 |   19 |   20 |
+------+------+------+------+------+

explain basic WITH cte_outer AS (select * from t2)
select t3.*, t4.* from
( WITH cte_inner AS (select c1 from t1) select c1 from cte_inner where cte_inner.c1 > 1000) t3
  left join
( WITH cte_inner(a, b) AS (select c1,c2 from t1) select c21,c22 from cte_outer where cte_outer.c21 > 1000) t4
on t4.c21=t3.c1
order by t4.c22;
Query Plan
=============================
|ID|OPERATOR           |NAME|
-----------------------------
|0 |SORT               |    |
|1 |└─HASH OUTER JOIN  |    |
|2 |  ├─TABLE FULL SCAN|t1  |
|3 |  └─TABLE FULL SCAN|t2  |
=============================
Outputs & filters:
-------------------------------------
  0 - output([t1.c1], [t2.c21], [t2.c22]), filter(nil), rowset=16
      sort_keys([t2.c22, ASC])
  1 - output([t2.c22], [t1.c1], [t2.c21]), filter(nil), rowset=16
      equal_conds([t2.c21 = t1.c1]), other_conds(nil)
  2 - output([t1.c1]), filter([t1.c1 > 1000]), rowset=16
      access([t1.c1]), partitions(p0)
      is_index_back=false, is_global_index=false, filter_before_indexback[false], 
      range_key([t1.__pk_increment]), range(MIN ; MAX)always true
  3 - output([t2.c21], [t2.c22]), filter([t2.c21 > 1000]), rowset=16
      access([t2.c21], [t2.c22]), partitions(p0)
      is_index_back=false, is_global_index=false, filter_before_indexback[false], 
      range_key([t2.__pk_increment]), range(MIN ; MAX)always true
WITH cte_outer AS (select * from t2)
select t3.*, t4.* from
( WITH cte_inner AS (select c1 from t1) select c1 from cte_inner where cte_inner.c1 > 1000) t3
  left join
( WITH cte_inner(a, b) AS (select c1,c2 from t1) select c21,c22 from cte_outer where cte_outer.c21 > 1000) t4
on t4.c21=t3.c1
order by t4.c22;
+------+------+------+
| c1   | c21  | c22  |
+------+------+------+
+------+------+------+

##   PART 3.3 inline cte中定义表名与已有表名重名，这里应该是查询了t1才对
explain basic select * from (WITH t2 AS (select c1 from t1) select c1 from t2 where t2.c1 > 1000) t;
Query Plan
=========================
|ID|OPERATOR       |NAME|
-------------------------
|0 |TABLE FULL SCAN|t1  |
=========================
Outputs & filters:
-------------------------------------
  0 - output([t1.c1]), filter([t1.c1 > 1000]), rowset=16
      access([t1.c1]), partitions(p0)
      is_index_back=false, is_global_index=false, filter_before_indexback[false], 
      range_key([t1.__pk_increment]), range(MIN ; MAX)always true
select * from (WITH t2 AS (select c1 from t1) select c1 from t2 where t2.c1 > 1000) t;
+------+
| c1   |
+------+
+------+

##   PART 3.4 inline cte出现在field list
explain basic select ( WITH cte AS (select c1 from t1) select c1 from cte where cte.c1 > 1000), t2.* from t2;
Query Plan
===========================
|ID|OPERATOR         |NAME|
---------------------------
|0 |SUBPLAN FILTER   |    |
|1 |├─TABLE FULL SCAN|t2  |
|2 |└─TABLE FULL SCAN|t1  |
===========================
Outputs & filters:
-------------------------------------
  0 - output([:0], [t2.c21], [t2.c22], [t2.c23]), filter(nil), rowset=16
      exec_params_(nil), onetime_exprs_([subquery(1)(:0)]), init_plan_idxs_(nil), use_batch=false
  1 - output([t2.c21], [t2.c22], [t2.c23]), filter(nil), rowset=16
      access([t2.c21], [t2.c22], [t2.c23]), partitions(p0)
      is_index_back=false, is_global_index=false, 
      range_key([t2.__pk_increment]), range(MIN ; MAX)always true
  2 - output([t1.c1]), filter([t1.c1 > 1000]), rowset=16
      access([t1.c1]), partitions(p0)
      is_index_back=false, is_global_index=false, filter_before_indexback[false], 
      range_key([t1.__pk_increment]), range(MIN ; MAX)always true
select ( WITH cte AS (select c1 from t1) select c1 from cte where cte.c1 > 1000), t2.* from t2;
+---------------------------------------------------------------------------+------+------+------+
| ( WITH cte AS (select c1 from t1) select c1 from cte where cte.c1 > 1000) | c21  | c22  | c23  |
+---------------------------------------------------------------------------+------+------+------+
|                                                                      NULL |    1 |    2 |    3 |
|                                                                      NULL |    4 |    5 |    6 |
|                                                                      NULL |    7 |    8 |    9 |
|                                                                      NULL |   10 |   11 |   12 |
|                                                                      NULL |   13 |   14 |   15 |
|                                                                      NULL |   16 |   17 |   18 |
|                                                                      NULL |   19 |   20 |   21 |
+---------------------------------------------------------------------------+------+------+------+

##   PART 3.5 inline cte之后看看列能否正常使用
explain basic select t3.* from ( WITH cte AS (select c1 from t1) select c1 from cte where cte.c1 > 1000) t3 where t3.c1 > 0;
Query Plan
=========================
|ID|OPERATOR       |NAME|
-------------------------
|0 |TABLE FULL SCAN|t1  |
=========================
Outputs & filters:
-------------------------------------
  0 - output([t1.c1]), filter([t1.c1 > 0], [t1.c1 > 1000]), rowset=16
      access([t1.c1]), partitions(p0)
      is_index_back=false, is_global_index=false, filter_before_indexback[false,false], 
      range_key([t1.__pk_increment]), range(MIN ; MAX)always true
select t3.* from ( WITH cte AS (select c1 from t1) select c1 from cte where cte.c1 > 1000) t3 where t3.c1 > 0;
+------+
| c1   |
+------+
+------+

explain basic select t3.*, t4.* from 
(WITH cte AS (select c1 from t1) select c1 from cte where cte.c1 > 1000) t3 
  left join 
(WITH cte(a, b) AS (select c1,c2 from t1) select a,b from cte where cte.a > 1000) t4 
on t4.a=t3.c1 
order by t4.b;
Query Plan
=============================
|ID|OPERATOR           |NAME|
-----------------------------
|0 |SORT               |    |
|1 |└─HASH OUTER JOIN  |    |
|2 |  ├─TABLE FULL SCAN|t1  |
|3 |  └─TABLE FULL SCAN|t1  |
=============================
Outputs & filters:
-------------------------------------
  0 - output([t1.c1], [t1.c1], [t1.c2]), filter(nil), rowset=16
      sort_keys([t1.c2, ASC])
  1 - output([t1.c2], [t1.c1], [t1.c1]), filter(nil), rowset=16
      equal_conds([t1.c1 = t1.c1]), other_conds(nil)
  2 - output([t1.c1]), filter([t1.c1 > 1000]), rowset=16
      access([t1.c1]), partitions(p0)
      is_index_back=false, is_global_index=false, filter_before_indexback[false], 
      range_key([t1.__pk_increment]), range(MIN ; MAX)always true
  3 - output([t1.c1], [t1.c2]), filter([t1.c1 > 1000]), rowset=16
      access([t1.c1], [t1.c2]), partitions(p0)
      is_index_back=false, is_global_index=false, filter_before_indexback[false], 
      range_key([t1.__pk_increment]), range(MIN ; MAX)always true
select t3.*, t4.* from 
(WITH cte AS (select c1 from t1) select c1 from cte where cte.c1 > 1000) t3 
  left join 
(WITH cte(a, b) AS (select c1,c2 from t1) select a,b from cte where cte.a > 1000) t4 
on t4.a=t3.c1 
order by t4.b;
+------+------+------+
| c1   | a    | b    |
+------+------+------+
+------+------+------+

##   PART 3.6 inline cte别名后与外部cte做join
explain basic with cte as (select * from t1) select * from (with cte as (select * from t2) select * from cte) t3, cte where t3.c21 = cte.c1;
Query Plan
===========================
|ID|OPERATOR         |NAME|
---------------------------
|0 |HASH JOIN        |    |
|1 |├─TABLE FULL SCAN|t2  |
|2 |└─TABLE FULL SCAN|t1  |
===========================
Outputs & filters:
-------------------------------------
  0 - output([t2.c21], [t2.c22], [t2.c23], [t1.c1], [t1.c2], [t1.c3]), filter(nil), rowset=16
      equal_conds([t2.c21 = t1.c1]), other_conds(nil)
  1 - output([t2.c21], [t2.c22], [t2.c23]), filter(nil), rowset=16
      access([t2.c21], [t2.c22], [t2.c23]), partitions(p0)
      is_index_back=false, is_global_index=false, 
      range_key([t2.__pk_increment]), range(MIN ; MAX)always true
  2 - output([t1.c1], [t1.c2], [t1.c3]), filter(nil), rowset=16
      access([t1.c1], [t1.c2], [t1.c3]), partitions(p0)
      is_index_back=false, is_global_index=false, 
      range_key([t1.__pk_increment]), range(MIN ; MAX)always true
with cte as (select * from t1) select * from (with cte as (select * from t2) select * from cte) t3, cte where t3.c21 = cte.c1;
+------+------+------+------+------+------+
| c21  | c22  | c23  | c1   | c2   | c3   |
+------+------+------+------+------+------+
|    1 |    2 |    3 |    1 |    2 |    3 |
|    4 |    5 |    6 |    4 |    5 |    6 |
|    7 |    8 |    9 |    7 |    8 |    9 |
|   10 |   11 |   12 |   10 |   11 |   12 |
|   13 |   14 |   15 |   13 |   14 |   15 |
|   16 |   17 |   18 |   16 |   17 |   18 |
|   19 |   20 |   21 |   19 |   20 |   21 |
+------+------+------+------+------+------+

select * from (with cte as (select * from t2) select * from cte) t3, cte where t3.c21 = cte.c1;
ERROR 42S02: Table 'cte_st.cte' doesn't exist

#result is correct, last cte is point to t2
with cte as (select * from t1) select (with cte(col1, col2, col3) as(select * from t2) select count(*) from cte) from t1;
+----------------------------------------------------------------------------+
| (with cte(col1, col2, col3) as(select * from t2) select count(*) from cte) |
+----------------------------------------------------------------------------+
|                                                                          7 |
|                                                                          7 |
|                                                                          7 |
|                                                                          7 |
|                                                                          7 |
|                                                                          7 |
|                                                                          7 |
+----------------------------------------------------------------------------+

WITH
  cte1 (a, b) AS (SELECT c1, c2 FROM t1),
  cte2 (c, d) AS (SELECT c21, c22 FROM t2)
select t11.c11 as c111 from (with cte3 as(select * from t3) select c1 as c11, c2 from cte1) cte1 join cte2 on t11.c2=cte2.c;
ERROR 42S22: Unknown column 'c1' in 'field list'

#result is correct
WITH   
  cte1 (a, b) AS (SELECT c1, c2 FROM t1),   
  cte2 (c, d) AS (SELECT c21, c22 FROM t2) 
select * from (with cte3 as(select * from t3) select c1 as c11, c2 from cte3) cte1 join cte2 on cte1.c11=cte2.c;
+-----+------+------+------+
| c11 | c2   | c    | d    |
+-----+------+------+------+
|   1 |    2 |    1 |    2 |
|   4 |    5 |    4 |    5 |
|   7 |    8 |    7 |    8 |
|  10 |   11 |   10 |   11 |
|  13 |   14 |   13 |   14 |
|  16 |   17 |   16 |   17 |
+-----+------+------+------+

#result is correct
WITH   
  cte1 (a, b) AS (SELECT c1, c2 FROM t1),   
  cte2 (c, d) AS (SELECT c21, c22 FROM t2) 
select * from (with cte2 as(select * from t3) select c1 as c11, c2 from cte2) cte1 join cte2 on cte1.c11=cte2.c;
+-----+------+------+------+
| c11 | c2   | c    | d    |
+-----+------+------+------+
|   1 |    2 |    1 |    2 |
|   4 |    5 |    4 |    5 |
|   7 |    8 |    7 |    8 |
|  10 |   11 |   10 |   11 |
|  13 |   14 |   13 |   14 |
|  16 |   17 |   16 |   17 |
+-----+------+------+------+

##############################
##   PART 4 歧义语法
##############################
##   歧义语法
##   with里面的column和select里面的column重名的情况测试
##   mysql5.6中alias name不能出现在where子句中，但是可以出现在group by、having、order by子句中
##   如果普通列和alias name重复，那么在group by、having子句中优先使用基础列，并汇报WARNNING
##   order by子句中，优先使用alias name
##   这里需要参考mysql8.0中实际使用结果，考虑with clause中定义表中列与基础列重名时的表现
##   PART 4.1 cte使用时一列被别名为另外一个同名列并在where clause中使用
with 
  cte1 (c22, c21) AS (select c1, c2 from t1) 
select c22 as c21, c21 from cte1 where c21 = 12;
+------+------+
| c21  | c21  |
+------+------+
+------+------+

##   cte使用时一列被别名为另外一个同名列并在order_by_clause中使用
with 
  cte1 (c22, c21) AS (select c1, c2 from t1) 
select c22 as c21, c21 from cte1 order by c21;
ERROR 23000: Column 'c21' in order clause is ambiguous

##   cte使用时一列被别名为另外一个同名列并在having clause中使用
with 
  cte1 (c22, c21) AS (select c1, c2 from t1) 
select c22 as c21, c21 from cte1 having c21 > 0;
ERROR 23000: Column 'c21' in having clause is ambiguous

##   cte使用时一列被别名为另外一个同名列并在group_by_clause中使用
with 
  cte1 (c22, c21) AS (select c1, c2 from t1) 
select c22 as c21, c21 from cte1 group by c21;
ERROR 23000: Column 'c21' in group statement is ambiguous
with
  cte1 (c22, c21) AS (select * from t1)
select c22 as c21, c21 from cte1 group by c21;
ERROR HY000: View's SELECT and view's field list have different column counts

##   cte的列名已经无法在被使用了，这种用法比较特殊
explain basic with cte as (select count(*) as k from t1) select * from cte where k = 1;
Query Plan
===========================
|ID|OPERATOR         |NAME|
---------------------------
|0 |SCALAR GROUP BY  |    |
|1 |└─TABLE FULL SCAN|t1  |
===========================
Outputs & filters:
-------------------------------------
  0 - output([T_FUN_COUNT_SUM(T_FUN_COUNT(*))]), filter([T_FUN_COUNT_SUM(T_FUN_COUNT(*)) = 1]), rowset=16
      group(nil), agg_func([T_FUN_COUNT_SUM(T_FUN_COUNT(*))])
  1 - output([T_FUN_COUNT(*)]), filter(nil), rowset=16
      access(nil), partitions(p0)
      is_index_back=false, is_global_index=false, 
      range_key([t1.__pk_increment]), range(MIN ; MAX)always true
with cte as (select count(*) as k from t1) select * from cte where k = 1;
+------+
| k    |
+------+
+------+

##############################
##   section three
##   PART 1 select for update
##############################
explain basic WITH
  cte0 AS ( select * from t1)
select * from cte0 for update;
Query Plan
=========================
|ID|OPERATOR       |NAME|
-------------------------
|0 |TABLE FULL SCAN|t1  |
=========================
Outputs & filters:
-------------------------------------
  0 - output([t1.c1], [t1.c2], [t1.c3]), filter(nil), rowset=16
      access([t1.c1], [t1.c2], [t1.c3]), partitions(p0)
      is_index_back=false, is_global_index=false, 
      range_key([t1.__pk_increment]), range(MIN ; MAX)always true
WITH
  cte0 AS ( select * from t1)
select * from cte0 for update;
+------+------+------+
| c1   | c2   | c3   |
+------+------+------+
|    1 |    2 |    3 |
|    4 |    5 |    6 |
|    7 |    8 |    9 |
|   10 |   11 |   12 |
|   13 |   14 |   15 |
|   16 |   17 |   18 |
|   19 |   20 |   21 |
+------+------+------+

##############################
##   PART 2 insert into
##############################
explain basic insert into t1 with cte as (select * from t1) SELECT * FROM cte;
Query Plan
========================================
|ID|OPERATOR           |NAME           |
----------------------------------------
|0 |INSERT             |               |
|1 |└─SUBPLAN SCAN     |ANONYMOUS_VIEW1|
|2 |  └─TABLE FULL SCAN|t1             |
========================================
Outputs & filters:
-------------------------------------
  0 - output(nil), filter(nil)
      columns([{t1: ({t1: (t1.__pk_increment, t1.c1, t1.c2, t1.c3)})}]), partitions(p0), 
      column_values([T_HIDDEN_PK], [column_conv(INT,PS:(11,0),NULL,ANONYMOUS_VIEW1.c1)], [column_conv(INT,PS:(11,0),NULL,ANONYMOUS_VIEW1.c2)], [column_conv(INT,
      PS:(11,0),NULL,ANONYMOUS_VIEW1.c3)])
  1 - output([ANONYMOUS_VIEW1.c1], [ANONYMOUS_VIEW1.c2], [ANONYMOUS_VIEW1.c3]), filter(nil), rowset=16
      access([ANONYMOUS_VIEW1.c1], [ANONYMOUS_VIEW1.c2], [ANONYMOUS_VIEW1.c3])
  2 - output([t1.c1], [t1.c2], [t1.c3]), filter(nil), rowset=16
      access([t1.c1], [t1.c2], [t1.c3]), partitions(p0)
      is_index_back=false, is_global_index=false, 
      range_key([t1.__pk_increment]), range(MIN ; MAX)always true
insert into t1 with cte as (select * from t1) SELECT * FROM cte;

explain basic insert into t1 with cte (a,b,c) as (select c21,c22,c23 from t2) select a,b,a from cte;
Query Plan
========================================
|ID|OPERATOR           |NAME           |
----------------------------------------
|0 |INSERT             |               |
|1 |└─SUBPLAN SCAN     |ANONYMOUS_VIEW1|
|2 |  └─TABLE FULL SCAN|t2             |
========================================
Outputs & filters:
-------------------------------------
  0 - output(nil), filter(nil)
      columns([{t1: ({t1: (t1.__pk_increment, t1.c1, t1.c2, t1.c3)})}]), partitions(p0), 
      column_values([T_HIDDEN_PK], [column_conv(INT,PS:(11,0),NULL,ANONYMOUS_VIEW1.a)], [column_conv(INT,PS:(11,0),NULL,ANONYMOUS_VIEW1.b)], [column_conv(INT,
      PS:(11,0),NULL,ANONYMOUS_VIEW1.a)])
  1 - output([ANONYMOUS_VIEW1.a], [ANONYMOUS_VIEW1.b], [ANONYMOUS_VIEW1.a]), filter(nil), rowset=16
      access([ANONYMOUS_VIEW1.a], [ANONYMOUS_VIEW1.b], [ANONYMOUS_VIEW1.a])
  2 - output([t2.c21], [t2.c22], [t2.c21]), filter(nil), rowset=16
      access([t2.c21], [t2.c22]), partitions(p0)
      is_index_back=false, is_global_index=false, 
      range_key([t2.__pk_increment]), range(MIN ; MAX)always true
insert into t1 with cte (a,b,c) as (select c21,c22,c23 from t2) select a,b,a from cte;
select * from t1;
+------+------+------+
| c1   | c2   | c3   |
+------+------+------+
|    1 |    2 |    3 |
|    4 |    5 |    6 |
|    7 |    8 |    9 |
|   10 |   11 |   12 |
|   13 |   14 |   15 |
|   16 |   17 |   18 |
|   19 |   20 |   21 |
|    1 |    2 |    3 |
|    4 |    5 |    6 |
|    7 |    8 |    9 |
|   10 |   11 |   12 |
|   13 |   14 |   15 |
|   16 |   17 |   18 |
|   19 |   20 |   21 |
|    1 |    2 |    1 |
|    4 |    5 |    4 |
|    7 |    8 |    7 |
|   10 |   11 |   10 |
|   13 |   14 |   13 |
|   16 |   17 |   16 |
|   19 |   20 |   19 |
+------+------+------+

##############################
##   PART 3 update select
##############################
explain basic update t1 set c1=(with cte as (select count(*)+99 from t2 where c21=1) select * from cte) where c2 = 2;
Query Plan
=============================================
|ID|OPERATOR                           |NAME|
---------------------------------------------
|0 |UPDATE                             |    |
|1 |└─NESTED-LOOP OUTER JOIN CARTESIAN |    |
|2 |  ├─TABLE FULL SCAN                |t1  |
|3 |  └─MATERIAL                       |    |
|4 |    └─SUBPLAN SCAN                 |cte |
|5 |      └─SCALAR GROUP BY            |    |
|6 |        └─TABLE FULL SCAN          |t2  |
=============================================
Outputs & filters:
-------------------------------------
  0 - output(nil), filter(nil)
      table_columns([{t1: ({t1: (t1.__pk_increment, t1.c1, t1.c2, t1.c3)}), hash_distinct}]),
      update([t1.c1=column_conv(INT,PS:(11,0),NULL,cast(cte.count(*)+99, INT(-1, 0)))])
  1 - output([t1.__pk_increment], [t1.c1], [t1.c2], [t1.c3], [cte.count(*)+99]), filter(nil), rowset=16
      conds(nil), nl_params_(nil), use_batch=false
  2 - output([t1.__pk_increment], [t1.c1], [t1.c2], [t1.c3]), filter([t1.c2 = 2]), rowset=16
      access([t1.__pk_increment], [t1.c1], [t1.c2], [t1.c3]), partitions(p0)
      is_index_back=false, is_global_index=false, filter_before_indexback[false], 
      range_key([t1.__pk_increment]), range(MIN ; MAX)always true
  3 - output([cte.count(*)+99]), filter(nil), rowset=16
  4 - output([cte.count(*)+99]), filter(nil), rowset=16
      access([cte.count(*)+99])
  5 - output([T_FUN_COUNT_SUM(T_FUN_COUNT(*)) + 99]), filter(nil), rowset=16
      group(nil), agg_func([T_FUN_COUNT_SUM(T_FUN_COUNT(*))])
  6 - output([T_FUN_COUNT(*)]), filter([t2.c21 = 1]), rowset=16
      access([t2.c21]), partitions(p0)
      is_index_back=false, is_global_index=false, filter_before_indexback[false], 
      range_key([t2.__pk_increment]), range(MIN ; MAX)always true
update t1 set c1=(with cte as (select count(*)+99 from t2 where c21=1) select * from cte) where c2 = 2;
select * from t1;
+------+------+------+
| c1   | c2   | c3   |
+------+------+------+
|  100 |    2 |    3 |
|    4 |    5 |    6 |
|    7 |    8 |    9 |
|   10 |   11 |   12 |
|   13 |   14 |   15 |
|   16 |   17 |   18 |
|   19 |   20 |   21 |
|  100 |    2 |    3 |
|    4 |    5 |    6 |
|    7 |    8 |    9 |
|   10 |   11 |   12 |
|   13 |   14 |   15 |
|   16 |   17 |   18 |
|   19 |   20 |   21 |
|  100 |    2 |    1 |
|    4 |    5 |    4 |
|    7 |    8 |    7 |
|   10 |   11 |   10 |
|   13 |   14 |   13 |
|   16 |   17 |   16 |
|   19 |   20 |   19 |
+------+------+------+

##############################
##   PART 4 select when
##############################
explain basic with cte as (select c1, max(c2), CASE max(c2) when 4 then 4 when 43 then 43 else 1 end from t1 group by c1 order by c1) select * from cte;
Query Plan
=============================
|ID|OPERATOR           |NAME|
-----------------------------
|0 |MERGE GROUP BY     |    |
|1 |└─SORT             |    |
|2 |  └─TABLE FULL SCAN|t1  |
=============================
Outputs & filters:
-------------------------------------
  0 - output([t1.c1], [T_FUN_MAX(t1.c2)], [CASE WHEN T_FUN_MAX(t1.c2) = 4 THEN 4 WHEN T_FUN_MAX(t1.c2) = 43 THEN 43 ELSE 1 END]), filter(nil), rowset=256
      group([t1.c1]), agg_func([T_FUN_MAX(t1.c2)])
  1 - output([t1.c1], [t1.c2]), filter(nil), rowset=256
      sort_keys([t1.c1, ASC])
  2 - output([t1.c1], [t1.c2]), filter(nil), rowset=256
      access([t1.c1], [t1.c2]), partitions(p0)
      is_index_back=false, is_global_index=false, 
      range_key([t1.__pk_increment]), range(MIN ; MAX)always true
with cte as (select c1, max(c2), CASE max(c2) when 4 then 4 when 43 then 43 else 1 end from t1 group by c1 order by c1) select * from cte;
+------+---------+-------------------------------------------------------+
| c1   | max(c2) | CASE max(c2) when 4 then 4 when 43 then 43 else 1 end |
+------+---------+-------------------------------------------------------+
|    4 |       5 |                                                     1 |
|    7 |       8 |                                                     1 |
|   10 |      11 |                                                     1 |
|   13 |      14 |                                                     1 |
|   16 |      17 |                                                     1 |
|   19 |      20 |                                                     1 |
|  100 |       2 |                                                     1 |
+------+---------+-------------------------------------------------------+

explain basic with cte(c1, c2) as (select t1.c1, t1.c2 from t1, t2 where t1.c1 = t2.c21) select c1, max(c2), CASE max(c2) when 4 then 4 when 43 then 43 else 1 end from cte group by c1 order by c1;
Query Plan
===============================
|ID|OPERATOR             |NAME|
-------------------------------
|0 |MERGE GROUP BY       |    |
|1 |└─SORT               |    |
|2 |  └─HASH JOIN        |    |
|3 |    ├─TABLE FULL SCAN|t2  |
|4 |    └─TABLE FULL SCAN|t1  |
===============================
Outputs & filters:
-------------------------------------
  0 - output([t1.c1], [T_FUN_MAX(t1.c2)], [CASE WHEN T_FUN_MAX(t1.c2) = 4 THEN 4 WHEN T_FUN_MAX(t1.c2) = 43 THEN 43 ELSE 1 END]), filter(nil), rowset=256
      group([t1.c1]), agg_func([T_FUN_MAX(t1.c2)])
  1 - output([t1.c1], [t1.c2]), filter(nil), rowset=256
      sort_keys([t1.c1, ASC])
  2 - output([t1.c1], [t1.c2]), filter(nil), rowset=256
      equal_conds([t1.c1 = t2.c21]), other_conds(nil)
  3 - output([t2.c21]), filter(nil), rowset=256
      access([t2.c21]), partitions(p0)
      is_index_back=false, is_global_index=false, 
      range_key([t2.__pk_increment]), range(MIN ; MAX)always true
  4 - output([t1.c1], [t1.c2]), filter(nil), rowset=256
      access([t1.c1], [t1.c2]), partitions(p0)
      is_index_back=false, is_global_index=false, 
      range_key([t1.__pk_increment]), range(MIN ; MAX)always true
with cte(c1, c2) as (select t1.c1, t1.c2 from t1, t2 where t1.c1 = t2.c21) select c1, max(c2), CASE max(c2) when 4 then 4 when 43 then 43 else 1 end from cte group by c1 order by c1;
+------+---------+-------------------------------------------------------+
| c1   | max(c2) | CASE max(c2) when 4 then 4 when 43 then 43 else 1 end |
+------+---------+-------------------------------------------------------+
|    4 |       5 |                                                     1 |
|    7 |       8 |                                                     1 |
|   10 |      11 |                                                     1 |
|   13 |      14 |                                                     1 |
|   16 |      17 |                                                     1 |
|   19 |      20 |                                                     1 |
+------+---------+-------------------------------------------------------+

##############################
##   PART 5 delete from
##############################
explain basic delete from t1 where c1 = ( with cte as (select max( c1 ) from ( select * from t1 )) select * from cte);
Query Plan
=================================
|ID|OPERATOR               |NAME|
---------------------------------
|0 |DELETE                 |    |
|1 |└─NESTED-LOOP JOIN     |    |
|2 |  ├─SUBPLAN SCAN       |cte |
|3 |  │ └─SCALAR GROUP BY  |    |
|4 |  │   └─TABLE FULL SCAN|t1  |
|5 |  └─TABLE FULL SCAN    |t1  |
=================================
Outputs & filters:
-------------------------------------
  0 - output(nil), filter(nil)
      table_columns([{t1: ({t1: (t1.__pk_increment, t1.c1, t1.c2, t1.c3)})}])
  1 - output([t1.__pk_increment], [t1.c1], [t1.c2], [t1.c3]), filter(nil), rowset=256
      conds([t1.c1 = cte.max( c1 )]), nl_params_(nil), use_batch=false
  2 - output([cte.max( c1 )]), filter(nil), rowset=256
      access([cte.max( c1 )])
  3 - output([T_FUN_MAX(T_FUN_MAX(t1.c1))]), filter(nil), rowset=256
      group(nil), agg_func([T_FUN_MAX(T_FUN_MAX(t1.c1))])
  4 - output([T_FUN_MAX(t1.c1)]), filter(nil), rowset=256
      access([t1.c1]), partitions(p0)
      is_index_back=false, is_global_index=false, 
      range_key([t1.__pk_increment]), range(MIN ; MAX)always true
  5 - output([t1.__pk_increment], [t1.c1], [t1.c2], [t1.c3]), filter(nil), rowset=256
      access([t1.__pk_increment], [t1.c1], [t1.c2], [t1.c3]), partitions(p0)
      is_index_back=false, is_global_index=false, 
      range_key([t1.__pk_increment]), range(MIN ; MAX)always true
delete from t1 where c1 = ( with cte as (select max( c1 ) from ( select * from t1 )) select * from cte);

explain basic delete from t1 where c1 = ( with cte (a) as (select max( c1 ) from t1 ) select * from cte);
Query Plan
=================================
|ID|OPERATOR               |NAME|
---------------------------------
|0 |DELETE                 |    |
|1 |└─NESTED-LOOP JOIN     |    |
|2 |  ├─SUBPLAN SCAN       |cte |
|3 |  │ └─SCALAR GROUP BY  |    |
|4 |  │   └─TABLE FULL SCAN|t1  |
|5 |  └─TABLE FULL SCAN    |t1  |
=================================
Outputs & filters:
-------------------------------------
  0 - output(nil), filter(nil)
      table_columns([{t1: ({t1: (t1.__pk_increment, t1.c1, t1.c2, t1.c3)})}])
  1 - output([t1.__pk_increment], [t1.c1], [t1.c2], [t1.c3]), filter(nil), rowset=256
      conds([t1.c1 = cte.a]), nl_params_(nil), use_batch=false
  2 - output([cte.a]), filter(nil), rowset=256
      access([cte.a])
  3 - output([T_FUN_MAX(T_FUN_MAX(t1.c1))]), filter(nil), rowset=256
      group(nil), agg_func([T_FUN_MAX(T_FUN_MAX(t1.c1))])
  4 - output([T_FUN_MAX(t1.c1)]), filter(nil), rowset=256
      access([t1.c1]), partitions(p0)
      is_index_back=false, is_global_index=false, 
      range_key([t1.__pk_increment]), range(MIN ; MAX)always true
  5 - output([t1.__pk_increment], [t1.c1], [t1.c2], [t1.c3]), filter(nil), rowset=256
      access([t1.__pk_increment], [t1.c1], [t1.c2], [t1.c3]), partitions(p0)
      is_index_back=false, is_global_index=false, 
      range_key([t1.__pk_increment]), range(MIN ; MAX)always true
delete from t1 where c1 = ( with cte (a) as (select max( c1 ) from t1 ) select * from cte);

##############################
##   other
##############################
with cte as (select * from t1) select 1 from dual;
+---+
| 1 |
+---+
| 1 |
+---+

with recursive cte1 as 
(
  select 1 as c1, 2 as c2, 3 as c3, 4 as c4, 5 as c5, 6 as c6, 7 as c7, 8 as c8, 9 as c9, 10 as c10, 11 as c11, 12 as c12
  union all
  select c1+1,c2+1,c3+1,c4+1,c5+1,c6+1,c7+1,c8+1,c9+1,c10+1, c11+1, c12+1 from cte1 where c1 < 10  
)
select * from cte1;
+------+------+------+------+------+------+------+------+------+------+------+------+
| c1   | c2   | c3   | c4   | c5   | c6   | c7   | c8   | c9   | c10  | c11  | c12  |
+------+------+------+------+------+------+------+------+------+------+------+------+
|    1 |    2 |    3 |    4 |    5 |    6 |    7 |    8 |    9 |   10 |   11 |   12 |
|    2 |    3 |    4 |    5 |    6 |    7 |    8 |    9 |   10 |   11 |   12 |   13 |
|    3 |    4 |    5 |    6 |    7 |    8 |    9 |   10 |   11 |   12 |   13 |   14 |
|    4 |    5 |    6 |    7 |    8 |    9 |   10 |   11 |   12 |   13 |   14 |   15 |
|    5 |    6 |    7 |    8 |    9 |   10 |   11 |   12 |   13 |   14 |   15 |   16 |
|    6 |    7 |    8 |    9 |   10 |   11 |   12 |   13 |   14 |   15 |   16 |   17 |
|    7 |    8 |    9 |   10 |   11 |   12 |   13 |   14 |   15 |   16 |   17 |   18 |
|    8 |    9 |   10 |   11 |   12 |   13 |   14 |   15 |   16 |   17 |   18 |   19 |
|    9 |   10 |   11 |   12 |   13 |   14 |   15 |   16 |   17 |   18 |   19 |   20 |
|   10 |   11 |   12 |   13 |   14 |   15 |   16 |   17 |   18 |   19 |   20 |   21 |
+------+------+------+------+------+------+------+------+------+------+------+------+

drop database cte_st;
