result_format: 4

set @@ob_enable_plan_cache = 0;

drop table if exists t1, t2;
create table t1 (c1 int, c2 int unsigned, 
    c3 tinyint, c4 tinyint unsigned,
    c5 smallint, c6 smallint unsigned,
    c7 mediumint, c8 mediumint unsigned,
    c9 integer, c10 integer unsigned,
    c11 bigint, c12 bigint unsigned,
    c13 float, c14 float unsigned, 
    c15 double, c16 double unsigned, 
    c17 decimal, c18 decimal unsigned, 
    c19 datetime, c20 timestamp, 
    c21 varchar(30), c22 char(30), c_null int);
insert into t1 values(1, 2, 
    1, 2, 
    1, 2, 
    1, 2, 
    1, 2, 
    1, 2, 
    3.5, 4.5, 
    5.5, 6.5,
    7.5, 8.5,
    '2019-12-01 12:00:00', '2019-12-03 06:00:00', 
    '9.5', '10.5', null);
insert into t1 values(-1, 2, 
    -1, 2, 
    -1, 2, 
    -1, 2, 
    -1, 2, 
    -1, 2, 
    -3.5, 4.5, 
    -5.5, 6.5,
    -7.5, 8.5,
    '2019-12-01 12:00:00', '2019-12-03 06:00:00', 
    '-9.5', '10.5', null);

create table t2(
  a1 char(3) primary key,
  a2 int,
  a3 char(3),
  a4 float,
  a5 datetime
);
insert into t2 values('AME',0,'SEA',0.100,date'1942-02-19');
insert into t2 values('HBR',1,'SEA',0.085,date'1948-03-05');
insert into t2 values('BOT',-2,'SEA',-0.085,date'1951-11-29');
insert into t2 values('BMC',3,'SEA',-0.085,date'1958-09-08');
insert into t2 values('TWU',+0,'LAX',-0.080,date'1969-10-05');
insert into t2 values('BDL',-0,'DEN',-0.080,date'1960-11-27');
insert into t2 values('DTX',1,'NYC',0.080,date'1961-05-04');
insert into t2 values('PLS',-1,'WDC',-0.075,date'1949-01-02');
insert into t2 values('ZAJ',2,'CHI',-0.075,date'1960-06-15');
insert into t2 values('VVV',-2,'MON',0.075,date'1959-06-28');
insert into t2 values('GTM',3,'DAL',-0.070,date'1977-09-23');
insert into t2 values('SSJ',null,'CHI',null,date'1974-03-19');
insert into t2 values('KKK',-3,'ATL',null,null);
insert into t2 values('XXX',null,'MIN',null,null);
insert into t2 values('WWW',1,'LED',null,null);
insert into t2 values('GG3',-3,'DD3',-0.051,date'1974-03-19');
insert into t2 values('GG2',-3,'DD2',0.052,date'1974-03-19');
insert into t2 values('GG1',3,'DD1',0.053,date'1974-03-19');

select sign(null) from dual;
+------------+
| sign(null) |
+------------+
|       NULL |
+------------+

select c1, sign(c1) from t1;
+------+----------+
| c1   | sign(c1) |
+------+----------+
|    1 |        1 |
|   -1 |       -1 |
+------+----------+
select c2, sign(c2) from t1;
+------+----------+
| c2   | sign(c2) |
+------+----------+
|    2 |        1 |
|    2 |        1 |
+------+----------+
select c3, sign(c3) from t1;
+------+----------+
| c3   | sign(c3) |
+------+----------+
|    1 |        1 |
|   -1 |       -1 |
+------+----------+
select c4, sign(c4) from t1;
+------+----------+
| c4   | sign(c4) |
+------+----------+
|    2 |        1 |
|    2 |        1 |
+------+----------+
select c5, sign(c5) from t1;
+------+----------+
| c5   | sign(c5) |
+------+----------+
|    1 |        1 |
|   -1 |       -1 |
+------+----------+
select c6, sign(c6) from t1;
+------+----------+
| c6   | sign(c6) |
+------+----------+
|    2 |        1 |
|    2 |        1 |
+------+----------+
select c7, sign(c7) from t1;
+------+----------+
| c7   | sign(c7) |
+------+----------+
|    1 |        1 |
|   -1 |       -1 |
+------+----------+
select c8, sign(c8) from t1;
+------+----------+
| c8   | sign(c8) |
+------+----------+
|    2 |        1 |
|    2 |        1 |
+------+----------+
select c9, sign(c9) from t1;
+------+----------+
| c9   | sign(c9) |
+------+----------+
|    1 |        1 |
|   -1 |       -1 |
+------+----------+
select c10, sign(c10) from t1;
+------+-----------+
| c10  | sign(c10) |
+------+-----------+
|    2 |         1 |
|    2 |         1 |
+------+-----------+
select c11, sign(c11) from t1;
+------+-----------+
| c11  | sign(c11) |
+------+-----------+
|    1 |         1 |
|   -1 |        -1 |
+------+-----------+
select c12, sign(c12) from t1;
+------+-----------+
| c12  | sign(c12) |
+------+-----------+
|    2 |         1 |
|    2 |         1 |
+------+-----------+
select c13, sign(c13) from t1;
+------+-----------+
| c13  | sign(c13) |
+------+-----------+
|  3.5 |         1 |
| -3.5 |        -1 |
+------+-----------+
select c14, sign(c14) from t1;
+------+-----------+
| c14  | sign(c14) |
+------+-----------+
|  4.5 |         1 |
|  4.5 |         1 |
+------+-----------+
select c15, sign(c15) from t1;
+------+-----------+
| c15  | sign(c15) |
+------+-----------+
|  5.5 |         1 |
| -5.5 |        -1 |
+------+-----------+
select c16, sign(c16) from t1;
+------+-----------+
| c16  | sign(c16) |
+------+-----------+
|  6.5 |         1 |
|  6.5 |         1 |
+------+-----------+
select c17, sign(c17) from t1;
+------+-----------+
| c17  | sign(c17) |
+------+-----------+
|    8 |         1 |
|   -8 |        -1 |
+------+-----------+
select c18, sign(c18) from t1;
+------+-----------+
| c18  | sign(c18) |
+------+-----------+
|    9 |         1 |
|    9 |         1 |
+------+-----------+
select c19, sign(c19) from t1;
+---------------------+-----------+
| c19                 | sign(c19) |
+---------------------+-----------+
| 2019-12-01 12:00:00 |         1 |
| 2019-12-01 12:00:00 |         1 |
+---------------------+-----------+
select c20, sign(c20) from t1;
+---------------------+-----------+
| c20                 | sign(c20) |
+---------------------+-----------+
| 2019-12-03 06:00:00 |         1 |
| 2019-12-03 06:00:00 |         1 |
+---------------------+-----------+
select c21, sign(c21) from t1;
+------+-----------+
| c21  | sign(c21) |
+------+-----------+
| 9.5  |         1 |
| -9.5 |        -1 |
+------+-----------+
select c22, sign(c22) from t1;
+------+-----------+
| c22  | sign(c22) |
+------+-----------+
| 10.5 |         1 |
| 10.5 |         1 |
+------+-----------+

select sign(a1) from t2;
+----------+
| sign(a1) |
+----------+
|        0 |
|        0 |
|        0 |
|        0 |
|        0 |
|        0 |
|        0 |
|        0 |
|        0 |
|        0 |
|        0 |
|        0 |
|        0 |
|        0 |
|        0 |
|        0 |
|        0 |
|        0 |
+----------+
Warnings:
Warning	1292	Truncated incorrect DOUBLE value: 'AME'
Warning	1292	Truncated incorrect DOUBLE value: 'BDL'
Warning	1292	Truncated incorrect DOUBLE value: 'BMC'
Warning	1292	Truncated incorrect DOUBLE value: 'BOT'
Warning	1292	Truncated incorrect DOUBLE value: 'DTX'
Warning	1292	Truncated incorrect DOUBLE value: 'GG1'
Warning	1292	Truncated incorrect DOUBLE value: 'GG2'
Warning	1292	Truncated incorrect DOUBLE value: 'GG3'
Warning	1292	Truncated incorrect DOUBLE value: 'GTM'
Warning	1292	Truncated incorrect DOUBLE value: 'HBR'
Warning	1292	Truncated incorrect DOUBLE value: 'KKK'
Warning	1292	Truncated incorrect DOUBLE value: 'PLS'
Warning	1292	Truncated incorrect DOUBLE value: 'SSJ'
Warning	1292	Truncated incorrect DOUBLE value: 'TWU'
Warning	1292	Truncated incorrect DOUBLE value: 'VVV'
Warning	1292	Truncated incorrect DOUBLE value: 'WWW'
Warning	1292	Truncated incorrect DOUBLE value: 'XXX'
Warning	1292	Truncated incorrect DOUBLE value: 'ZAJ'
select sign(a3) from t2;
+----------+
| sign(a3) |
+----------+
|        0 |
|        0 |
|        0 |
|        0 |
|        0 |
|        0 |
|        0 |
|        0 |
|        0 |
|        0 |
|        0 |
|        0 |
|        0 |
|        0 |
|        0 |
|        0 |
|        0 |
|        0 |
+----------+
Warnings:
Warning	1292	Truncated incorrect DOUBLE value: 'SEA'
Warning	1292	Truncated incorrect DOUBLE value: 'DEN'
Warning	1292	Truncated incorrect DOUBLE value: 'SEA'
Warning	1292	Truncated incorrect DOUBLE value: 'SEA'
Warning	1292	Truncated incorrect DOUBLE value: 'NYC'
Warning	1292	Truncated incorrect DOUBLE value: 'DD1'
Warning	1292	Truncated incorrect DOUBLE value: 'DD2'
Warning	1292	Truncated incorrect DOUBLE value: 'DD3'
Warning	1292	Truncated incorrect DOUBLE value: 'DAL'
Warning	1292	Truncated incorrect DOUBLE value: 'SEA'
Warning	1292	Truncated incorrect DOUBLE value: 'ATL'
Warning	1292	Truncated incorrect DOUBLE value: 'WDC'
Warning	1292	Truncated incorrect DOUBLE value: 'CHI'
Warning	1292	Truncated incorrect DOUBLE value: 'LAX'
Warning	1292	Truncated incorrect DOUBLE value: 'MON'
Warning	1292	Truncated incorrect DOUBLE value: 'LED'
Warning	1292	Truncated incorrect DOUBLE value: 'MIN'
Warning	1292	Truncated incorrect DOUBLE value: 'CHI'
select sign(a1),a2 from t2;
+----------+------+
| sign(a1) | a2   |
+----------+------+
|        0 |    0 |
|        0 |    0 |
|        0 |    3 |
|        0 |   -2 |
|        0 |    1 |
|        0 |    3 |
|        0 |   -3 |
|        0 |   -3 |
|        0 |    3 |
|        0 |    1 |
|        0 |   -3 |
|        0 |   -1 |
|        0 | NULL |
|        0 |    0 |
|        0 |   -2 |
|        0 |    1 |
|        0 | NULL |
|        0 |    2 |
+----------+------+
Warnings:
Warning	1292	Truncated incorrect DOUBLE value: 'AME'
Warning	1292	Truncated incorrect DOUBLE value: 'BDL'
Warning	1292	Truncated incorrect DOUBLE value: 'BMC'
Warning	1292	Truncated incorrect DOUBLE value: 'BOT'
Warning	1292	Truncated incorrect DOUBLE value: 'DTX'
Warning	1292	Truncated incorrect DOUBLE value: 'GG1'
Warning	1292	Truncated incorrect DOUBLE value: 'GG2'
Warning	1292	Truncated incorrect DOUBLE value: 'GG3'
Warning	1292	Truncated incorrect DOUBLE value: 'GTM'
Warning	1292	Truncated incorrect DOUBLE value: 'HBR'
Warning	1292	Truncated incorrect DOUBLE value: 'KKK'
Warning	1292	Truncated incorrect DOUBLE value: 'PLS'
Warning	1292	Truncated incorrect DOUBLE value: 'SSJ'
Warning	1292	Truncated incorrect DOUBLE value: 'TWU'
Warning	1292	Truncated incorrect DOUBLE value: 'VVV'
Warning	1292	Truncated incorrect DOUBLE value: 'WWW'
Warning	1292	Truncated incorrect DOUBLE value: 'XXX'
Warning	1292	Truncated incorrect DOUBLE value: 'ZAJ'
select sign(a2) from t2 where sign(a4) >= 0;
+----------+
| sign(a2) |
+----------+
|        0 |
|        1 |
|        1 |
|       -1 |
|        1 |
|       -1 |
+----------+
select sign(a4) from t2 where sign(a2) <=0 AND a2 < 2;
+----------+
| sign(a4) |
+----------+
|        1 |
|       -1 |
|       -1 |
|        1 |
|       -1 |
|     NULL |
|       -1 |
|       -1 |
|        1 |
+----------+
select * from t2 group by sign(a2);
+-----+------+------+--------+---------------------+
| a1  | a2   | a3   | a4     | a5                  |
+-----+------+------+--------+---------------------+
| AME |    0 | SEA  |    0.1 | timestamp           |
| BMC |    3 | SEA  | -0.085 | timestamp           |
| BOT |   -2 | SEA  | -0.085 | timestamp           |
| SSJ | NULL | CHI  |   NULL | timestamp           |
+-----+------+------+--------+---------------------+
select * from t2 order by sign(a4) ;
+-----+------+------+--------+---------------------+
| a1  | a2   | a3   | a4     | a5                  |
+-----+------+------+--------+---------------------+
| XXX | NULL | MIN  |   NULL | timestamp           |
| KKK |   -3 | ATL  |   NULL | timestamp           |
| SSJ | NULL | CHI  |   NULL | timestamp           |
| WWW |    1 | LED  |   NULL | timestamp           |
| GG3 |   -3 | DD3  | -0.051 | timestamp           |
| GTM |    3 | DAL  |  -0.07 | timestamp           |
| ZAJ |    2 | CHI  | -0.075 | timestamp           |
| BDL |    0 | DEN  |  -0.08 | timestamp           |
| PLS |   -1 | WDC  | -0.075 | timestamp           |
| BMC |    3 | SEA  | -0.085 | timestamp           |
| TWU |    0 | LAX  |  -0.08 | timestamp           |
| BOT |   -2 | SEA  | -0.085 | timestamp           |
| HBR |    1 | SEA  |  0.085 | timestamp           |
| DTX |    1 | NYC  |   0.08 | timestamp           |
| VVV |   -2 | MON  |  0.075 | timestamp           |
| GG1 |    3 | DD1  |  0.053 | timestamp           |
| GG2 |   -3 | DD2  |  0.052 | timestamp           |
| AME |    0 | SEA  |    0.1 | timestamp           |
+-----+------+------+--------+---------------------+
select * from t2 order by sign(a4) , a4 ;
+-----+------+------+--------+---------------------+
| a1  | a2   | a3   | a4     | a5                  |
+-----+------+------+--------+---------------------+
| XXX | NULL | MIN  |   NULL | timestamp           |
| KKK |   -3 | ATL  |   NULL | timestamp           |
| SSJ | NULL | CHI  |   NULL | timestamp           |
| WWW |    1 | LED  |   NULL | timestamp           |
| BMC |    3 | SEA  | -0.085 | timestamp           |
| BOT |   -2 | SEA  | -0.085 | timestamp           |
| BDL |    0 | DEN  |  -0.08 | timestamp           |
| TWU |    0 | LAX  |  -0.08 | timestamp           |
| ZAJ |    2 | CHI  | -0.075 | timestamp           |
| PLS |   -1 | WDC  | -0.075 | timestamp           |
| GTM |    3 | DAL  |  -0.07 | timestamp           |
| GG3 |   -3 | DD3  | -0.051 | timestamp           |
| GG2 |   -3 | DD2  |  0.052 | timestamp           |
| GG1 |    3 | DD1  |  0.053 | timestamp           |
| VVV |   -2 | MON  |  0.075 | timestamp           |
| DTX |    1 | NYC  |   0.08 | timestamp           |
| HBR |    1 | SEA  |  0.085 | timestamp           |
| AME |    0 | SEA  |    0.1 | timestamp           |
+-----+------+------+--------+---------------------+
select * from t2 order by sign(a4) , a1 ;
+-----+------+------+--------+---------------------+
| a1  | a2   | a3   | a4     | a5                  |
+-----+------+------+--------+---------------------+
| KKK |   -3 | ATL  |   NULL | timestamp           |
| SSJ | NULL | CHI  |   NULL | timestamp           |
| WWW |    1 | LED  |   NULL | timestamp           |
| XXX | NULL | MIN  |   NULL | timestamp           |
| BDL |    0 | DEN  |  -0.08 | timestamp           |
| BMC |    3 | SEA  | -0.085 | timestamp           |
| BOT |   -2 | SEA  | -0.085 | timestamp           |
| GG3 |   -3 | DD3  | -0.051 | timestamp           |
| GTM |    3 | DAL  |  -0.07 | timestamp           |
| PLS |   -1 | WDC  | -0.075 | timestamp           |
| TWU |    0 | LAX  |  -0.08 | timestamp           |
| ZAJ |    2 | CHI  | -0.075 | timestamp           |
| AME |    0 | SEA  |    0.1 | timestamp           |
| DTX |    1 | NYC  |   0.08 | timestamp           |
| GG1 |    3 | DD1  |  0.053 | timestamp           |
| GG2 |   -3 | DD2  |  0.052 | timestamp           |
| HBR |    1 | SEA  |  0.085 | timestamp           |
| VVV |   -2 | MON  |  0.075 | timestamp           |
+-----+------+------+--------+---------------------+
select abs(a2) , sum(a4) from t2 group by abs(a2) having sum(sign(a4)) > 0;
+---------+---------------------+
| abs(a2) | sum(a4)             |
+---------+---------------------+
|       1 | 0.08999999612569809 |
+---------+---------------------+
select * from t2 where a2 = sign ( floor(1.5) - ceil(1.5) + round(1.5) - abs(-1.5) + neg(-1) );
+-----+------+------+-------+---------------------+
| a1  | a2   | a3   | a4    | a5                  |
+-----+------+------+-------+---------------------+
| DTX |    1 | NYC  |  0.08 | timestamp           |
| HBR |    1 | SEA  | 0.085 | timestamp           |
| WWW |    1 | LED  |  NULL | timestamp           |
+-----+------+------+-------+---------------------+
select sign( sum(a2) ) , sign( sum(a4) ) from t2;
+-----------------+-----------------+
| sign( sum(a2) ) | sign( sum(a4) ) |
+-----------------+-----------------+
|               0 |              -1 |
+-----------------+-----------------+
select sign( avg(a2) ) , sign( avg(a4) ) from t2;
+-----------------+-----------------+
| sign( avg(a2) ) | sign( avg(a4) ) |
+-----------------+-----------------+
|               0 |              -1 |
+-----------------+-----------------+
select sign( max(a2) ) , sign( min(a4) ) from t2;
+-----------------+-----------------+
| sign( max(a2) ) | sign( min(a4) ) |
+-----------------+-----------------+
|               1 |              -1 |
+-----------------+-----------------+
select sign(count(*)) from t2;
+----------------+
| sign(count(*)) |
+----------------+
|              1 |
+----------------+
select * from t2 where sign( length(a1) ) = 1;
+-----+------+------+--------+---------------------+
| a1  | a2   | a3   | a4     | a5                  |
+-----+------+------+--------+---------------------+
| AME |    0 | SEA  |    0.1 | timestamp           |
| BDL |    0 | DEN  |  -0.08 | timestamp           |
| BMC |    3 | SEA  | -0.085 | timestamp           |
| BOT |   -2 | SEA  | -0.085 | timestamp           |
| DTX |    1 | NYC  |   0.08 | timestamp           |
| GG1 |    3 | DD1  |  0.053 | timestamp           |
| GG2 |   -3 | DD2  |  0.052 | timestamp           |
| GG3 |   -3 | DD3  | -0.051 | timestamp           |
| GTM |    3 | DAL  |  -0.07 | timestamp           |
| HBR |    1 | SEA  |  0.085 | timestamp           |
| KKK |   -3 | ATL  |   NULL | timestamp           |
| PLS |   -1 | WDC  | -0.075 | timestamp           |
| SSJ | NULL | CHI  |   NULL | timestamp           |
| TWU |    0 | LAX  |  -0.08 | timestamp           |
| VVV |   -2 | MON  |  0.075 | timestamp           |
| WWW |    1 | LED  |   NULL | timestamp           |
| XXX | NULL | MIN  |   NULL | timestamp           |
| ZAJ |    2 | CHI  | -0.075 | timestamp           |
+-----+------+------+--------+---------------------+
select sign( cast(a1 as char(1024)) ) , sign( cast(a3 as char(1024)) ) from t2;
+--------------------------------+--------------------------------+
| sign( cast(a1 as char(1024)) ) | sign( cast(a3 as char(1024)) ) |
+--------------------------------+--------------------------------+
|                              0 |                              0 |
|                              0 |                              0 |
|                              0 |                              0 |
|                              0 |                              0 |
|                              0 |                              0 |
|                              0 |                              0 |
|                              0 |                              0 |
|                              0 |                              0 |
|                              0 |                              0 |
|                              0 |                              0 |
|                              0 |                              0 |
|                              0 |                              0 |
|                              0 |                              0 |
|                              0 |                              0 |
|                              0 |                              0 |
|                              0 |                              0 |
|                              0 |                              0 |
|                              0 |                              0 |
+--------------------------------+--------------------------------+
select sign( cast(a2 as char(1024)) ) , sign( cast(a4 as char(1024)) ) from t2;
+--------------------------------+--------------------------------+
| sign( cast(a2 as char(1024)) ) | sign( cast(a4 as char(1024)) ) |
+--------------------------------+--------------------------------+
|                              0 |                              1 |
|                              0 |                             -1 |
|                              1 |                             -1 |
|                             -1 |                             -1 |
|                              1 |                              1 |
|                              1 |                              1 |
|                             -1 |                              1 |
|                             -1 |                             -1 |
|                              1 |                             -1 |
|                              1 |                              1 |
|                             -1 |                           NULL |
|                             -1 |                             -1 |
|                           NULL |                           NULL |
|                              0 |                             -1 |
|                             -1 |                              1 |
|                              1 |                           NULL |
|                           NULL |                           NULL |
|                              1 |                             -1 |
+--------------------------------+--------------------------------+
select * from t2 as t21 join t2 as t22 on sign(t21.a2) = sign(t22.a4);
+-----+------+------+--------+---------------------+-----+------+------+--------+---------------------+
| a1  | a2   | a3   | a4     | a5                  | a1  | a2   | a3   | a4     | a5                  |
+-----+------+------+--------+---------------------+-----+------+------+--------+---------------------+
| BMC |    3 | SEA  | -0.085 | 1958-09-08 00:00:00 | AME |    0 | SEA  |    0.1 | 1942-02-19 00:00:00 |
| BMC |    3 | SEA  | -0.085 | 1958-09-08 00:00:00 | DTX |    1 | NYC  |   0.08 | 1961-05-04 00:00:00 |
| BMC |    3 | SEA  | -0.085 | 1958-09-08 00:00:00 | GG1 |    3 | DD1  |  0.053 | 1974-03-19 00:00:00 |
| BMC |    3 | SEA  | -0.085 | 1958-09-08 00:00:00 | GG2 |   -3 | DD2  |  0.052 | 1974-03-19 00:00:00 |
| BMC |    3 | SEA  | -0.085 | 1958-09-08 00:00:00 | HBR |    1 | SEA  |  0.085 | 1948-03-05 00:00:00 |
| BMC |    3 | SEA  | -0.085 | 1958-09-08 00:00:00 | VVV |   -2 | MON  |  0.075 | 1959-06-28 00:00:00 |
| BOT |   -2 | SEA  | -0.085 | 1951-11-29 00:00:00 | BDL |    0 | DEN  |  -0.08 | 1960-11-27 00:00:00 |
| BOT |   -2 | SEA  | -0.085 | 1951-11-29 00:00:00 | BMC |    3 | SEA  | -0.085 | 1958-09-08 00:00:00 |
| BOT |   -2 | SEA  | -0.085 | 1951-11-29 00:00:00 | BOT |   -2 | SEA  | -0.085 | 1951-11-29 00:00:00 |
| BOT |   -2 | SEA  | -0.085 | 1951-11-29 00:00:00 | GG3 |   -3 | DD3  | -0.051 | 1974-03-19 00:00:00 |
| BOT |   -2 | SEA  | -0.085 | 1951-11-29 00:00:00 | GTM |    3 | DAL  |  -0.07 | 1977-09-23 00:00:00 |
| BOT |   -2 | SEA  | -0.085 | 1951-11-29 00:00:00 | PLS |   -1 | WDC  | -0.075 | 1949-01-02 00:00:00 |
| BOT |   -2 | SEA  | -0.085 | 1951-11-29 00:00:00 | TWU |    0 | LAX  |  -0.08 | 1969-10-05 00:00:00 |
| BOT |   -2 | SEA  | -0.085 | 1951-11-29 00:00:00 | ZAJ |    2 | CHI  | -0.075 | 1960-06-15 00:00:00 |
| DTX |    1 | NYC  |   0.08 | 1961-05-04 00:00:00 | AME |    0 | SEA  |    0.1 | 1942-02-19 00:00:00 |
| DTX |    1 | NYC  |   0.08 | 1961-05-04 00:00:00 | DTX |    1 | NYC  |   0.08 | 1961-05-04 00:00:00 |
| DTX |    1 | NYC  |   0.08 | 1961-05-04 00:00:00 | GG1 |    3 | DD1  |  0.053 | 1974-03-19 00:00:00 |
| DTX |    1 | NYC  |   0.08 | 1961-05-04 00:00:00 | GG2 |   -3 | DD2  |  0.052 | 1974-03-19 00:00:00 |
| DTX |    1 | NYC  |   0.08 | 1961-05-04 00:00:00 | HBR |    1 | SEA  |  0.085 | 1948-03-05 00:00:00 |
| DTX |    1 | NYC  |   0.08 | 1961-05-04 00:00:00 | VVV |   -2 | MON  |  0.075 | 1959-06-28 00:00:00 |
| GG1 |    3 | DD1  |  0.053 | 1974-03-19 00:00:00 | AME |    0 | SEA  |    0.1 | 1942-02-19 00:00:00 |
| GG1 |    3 | DD1  |  0.053 | 1974-03-19 00:00:00 | DTX |    1 | NYC  |   0.08 | 1961-05-04 00:00:00 |
| GG1 |    3 | DD1  |  0.053 | 1974-03-19 00:00:00 | GG1 |    3 | DD1  |  0.053 | 1974-03-19 00:00:00 |
| GG1 |    3 | DD1  |  0.053 | 1974-03-19 00:00:00 | GG2 |   -3 | DD2  |  0.052 | 1974-03-19 00:00:00 |
| GG1 |    3 | DD1  |  0.053 | 1974-03-19 00:00:00 | HBR |    1 | SEA  |  0.085 | 1948-03-05 00:00:00 |
| GG1 |    3 | DD1  |  0.053 | 1974-03-19 00:00:00 | VVV |   -2 | MON  |  0.075 | 1959-06-28 00:00:00 |
| GG2 |   -3 | DD2  |  0.052 | 1974-03-19 00:00:00 | BDL |    0 | DEN  |  -0.08 | 1960-11-27 00:00:00 |
| GG2 |   -3 | DD2  |  0.052 | 1974-03-19 00:00:00 | BMC |    3 | SEA  | -0.085 | 1958-09-08 00:00:00 |
| GG2 |   -3 | DD2  |  0.052 | 1974-03-19 00:00:00 | BOT |   -2 | SEA  | -0.085 | 1951-11-29 00:00:00 |
| GG2 |   -3 | DD2  |  0.052 | 1974-03-19 00:00:00 | GG3 |   -3 | DD3  | -0.051 | 1974-03-19 00:00:00 |
| GG2 |   -3 | DD2  |  0.052 | 1974-03-19 00:00:00 | GTM |    3 | DAL  |  -0.07 | 1977-09-23 00:00:00 |
| GG2 |   -3 | DD2  |  0.052 | 1974-03-19 00:00:00 | PLS |   -1 | WDC  | -0.075 | 1949-01-02 00:00:00 |
| GG2 |   -3 | DD2  |  0.052 | 1974-03-19 00:00:00 | TWU |    0 | LAX  |  -0.08 | 1969-10-05 00:00:00 |
| GG2 |   -3 | DD2  |  0.052 | 1974-03-19 00:00:00 | ZAJ |    2 | CHI  | -0.075 | 1960-06-15 00:00:00 |
| GG3 |   -3 | DD3  | -0.051 | 1974-03-19 00:00:00 | BDL |    0 | DEN  |  -0.08 | 1960-11-27 00:00:00 |
| GG3 |   -3 | DD3  | -0.051 | 1974-03-19 00:00:00 | BMC |    3 | SEA  | -0.085 | 1958-09-08 00:00:00 |
| GG3 |   -3 | DD3  | -0.051 | 1974-03-19 00:00:00 | BOT |   -2 | SEA  | -0.085 | 1951-11-29 00:00:00 |
| GG3 |   -3 | DD3  | -0.051 | 1974-03-19 00:00:00 | GG3 |   -3 | DD3  | -0.051 | 1974-03-19 00:00:00 |
| GG3 |   -3 | DD3  | -0.051 | 1974-03-19 00:00:00 | GTM |    3 | DAL  |  -0.07 | 1977-09-23 00:00:00 |
| GG3 |   -3 | DD3  | -0.051 | 1974-03-19 00:00:00 | PLS |   -1 | WDC  | -0.075 | 1949-01-02 00:00:00 |
| GG3 |   -3 | DD3  | -0.051 | 1974-03-19 00:00:00 | TWU |    0 | LAX  |  -0.08 | 1969-10-05 00:00:00 |
| GG3 |   -3 | DD3  | -0.051 | 1974-03-19 00:00:00 | ZAJ |    2 | CHI  | -0.075 | 1960-06-15 00:00:00 |
| GTM |    3 | DAL  |  -0.07 | 1977-09-23 00:00:00 | AME |    0 | SEA  |    0.1 | 1942-02-19 00:00:00 |
| GTM |    3 | DAL  |  -0.07 | 1977-09-23 00:00:00 | DTX |    1 | NYC  |   0.08 | 1961-05-04 00:00:00 |
| GTM |    3 | DAL  |  -0.07 | 1977-09-23 00:00:00 | GG1 |    3 | DD1  |  0.053 | 1974-03-19 00:00:00 |
| GTM |    3 | DAL  |  -0.07 | 1977-09-23 00:00:00 | GG2 |   -3 | DD2  |  0.052 | 1974-03-19 00:00:00 |
| GTM |    3 | DAL  |  -0.07 | 1977-09-23 00:00:00 | HBR |    1 | SEA  |  0.085 | 1948-03-05 00:00:00 |
| GTM |    3 | DAL  |  -0.07 | 1977-09-23 00:00:00 | VVV |   -2 | MON  |  0.075 | 1959-06-28 00:00:00 |
| HBR |    1 | SEA  |  0.085 | 1948-03-05 00:00:00 | AME |    0 | SEA  |    0.1 | 1942-02-19 00:00:00 |
| HBR |    1 | SEA  |  0.085 | 1948-03-05 00:00:00 | DTX |    1 | NYC  |   0.08 | 1961-05-04 00:00:00 |
| HBR |    1 | SEA  |  0.085 | 1948-03-05 00:00:00 | GG1 |    3 | DD1  |  0.053 | 1974-03-19 00:00:00 |
| HBR |    1 | SEA  |  0.085 | 1948-03-05 00:00:00 | GG2 |   -3 | DD2  |  0.052 | 1974-03-19 00:00:00 |
| HBR |    1 | SEA  |  0.085 | 1948-03-05 00:00:00 | HBR |    1 | SEA  |  0.085 | 1948-03-05 00:00:00 |
| HBR |    1 | SEA  |  0.085 | 1948-03-05 00:00:00 | VVV |   -2 | MON  |  0.075 | 1959-06-28 00:00:00 |
| KKK |   -3 | ATL  |   NULL | NULL                | BDL |    0 | DEN  |  -0.08 | 1960-11-27 00:00:00 |
| KKK |   -3 | ATL  |   NULL | NULL                | BMC |    3 | SEA  | -0.085 | 1958-09-08 00:00:00 |
| KKK |   -3 | ATL  |   NULL | NULL                | BOT |   -2 | SEA  | -0.085 | 1951-11-29 00:00:00 |
| KKK |   -3 | ATL  |   NULL | NULL                | GG3 |   -3 | DD3  | -0.051 | 1974-03-19 00:00:00 |
| KKK |   -3 | ATL  |   NULL | NULL                | GTM |    3 | DAL  |  -0.07 | 1977-09-23 00:00:00 |
| KKK |   -3 | ATL  |   NULL | NULL                | PLS |   -1 | WDC  | -0.075 | 1949-01-02 00:00:00 |
| KKK |   -3 | ATL  |   NULL | NULL                | TWU |    0 | LAX  |  -0.08 | 1969-10-05 00:00:00 |
| KKK |   -3 | ATL  |   NULL | NULL                | ZAJ |    2 | CHI  | -0.075 | 1960-06-15 00:00:00 |
| PLS |   -1 | WDC  | -0.075 | 1949-01-02 00:00:00 | BDL |    0 | DEN  |  -0.08 | 1960-11-27 00:00:00 |
| PLS |   -1 | WDC  | -0.075 | 1949-01-02 00:00:00 | BMC |    3 | SEA  | -0.085 | 1958-09-08 00:00:00 |
| PLS |   -1 | WDC  | -0.075 | 1949-01-02 00:00:00 | BOT |   -2 | SEA  | -0.085 | 1951-11-29 00:00:00 |
| PLS |   -1 | WDC  | -0.075 | 1949-01-02 00:00:00 | GG3 |   -3 | DD3  | -0.051 | 1974-03-19 00:00:00 |
| PLS |   -1 | WDC  | -0.075 | 1949-01-02 00:00:00 | GTM |    3 | DAL  |  -0.07 | 1977-09-23 00:00:00 |
| PLS |   -1 | WDC  | -0.075 | 1949-01-02 00:00:00 | PLS |   -1 | WDC  | -0.075 | 1949-01-02 00:00:00 |
| PLS |   -1 | WDC  | -0.075 | 1949-01-02 00:00:00 | TWU |    0 | LAX  |  -0.08 | 1969-10-05 00:00:00 |
| PLS |   -1 | WDC  | -0.075 | 1949-01-02 00:00:00 | ZAJ |    2 | CHI  | -0.075 | 1960-06-15 00:00:00 |
| VVV |   -2 | MON  |  0.075 | 1959-06-28 00:00:00 | BDL |    0 | DEN  |  -0.08 | 1960-11-27 00:00:00 |
| VVV |   -2 | MON  |  0.075 | 1959-06-28 00:00:00 | BMC |    3 | SEA  | -0.085 | 1958-09-08 00:00:00 |
| VVV |   -2 | MON  |  0.075 | 1959-06-28 00:00:00 | BOT |   -2 | SEA  | -0.085 | 1951-11-29 00:00:00 |
| VVV |   -2 | MON  |  0.075 | 1959-06-28 00:00:00 | GG3 |   -3 | DD3  | -0.051 | 1974-03-19 00:00:00 |
| VVV |   -2 | MON  |  0.075 | 1959-06-28 00:00:00 | GTM |    3 | DAL  |  -0.07 | 1977-09-23 00:00:00 |
| VVV |   -2 | MON  |  0.075 | 1959-06-28 00:00:00 | PLS |   -1 | WDC  | -0.075 | 1949-01-02 00:00:00 |
| VVV |   -2 | MON  |  0.075 | 1959-06-28 00:00:00 | TWU |    0 | LAX  |  -0.08 | 1969-10-05 00:00:00 |
| VVV |   -2 | MON  |  0.075 | 1959-06-28 00:00:00 | ZAJ |    2 | CHI  | -0.075 | 1960-06-15 00:00:00 |
| WWW |    1 | LED  |   NULL | NULL                | AME |    0 | SEA  |    0.1 | 1942-02-19 00:00:00 |
| WWW |    1 | LED  |   NULL | NULL                | DTX |    1 | NYC  |   0.08 | 1961-05-04 00:00:00 |
| WWW |    1 | LED  |   NULL | NULL                | GG1 |    3 | DD1  |  0.053 | 1974-03-19 00:00:00 |
| WWW |    1 | LED  |   NULL | NULL                | GG2 |   -3 | DD2  |  0.052 | 1974-03-19 00:00:00 |
| WWW |    1 | LED  |   NULL | NULL                | HBR |    1 | SEA  |  0.085 | 1948-03-05 00:00:00 |
| WWW |    1 | LED  |   NULL | NULL                | VVV |   -2 | MON  |  0.075 | 1959-06-28 00:00:00 |
| ZAJ |    2 | CHI  | -0.075 | 1960-06-15 00:00:00 | AME |    0 | SEA  |    0.1 | 1942-02-19 00:00:00 |
| ZAJ |    2 | CHI  | -0.075 | 1960-06-15 00:00:00 | DTX |    1 | NYC  |   0.08 | 1961-05-04 00:00:00 |
| ZAJ |    2 | CHI  | -0.075 | 1960-06-15 00:00:00 | GG1 |    3 | DD1  |  0.053 | 1974-03-19 00:00:00 |
| ZAJ |    2 | CHI  | -0.075 | 1960-06-15 00:00:00 | GG2 |   -3 | DD2  |  0.052 | 1974-03-19 00:00:00 |
| ZAJ |    2 | CHI  | -0.075 | 1960-06-15 00:00:00 | HBR |    1 | SEA  |  0.085 | 1948-03-05 00:00:00 |
| ZAJ |    2 | CHI  | -0.075 | 1960-06-15 00:00:00 | VVV |   -2 | MON  |  0.075 | 1959-06-28 00:00:00 |
+-----+------+------+--------+---------------------+-----+------+------+--------+---------------------+
select tmp.a1 , sign(tmp.a2) , tmp.a3 , sign(tmp.a4) from t2 as tmp;
+-----+--------------+------+--------------+
| a1  | sign(tmp.a2) | a3   | sign(tmp.a4) |
+-----+--------------+------+--------------+
| AME |            0 | SEA  |            1 |
| BDL |            0 | DEN  |           -1 |
| BMC |            1 | SEA  |           -1 |
| BOT |           -1 | SEA  |           -1 |
| DTX |            1 | NYC  |            1 |
| GG1 |            1 | DD1  |            1 |
| GG2 |           -1 | DD2  |            1 |
| GG3 |           -1 | DD3  |           -1 |
| GTM |            1 | DAL  |           -1 |
| HBR |            1 | SEA  |            1 |
| KKK |           -1 | ATL  |         NULL |
| PLS |           -1 | WDC  |           -1 |
| SSJ |         NULL | CHI  |         NULL |
| TWU |            0 | LAX  |           -1 |
| VVV |           -1 | MON  |            1 |
| WWW |            1 | LED  |         NULL |
| XXX |         NULL | MIN  |         NULL |
| ZAJ |            1 | CHI  |           -1 |
+-----+--------------+------+--------------+

## select for update
select sign(a2) from t2 where sign(a4) >= 0 for update;
+----------+
| sign(a2) |
+----------+
|        0 |
|        1 |
|        1 |
|       -1 |
|        1 |
|       -1 |
+----------+
select sign(a4) from t2 where sign(a2) <=0 AND a2 < 2 for update;
+----------+
| sign(a4) |
+----------+
|        1 |
|       -1 |
|       -1 |
|        1 |
|       -1 |
|     NULL |
|       -1 |
|       -1 |
|        1 |
+----------+
select * from t2 group by sign(a2) for update;
+-----+------+------+--------+---------------------+
| a1  | a2   | a3   | a4     | a5                  |
+-----+------+------+--------+---------------------+
| AME |    0 | SEA  |    0.1 | 1942-02-19 00:00:00 |
| BMC |    3 | SEA  | -0.085 | 1958-09-08 00:00:00 |
| BOT |   -2 | SEA  | -0.085 | 1951-11-29 00:00:00 |
| SSJ | NULL | CHI  |   NULL | 1974-03-19 00:00:00 |
+-----+------+------+--------+---------------------+
select * from t2 order by sign(a4) for update;
+-----+------+------+--------+---------------------+
| a1  | a2   | a3   | a4     | a5                  |
+-----+------+------+--------+---------------------+
| XXX | NULL | MIN  |   NULL | NULL                |
| KKK |   -3 | ATL  |   NULL | NULL                |
| SSJ | NULL | CHI  |   NULL | 1974-03-19 00:00:00 |
| WWW |    1 | LED  |   NULL | NULL                |
| GG3 |   -3 | DD3  | -0.051 | 1974-03-19 00:00:00 |
| GTM |    3 | DAL  |  -0.07 | 1977-09-23 00:00:00 |
| ZAJ |    2 | CHI  | -0.075 | 1960-06-15 00:00:00 |
| BDL |    0 | DEN  |  -0.08 | 1960-11-27 00:00:00 |
| PLS |   -1 | WDC  | -0.075 | 1949-01-02 00:00:00 |
| BMC |    3 | SEA  | -0.085 | 1958-09-08 00:00:00 |
| TWU |    0 | LAX  |  -0.08 | 1969-10-05 00:00:00 |
| BOT |   -2 | SEA  | -0.085 | 1951-11-29 00:00:00 |
| HBR |    1 | SEA  |  0.085 | 1948-03-05 00:00:00 |
| DTX |    1 | NYC  |   0.08 | 1961-05-04 00:00:00 |
| VVV |   -2 | MON  |  0.075 | 1959-06-28 00:00:00 |
| GG1 |    3 | DD1  |  0.053 | 1974-03-19 00:00:00 |
| GG2 |   -3 | DD2  |  0.052 | 1974-03-19 00:00:00 |
| AME |    0 | SEA  |    0.1 | 1942-02-19 00:00:00 |
+-----+------+------+--------+---------------------+
select abs(a2) , sum(a4) from t2 group by abs(a2) having sum(sign(a4)) > 0 for update;
+---------+---------------------+
| abs(a2) | sum(a4)             |
+---------+---------------------+
|       1 | 0.08999999612569809 |
+---------+---------------------+
select * from t2 where a2 = sign ( floor(1.5) - ceil(1.5) + round(1.5) - abs(-1.5) + neg(-1) ) for update;
+-----+------+------+-------+---------------------+
| a1  | a2   | a3   | a4    | a5                  |
+-----+------+------+-------+---------------------+
| DTX |    1 | NYC  |  0.08 | timestamp           |
| HBR |    1 | SEA  | 0.085 | timestamp           |
| WWW |    1 | LED  |  NULL | timestamp           |
+-----+------+------+-------+---------------------+
select sign( sum(a2) ) , sign( sum(a4) ) from t2 for update;
+-----------------+-----------------+
| sign( sum(a2) ) | sign( sum(a4) ) |
+-----------------+-----------------+
|               0 |              -1 |
+-----------------+-----------------+
select sign( avg(a2) ) , sign( avg(a4) ) from t2 for update;
+-----------------+-----------------+
| sign( avg(a2) ) | sign( avg(a4) ) |
+-----------------+-----------------+
|               0 |              -1 |
+-----------------+-----------------+
select sign( max(a2) ) , sign( min(a4) ) from t2 for update;
+-----------------+-----------------+
| sign( max(a2) ) | sign( min(a4) ) |
+-----------------+-----------------+
|               1 |              -1 |
+-----------------+-----------------+
select sign(count(*)) from t2 for update;
+----------------+
| sign(count(*)) |
+----------------+
|              1 |
+----------------+
select * from t2 where sign( length(a1) ) = 1 for update;
+-----+------+------+--------+---------------------+
| a1  | a2   | a3   | a4     | a5                  |
+-----+------+------+--------+---------------------+
| AME |    0 | SEA  |    0.1 | timestamp           |
| BDL |    0 | DEN  |  -0.08 | timestamp           |
| BMC |    3 | SEA  | -0.085 | timestamp           |
| BOT |   -2 | SEA  | -0.085 | timestamp           |
| DTX |    1 | NYC  |   0.08 | timestamp           |
| GG1 |    3 | DD1  |  0.053 | timestamp           |
| GG2 |   -3 | DD2  |  0.052 | timestamp           |
| GG3 |   -3 | DD3  | -0.051 | timestamp           |
| GTM |    3 | DAL  |  -0.07 | timestamp           |
| HBR |    1 | SEA  |  0.085 | timestamp           |
| KKK |   -3 | ATL  |   NULL | timestamp           |
| PLS |   -1 | WDC  | -0.075 | timestamp           |
| SSJ | NULL | CHI  |   NULL | timestamp           |
| TWU |    0 | LAX  |  -0.08 | timestamp           |
| VVV |   -2 | MON  |  0.075 | timestamp           |
| WWW |    1 | LED  |   NULL | timestamp           |
| XXX | NULL | MIN  |   NULL | timestamp           |
| ZAJ |    2 | CHI  | -0.075 | timestamp           |
+-----+------+------+--------+---------------------+
select sign( cast(a1 as char(1024)) ) , sign( cast(a3 as char(1024)) ) from t2 for update;
+--------------------------------+--------------------------------+
| sign( cast(a1 as char(1024)) ) | sign( cast(a3 as char(1024)) ) |
+--------------------------------+--------------------------------+
|                              0 |                              0 |
|                              0 |                              0 |
|                              0 |                              0 |
|                              0 |                              0 |
|                              0 |                              0 |
|                              0 |                              0 |
|                              0 |                              0 |
|                              0 |                              0 |
|                              0 |                              0 |
|                              0 |                              0 |
|                              0 |                              0 |
|                              0 |                              0 |
|                              0 |                              0 |
|                              0 |                              0 |
|                              0 |                              0 |
|                              0 |                              0 |
|                              0 |                              0 |
|                              0 |                              0 |
+--------------------------------+--------------------------------+
Warnings:
Warning	1292	Truncated incorrect DOUBLE value: 'AME'
Warning	1292	Truncated incorrect DOUBLE value: 'BDL'
Warning	1292	Truncated incorrect DOUBLE value: 'BMC'
Warning	1292	Truncated incorrect DOUBLE value: 'BOT'
Warning	1292	Truncated incorrect DOUBLE value: 'DTX'
Warning	1292	Truncated incorrect DOUBLE value: 'GG1'
Warning	1292	Truncated incorrect DOUBLE value: 'GG2'
Warning	1292	Truncated incorrect DOUBLE value: 'GG3'
Warning	1292	Truncated incorrect DOUBLE value: 'GTM'
Warning	1292	Truncated incorrect DOUBLE value: 'HBR'
Warning	1292	Truncated incorrect DOUBLE value: 'KKK'
Warning	1292	Truncated incorrect DOUBLE value: 'PLS'
Warning	1292	Truncated incorrect DOUBLE value: 'SSJ'
Warning	1292	Truncated incorrect DOUBLE value: 'TWU'
Warning	1292	Truncated incorrect DOUBLE value: 'VVV'
Warning	1292	Truncated incorrect DOUBLE value: 'WWW'
Warning	1292	Truncated incorrect DOUBLE value: 'XXX'
Warning	1292	Truncated incorrect DOUBLE value: 'ZAJ'
Warning	1292	Truncated incorrect DOUBLE value: 'SEA'
Warning	1292	Truncated incorrect DOUBLE value: 'DEN'
Warning	1292	Truncated incorrect DOUBLE value: 'SEA'
Warning	1292	Truncated incorrect DOUBLE value: 'SEA'
Warning	1292	Truncated incorrect DOUBLE value: 'NYC'
Warning	1292	Truncated incorrect DOUBLE value: 'DD1'
Warning	1292	Truncated incorrect DOUBLE value: 'DD2'
Warning	1292	Truncated incorrect DOUBLE value: 'DD3'
Warning	1292	Truncated incorrect DOUBLE value: 'DAL'
Warning	1292	Truncated incorrect DOUBLE value: 'SEA'
Warning	1292	Truncated incorrect DOUBLE value: 'ATL'
Warning	1292	Truncated incorrect DOUBLE value: 'WDC'
Warning	1292	Truncated incorrect DOUBLE value: 'CHI'
Warning	1292	Truncated incorrect DOUBLE value: 'LAX'
Warning	1292	Truncated incorrect DOUBLE value: 'MON'
Warning	1292	Truncated incorrect DOUBLE value: 'LED'
Warning	1292	Truncated incorrect DOUBLE value: 'MIN'
Warning	1292	Truncated incorrect DOUBLE value: 'CHI'
select sign( cast(a2 as char(1024)) ) , sign( cast(a4 as char(1024)) ) from t2 for update;
+--------------------------------+--------------------------------+
| sign( cast(a2 as char(1024)) ) | sign( cast(a4 as char(1024)) ) |
+--------------------------------+--------------------------------+
|                              0 |                              1 |
|                              0 |                             -1 |
|                              1 |                             -1 |
|                             -1 |                             -1 |
|                              1 |                              1 |
|                              1 |                              1 |
|                             -1 |                              1 |
|                             -1 |                             -1 |
|                              1 |                             -1 |
|                              1 |                              1 |
|                             -1 |                           NULL |
|                             -1 |                             -1 |
|                           NULL |                           NULL |
|                              0 |                             -1 |
|                             -1 |                              1 |
|                              1 |                           NULL |
|                           NULL |                           NULL |
|                              1 |                             -1 |
+--------------------------------+--------------------------------+

#
select sign(1E-300) from dual;
+--------------+
| sign(1E-300) |
+--------------+
|            1 |
+--------------+
select sign(1E-400) from dual;
+--------------+
| sign(1E-400) |
+--------------+
|            0 |
+--------------+

##bug:
drop table if exists t1;
create table t1(c1 bit(64),c2 bit(64));
insert into t1(c1) values(1);

select sign(c1) from t1;
+----------+
| sign(c1) |
+----------+
|        1 |
+----------+

drop table t1;
