result_format: 4

alter system set enable_async_syslog = false;
set @@ob_enable_plan_cache = 0;
drop table if exists t1;
alter system set default_table_store_format = "row";
create table t1 (c1 int, c2 int unsigned, 
    c3 tinyint, c4 tinyint unsigned,
    c5 smallint, c6 smallint unsigned,
    c7 mediumint, c8 mediumint unsigned,
    c9 integer, c10 integer unsigned,
    c11 bigint, c12 bigint unsigned,
    c13 float, c14 float unsigned, 
    c15 double, c16 double unsigned, 
    c17 decimal, c18 decimal unsigned, 
    c19 datetime, c20 timestamp, 
    c21 varchar(30), c22 char(30));
insert into t1 values(1, 2, 
    1, 2, 
    1, 2, 
    1, 2, 
    1, 2, 
    1, 2, 
    3.5, 4.5, 
    5.5, 6.5,
    7.5, 8.5,
    '2019-12-01 12:00:00', '2019-12-03 06:00:00', 
    '9.5', '10.5');
Warnings:
Warning	1265	Data truncated for column 'c17' at row 1
Warning	1265	Data truncated for column '"test"."t1"."c18"' at row 1
insert into t1 values(-1, 2, 
    -1, 2, 
    -1, 2, 
    -1, 2, 
    -1, 2, 
    -1, 2, 
    -3.5, 4.5, 
    -5.5, 6.5,
    -7.5, 8.5,
    '2019-12-01 12:00:00', '2019-12-03 06:00:00', 
    '-9.5', '10.5');
Warnings:
Warning	1265	Data truncated for column 'c17' at row 1
Warning	1265	Data truncated for column '"test"."t1"."c18"' at row 1
insert into t1(c17) values(1), (-1), (10000000000000), (-10000000000000), (0.000001), (-0.000001);
ERROR 22003: Out of range value for column 'c17' at row 3

select log2(c1), log10(c1), exp(c1), sqrt(c1) from t1;
+----------+-----------+---------------------+----------+
| log2(c1) | log10(c1) | exp(c1)             | sqrt(c1) |
+----------+-----------+---------------------+----------+
|        0 |         0 |   2.718281828459045 |        1 |
|     NULL |      NULL | 0.36787944117144233 |     NULL |
+----------+-----------+---------------------+----------+
Warnings:
Warning	3020	Invalid argument for logarithm
Warning	3020	Invalid argument for logarithm
select pow(c1, c1), power(c1, c1) from t1;
+-------------+---------------+
| pow(c1, c1) | power(c1, c1) |
+-------------+---------------+
|           1 |             1 |
|          -1 |            -1 |
+-------------+---------------+

select pow(c1, c2), power(c1, c2) from t1;
+-------------+---------------+
| pow(c1, c2) | power(c1, c2) |
+-------------+---------------+
|           1 |             1 |
|           1 |             1 |
+-------------+---------------+

select pow(c1, c3), power(c1, c3) from t1;
+-------------+---------------+
| pow(c1, c3) | power(c1, c3) |
+-------------+---------------+
|           1 |             1 |
|          -1 |            -1 |
+-------------+---------------+

select pow(c1, c4), power(c1, c4) from t1;
+-------------+---------------+
| pow(c1, c4) | power(c1, c4) |
+-------------+---------------+
|           1 |             1 |
|           1 |             1 |
+-------------+---------------+

select pow(c1, c5), power(c1, c5) from t1;
+-------------+---------------+
| pow(c1, c5) | power(c1, c5) |
+-------------+---------------+
|           1 |             1 |
|          -1 |            -1 |
+-------------+---------------+

select pow(c1, c6), power(c1, c6) from t1;
+-------------+---------------+
| pow(c1, c6) | power(c1, c6) |
+-------------+---------------+
|           1 |             1 |
|           1 |             1 |
+-------------+---------------+

select pow(c1, c7), power(c1, c7) from t1;
+-------------+---------------+
| pow(c1, c7) | power(c1, c7) |
+-------------+---------------+
|           1 |             1 |
|          -1 |            -1 |
+-------------+---------------+

select pow(c1, c8), power(c1, c8) from t1;
+-------------+---------------+
| pow(c1, c8) | power(c1, c8) |
+-------------+---------------+
|           1 |             1 |
|           1 |             1 |
+-------------+---------------+

select pow(c1, c9), power(c1, c9) from t1;
+-------------+---------------+
| pow(c1, c9) | power(c1, c9) |
+-------------+---------------+
|           1 |             1 |
|          -1 |            -1 |
+-------------+---------------+

select pow(c1, c10), power(c1, c10) from t1;
+--------------+----------------+
| pow(c1, c10) | power(c1, c10) |
+--------------+----------------+
|            1 |              1 |
|            1 |              1 |
+--------------+----------------+

select pow(c1, c11), power(c1, c11) from t1;
+--------------+----------------+
| pow(c1, c11) | power(c1, c11) |
+--------------+----------------+
|            1 |              1 |
|           -1 |             -1 |
+--------------+----------------+

select pow(c1, c12), power(c1, c12) from t1;
+--------------+----------------+
| pow(c1, c12) | power(c1, c12) |
+--------------+----------------+
|            1 |              1 |
|            1 |              1 |
+--------------+----------------+

select pow(c1, c13), power(c1, c13) from t1;
ERROR 22003: value is out of range

select pow(c1, c14), power(c1, c14) from t1;
ERROR 22003: value is out of range

select pow(c1, c15), power(c1, c15) from t1;
ERROR 22003: value is out of range

select pow(c1, c16), power(c1, c16) from t1;
ERROR 22003: value is out of range

select pow(c1, c17), power(c1, c17) from t1;
+--------------+----------------+
| pow(c1, c17) | power(c1, c17) |
+--------------+----------------+
|            1 |              1 |
|            1 |              1 |
+--------------+----------------+

select pow(c1, c18), power(c1, c18) from t1;
+--------------+----------------+
| pow(c1, c18) | power(c1, c18) |
+--------------+----------------+
|            1 |              1 |
|           -1 |             -1 |
+--------------+----------------+

select pow(c1, c19), power(c1, c19) from t1;
+--------------+----------------+
| pow(c1, c19) | power(c1, c19) |
+--------------+----------------+
|            1 |              1 |
|            1 |              1 |
+--------------+----------------+

select pow(c1, c20), power(c1, c20) from t1;
+--------------+----------------+
| pow(c1, c20) | power(c1, c20) |
+--------------+----------------+
|            1 |              1 |
|            1 |              1 |
+--------------+----------------+

select pow(c1, c21), power(c1, c21) from t1;
ERROR 22003: value is out of range

select pow(c1, c22), power(c1, c22) from t1;
ERROR 22003: value is out of range

select log2(c2), log10(c2), exp(c2), sqrt(c2) from t1;
+----------+--------------------+------------------+--------------------+
| log2(c2) | log10(c2)          | exp(c2)          | sqrt(c2)           |
+----------+--------------------+------------------+--------------------+
|        1 | 0.3010299956639812 | 7.38905609893065 | 1.4142135623730951 |
|        1 | 0.3010299956639812 | 7.38905609893065 | 1.4142135623730951 |
+----------+--------------------+------------------+--------------------+
select pow(c2, c1), power(c2, c1) from t1;
+-------------+---------------+
| pow(c2, c1) | power(c2, c1) |
+-------------+---------------+
|           2 |             2 |
|         0.5 |           0.5 |
+-------------+---------------+

select pow(c2, c2), power(c2, c2) from t1;
+-------------+---------------+
| pow(c2, c2) | power(c2, c2) |
+-------------+---------------+
|           4 |             4 |
|           4 |             4 |
+-------------+---------------+

select pow(c2, c3), power(c2, c3) from t1;
+-------------+---------------+
| pow(c2, c3) | power(c2, c3) |
+-------------+---------------+
|           2 |             2 |
|         0.5 |           0.5 |
+-------------+---------------+

select pow(c2, c4), power(c2, c4) from t1;
+-------------+---------------+
| pow(c2, c4) | power(c2, c4) |
+-------------+---------------+
|           4 |             4 |
|           4 |             4 |
+-------------+---------------+

select pow(c2, c5), power(c2, c5) from t1;
+-------------+---------------+
| pow(c2, c5) | power(c2, c5) |
+-------------+---------------+
|           2 |             2 |
|         0.5 |           0.5 |
+-------------+---------------+

select pow(c2, c6), power(c2, c6) from t1;
+-------------+---------------+
| pow(c2, c6) | power(c2, c6) |
+-------------+---------------+
|           4 |             4 |
|           4 |             4 |
+-------------+---------------+

select pow(c2, c7), power(c2, c7) from t1;
+-------------+---------------+
| pow(c2, c7) | power(c2, c7) |
+-------------+---------------+
|           2 |             2 |
|         0.5 |           0.5 |
+-------------+---------------+

select pow(c2, c8), power(c2, c8) from t1;
+-------------+---------------+
| pow(c2, c8) | power(c2, c8) |
+-------------+---------------+
|           4 |             4 |
|           4 |             4 |
+-------------+---------------+

select pow(c2, c9), power(c2, c9) from t1;
+-------------+---------------+
| pow(c2, c9) | power(c2, c9) |
+-------------+---------------+
|           2 |             2 |
|         0.5 |           0.5 |
+-------------+---------------+

select pow(c2, c10), power(c2, c10) from t1;
+--------------+----------------+
| pow(c2, c10) | power(c2, c10) |
+--------------+----------------+
|            4 |              4 |
|            4 |              4 |
+--------------+----------------+

select pow(c2, c11), power(c2, c11) from t1;
+--------------+----------------+
| pow(c2, c11) | power(c2, c11) |
+--------------+----------------+
|            2 |              2 |
|          0.5 |            0.5 |
+--------------+----------------+

select pow(c2, c12), power(c2, c12) from t1;
+--------------+----------------+
| pow(c2, c12) | power(c2, c12) |
+--------------+----------------+
|            4 |              4 |
|            4 |              4 |
+--------------+----------------+

select pow(c2, c13), power(c2, c13) from t1;
+---------------------+---------------------+
| pow(c2, c13)        | power(c2, c13)      |
+---------------------+---------------------+
|  11.313708498984761 |  11.313708498984761 |
| 0.08838834764831845 | 0.08838834764831845 |
+---------------------+---------------------+

select pow(c2, c14), power(c2, c14) from t1;
+--------------------+--------------------+
| pow(c2, c14)       | power(c2, c14)     |
+--------------------+--------------------+
| 22.627416997969522 | 22.627416997969522 |
| 22.627416997969522 | 22.627416997969522 |
+--------------------+--------------------+

select pow(c2, c15), power(c2, c15) from t1;
+---------------------+---------------------+
| pow(c2, c15)        | power(c2, c15)      |
+---------------------+---------------------+
|  45.254833995939045 |  45.254833995939045 |
| 0.02209708691207961 | 0.02209708691207961 |
+---------------------+---------------------+

select pow(c2, c16), power(c2, c16) from t1;
+-------------------+-------------------+
| pow(c2, c16)      | power(c2, c16)    |
+-------------------+-------------------+
| 90.50966799187809 | 90.50966799187809 |
| 90.50966799187809 | 90.50966799187809 |
+-------------------+-------------------+

select pow(c2, c17), power(c2, c17) from t1;
+--------------+----------------+
| pow(c2, c17) | power(c2, c17) |
+--------------+----------------+
|          256 |            256 |
|   0.00390625 |     0.00390625 |
+--------------+----------------+

select pow(c2, c18), power(c2, c18) from t1;
+--------------+----------------+
| pow(c2, c18) | power(c2, c18) |
+--------------+----------------+
|          512 |            512 |
|          512 |            512 |
+--------------+----------------+

select pow(c2, c19), power(c2, c19) from t1;
ERROR 22003: value is out of range

select pow(c2, c20), power(c2, c20) from t1;
ERROR 22003: value is out of range

select pow(c2, c21), power(c2, c21) from t1;
+-----------------------+-----------------------+
| pow(c2, c21)          | power(c2, c21)        |
+-----------------------+-----------------------+
|     724.0773439350247 |     724.0773439350247 |
| 0.0013810679320049757 | 0.0013810679320049757 |
+-----------------------+-----------------------+

select pow(c2, c22), power(c2, c22) from t1;
+--------------------+--------------------+
| pow(c2, c22)       | power(c2, c22)     |
+--------------------+--------------------+
| 1448.1546878700494 | 1448.1546878700494 |
| 1448.1546878700494 | 1448.1546878700494 |
+--------------------+--------------------+

select log2(c3), log10(c3), exp(c3), sqrt(c3) from t1;
+----------+-----------+---------------------+----------+
| log2(c3) | log10(c3) | exp(c3)             | sqrt(c3) |
+----------+-----------+---------------------+----------+
|        0 |         0 |   2.718281828459045 |        1 |
|     NULL |      NULL | 0.36787944117144233 |     NULL |
+----------+-----------+---------------------+----------+
Warnings:
Warning	3020	Invalid argument for logarithm
Warning	3020	Invalid argument for logarithm
select pow(c3, c1), power(c3, c1) from t1;
+-------------+---------------+
| pow(c3, c1) | power(c3, c1) |
+-------------+---------------+
|           1 |             1 |
|          -1 |            -1 |
+-------------+---------------+

select pow(c3, c2), power(c3, c2) from t1;
+-------------+---------------+
| pow(c3, c2) | power(c3, c2) |
+-------------+---------------+
|           1 |             1 |
|           1 |             1 |
+-------------+---------------+

select pow(c3, c3), power(c3, c3) from t1;
+-------------+---------------+
| pow(c3, c3) | power(c3, c3) |
+-------------+---------------+
|           1 |             1 |
|          -1 |            -1 |
+-------------+---------------+

select pow(c3, c4), power(c3, c4) from t1;
+-------------+---------------+
| pow(c3, c4) | power(c3, c4) |
+-------------+---------------+
|           1 |             1 |
|           1 |             1 |
+-------------+---------------+

select pow(c3, c5), power(c3, c5) from t1;
+-------------+---------------+
| pow(c3, c5) | power(c3, c5) |
+-------------+---------------+
|           1 |             1 |
|          -1 |            -1 |
+-------------+---------------+

select pow(c3, c6), power(c3, c6) from t1;
+-------------+---------------+
| pow(c3, c6) | power(c3, c6) |
+-------------+---------------+
|           1 |             1 |
|           1 |             1 |
+-------------+---------------+

select pow(c3, c7), power(c3, c7) from t1;
+-------------+---------------+
| pow(c3, c7) | power(c3, c7) |
+-------------+---------------+
|           1 |             1 |
|          -1 |            -1 |
+-------------+---------------+

select pow(c3, c8), power(c3, c8) from t1;
+-------------+---------------+
| pow(c3, c8) | power(c3, c8) |
+-------------+---------------+
|           1 |             1 |
|           1 |             1 |
+-------------+---------------+

select pow(c3, c9), power(c3, c9) from t1;
+-------------+---------------+
| pow(c3, c9) | power(c3, c9) |
+-------------+---------------+
|           1 |             1 |
|          -1 |            -1 |
+-------------+---------------+

select pow(c3, c10), power(c3, c10) from t1;
+--------------+----------------+
| pow(c3, c10) | power(c3, c10) |
+--------------+----------------+
|            1 |              1 |
|            1 |              1 |
+--------------+----------------+

select pow(c3, c11), power(c3, c11) from t1;
+--------------+----------------+
| pow(c3, c11) | power(c3, c11) |
+--------------+----------------+
|            1 |              1 |
|           -1 |             -1 |
+--------------+----------------+

select pow(c3, c12), power(c3, c12) from t1;
+--------------+----------------+
| pow(c3, c12) | power(c3, c12) |
+--------------+----------------+
|            1 |              1 |
|            1 |              1 |
+--------------+----------------+

select pow(c3, c13), power(c3, c13) from t1;
ERROR 22003: value is out of range

select pow(c3, c14), power(c3, c14) from t1;
ERROR 22003: value is out of range

select pow(c3, c15), power(c3, c15) from t1;
ERROR 22003: value is out of range

select pow(c3, c16), power(c3, c16) from t1;
ERROR 22003: value is out of range

select pow(c3, c17), power(c3, c17) from t1;
+--------------+----------------+
| pow(c3, c17) | power(c3, c17) |
+--------------+----------------+
|            1 |              1 |
|            1 |              1 |
+--------------+----------------+

select pow(c3, c18), power(c3, c18) from t1;
+--------------+----------------+
| pow(c3, c18) | power(c3, c18) |
+--------------+----------------+
|            1 |              1 |
|           -1 |             -1 |
+--------------+----------------+

select pow(c3, c19), power(c3, c19) from t1;
+--------------+----------------+
| pow(c3, c19) | power(c3, c19) |
+--------------+----------------+
|            1 |              1 |
|            1 |              1 |
+--------------+----------------+

select pow(c3, c20), power(c3, c20) from t1;
+--------------+----------------+
| pow(c3, c20) | power(c3, c20) |
+--------------+----------------+
|            1 |              1 |
|            1 |              1 |
+--------------+----------------+

select pow(c3, c21), power(c3, c21) from t1;
ERROR 22003: value is out of range

select pow(c3, c22), power(c3, c22) from t1;
ERROR 22003: value is out of range

select log2(c4), log10(c4), exp(c4), sqrt(c4) from t1;
+----------+--------------------+------------------+--------------------+
| log2(c4) | log10(c4)          | exp(c4)          | sqrt(c4)           |
+----------+--------------------+------------------+--------------------+
|        1 | 0.3010299956639812 | 7.38905609893065 | 1.4142135623730951 |
|        1 | 0.3010299956639812 | 7.38905609893065 | 1.4142135623730951 |
+----------+--------------------+------------------+--------------------+
select pow(c4, c1), power(c4, c1) from t1;
+-------------+---------------+
| pow(c4, c1) | power(c4, c1) |
+-------------+---------------+
|           2 |             2 |
|         0.5 |           0.5 |
+-------------+---------------+

select pow(c4, c2), power(c4, c2) from t1;
+-------------+---------------+
| pow(c4, c2) | power(c4, c2) |
+-------------+---------------+
|           4 |             4 |
|           4 |             4 |
+-------------+---------------+

select pow(c4, c3), power(c4, c3) from t1;
+-------------+---------------+
| pow(c4, c3) | power(c4, c3) |
+-------------+---------------+
|           2 |             2 |
|         0.5 |           0.5 |
+-------------+---------------+

select pow(c4, c4), power(c4, c4) from t1;
+-------------+---------------+
| pow(c4, c4) | power(c4, c4) |
+-------------+---------------+
|           4 |             4 |
|           4 |             4 |
+-------------+---------------+

select pow(c4, c5), power(c4, c5) from t1;
+-------------+---------------+
| pow(c4, c5) | power(c4, c5) |
+-------------+---------------+
|           2 |             2 |
|         0.5 |           0.5 |
+-------------+---------------+

select pow(c4, c6), power(c4, c6) from t1;
+-------------+---------------+
| pow(c4, c6) | power(c4, c6) |
+-------------+---------------+
|           4 |             4 |
|           4 |             4 |
+-------------+---------------+

select pow(c4, c7), power(c4, c7) from t1;
+-------------+---------------+
| pow(c4, c7) | power(c4, c7) |
+-------------+---------------+
|           2 |             2 |
|         0.5 |           0.5 |
+-------------+---------------+

select pow(c4, c8), power(c4, c8) from t1;
+-------------+---------------+
| pow(c4, c8) | power(c4, c8) |
+-------------+---------------+
|           4 |             4 |
|           4 |             4 |
+-------------+---------------+

select pow(c4, c9), power(c4, c9) from t1;
+-------------+---------------+
| pow(c4, c9) | power(c4, c9) |
+-------------+---------------+
|           2 |             2 |
|         0.5 |           0.5 |
+-------------+---------------+

select pow(c4, c10), power(c4, c10) from t1;
+--------------+----------------+
| pow(c4, c10) | power(c4, c10) |
+--------------+----------------+
|            4 |              4 |
|            4 |              4 |
+--------------+----------------+

select pow(c4, c11), power(c4, c11) from t1;
+--------------+----------------+
| pow(c4, c11) | power(c4, c11) |
+--------------+----------------+
|            2 |              2 |
|          0.5 |            0.5 |
+--------------+----------------+

select pow(c4, c12), power(c4, c12) from t1;
+--------------+----------------+
| pow(c4, c12) | power(c4, c12) |
+--------------+----------------+
|            4 |              4 |
|            4 |              4 |
+--------------+----------------+

select pow(c4, c13), power(c4, c13) from t1;
+---------------------+---------------------+
| pow(c4, c13)        | power(c4, c13)      |
+---------------------+---------------------+
|  11.313708498984761 |  11.313708498984761 |
| 0.08838834764831845 | 0.08838834764831845 |
+---------------------+---------------------+

select pow(c4, c14), power(c4, c14) from t1;
+--------------------+--------------------+
| pow(c4, c14)       | power(c4, c14)     |
+--------------------+--------------------+
| 22.627416997969522 | 22.627416997969522 |
| 22.627416997969522 | 22.627416997969522 |
+--------------------+--------------------+

select pow(c4, c15), power(c4, c15) from t1;
+---------------------+---------------------+
| pow(c4, c15)        | power(c4, c15)      |
+---------------------+---------------------+
|  45.254833995939045 |  45.254833995939045 |
| 0.02209708691207961 | 0.02209708691207961 |
+---------------------+---------------------+

select pow(c4, c16), power(c4, c16) from t1;
+-------------------+-------------------+
| pow(c4, c16)      | power(c4, c16)    |
+-------------------+-------------------+
| 90.50966799187809 | 90.50966799187809 |
| 90.50966799187809 | 90.50966799187809 |
+-------------------+-------------------+

select pow(c4, c17), power(c4, c17) from t1;
+--------------+----------------+
| pow(c4, c17) | power(c4, c17) |
+--------------+----------------+
|          256 |            256 |
|   0.00390625 |     0.00390625 |
+--------------+----------------+

select pow(c4, c18), power(c4, c18) from t1;
+--------------+----------------+
| pow(c4, c18) | power(c4, c18) |
+--------------+----------------+
|          512 |            512 |
|          512 |            512 |
+--------------+----------------+

select pow(c4, c19), power(c4, c19) from t1;
ERROR 22003: value is out of range

select pow(c4, c20), power(c4, c20) from t1;
ERROR 22003: value is out of range

select pow(c4, c21), power(c4, c21) from t1;
+-----------------------+-----------------------+
| pow(c4, c21)          | power(c4, c21)        |
+-----------------------+-----------------------+
|     724.0773439350247 |     724.0773439350247 |
| 0.0013810679320049757 | 0.0013810679320049757 |
+-----------------------+-----------------------+

select pow(c4, c22), power(c4, c22) from t1;
+--------------------+--------------------+
| pow(c4, c22)       | power(c4, c22)     |
+--------------------+--------------------+
| 1448.1546878700494 | 1448.1546878700494 |
| 1448.1546878700494 | 1448.1546878700494 |
+--------------------+--------------------+

select log2(c5), log10(c5), exp(c5), sqrt(c5) from t1;
+----------+-----------+---------------------+----------+
| log2(c5) | log10(c5) | exp(c5)             | sqrt(c5) |
+----------+-----------+---------------------+----------+
|        0 |         0 |   2.718281828459045 |        1 |
|     NULL |      NULL | 0.36787944117144233 |     NULL |
+----------+-----------+---------------------+----------+
Warnings:
Warning	3020	Invalid argument for logarithm
Warning	3020	Invalid argument for logarithm
select pow(c5, c1), power(c5, c1) from t1;
+-------------+---------------+
| pow(c5, c1) | power(c5, c1) |
+-------------+---------------+
|           1 |             1 |
|          -1 |            -1 |
+-------------+---------------+

select pow(c5, c2), power(c5, c2) from t1;
+-------------+---------------+
| pow(c5, c2) | power(c5, c2) |
+-------------+---------------+
|           1 |             1 |
|           1 |             1 |
+-------------+---------------+

select pow(c5, c3), power(c5, c3) from t1;
+-------------+---------------+
| pow(c5, c3) | power(c5, c3) |
+-------------+---------------+
|           1 |             1 |
|          -1 |            -1 |
+-------------+---------------+

select pow(c5, c4), power(c5, c4) from t1;
+-------------+---------------+
| pow(c5, c4) | power(c5, c4) |
+-------------+---------------+
|           1 |             1 |
|           1 |             1 |
+-------------+---------------+

select pow(c5, c5), power(c5, c5) from t1;
+-------------+---------------+
| pow(c5, c5) | power(c5, c5) |
+-------------+---------------+
|           1 |             1 |
|          -1 |            -1 |
+-------------+---------------+

select pow(c5, c6), power(c5, c6) from t1;
+-------------+---------------+
| pow(c5, c6) | power(c5, c6) |
+-------------+---------------+
|           1 |             1 |
|           1 |             1 |
+-------------+---------------+

select pow(c5, c7), power(c5, c7) from t1;
+-------------+---------------+
| pow(c5, c7) | power(c5, c7) |
+-------------+---------------+
|           1 |             1 |
|          -1 |            -1 |
+-------------+---------------+

select pow(c5, c8), power(c5, c8) from t1;
+-------------+---------------+
| pow(c5, c8) | power(c5, c8) |
+-------------+---------------+
|           1 |             1 |
|           1 |             1 |
+-------------+---------------+

select pow(c5, c9), power(c5, c9) from t1;
+-------------+---------------+
| pow(c5, c9) | power(c5, c9) |
+-------------+---------------+
|           1 |             1 |
|          -1 |            -1 |
+-------------+---------------+

select pow(c5, c10), power(c5, c10) from t1;
+--------------+----------------+
| pow(c5, c10) | power(c5, c10) |
+--------------+----------------+
|            1 |              1 |
|            1 |              1 |
+--------------+----------------+

select pow(c5, c11), power(c5, c11) from t1;
+--------------+----------------+
| pow(c5, c11) | power(c5, c11) |
+--------------+----------------+
|            1 |              1 |
|           -1 |             -1 |
+--------------+----------------+

select pow(c5, c12), power(c5, c12) from t1;
+--------------+----------------+
| pow(c5, c12) | power(c5, c12) |
+--------------+----------------+
|            1 |              1 |
|            1 |              1 |
+--------------+----------------+

select pow(c5, c13), power(c5, c13) from t1;
ERROR 22003: value is out of range

select pow(c5, c14), power(c5, c14) from t1;
ERROR 22003: value is out of range

select pow(c5, c15), power(c5, c15) from t1;
ERROR 22003: value is out of range

select pow(c5, c16), power(c5, c16) from t1;
ERROR 22003: value is out of range

select pow(c5, c17), power(c5, c17) from t1;
+--------------+----------------+
| pow(c5, c17) | power(c5, c17) |
+--------------+----------------+
|            1 |              1 |
|            1 |              1 |
+--------------+----------------+

select pow(c5, c18), power(c5, c18) from t1;
+--------------+----------------+
| pow(c5, c18) | power(c5, c18) |
+--------------+----------------+
|            1 |              1 |
|           -1 |             -1 |
+--------------+----------------+

select pow(c5, c19), power(c5, c19) from t1;
+--------------+----------------+
| pow(c5, c19) | power(c5, c19) |
+--------------+----------------+
|            1 |              1 |
|            1 |              1 |
+--------------+----------------+

select pow(c5, c20), power(c5, c20) from t1;
+--------------+----------------+
| pow(c5, c20) | power(c5, c20) |
+--------------+----------------+
|            1 |              1 |
|            1 |              1 |
+--------------+----------------+

select pow(c5, c21), power(c5, c21) from t1;
ERROR 22003: value is out of range

select pow(c5, c22), power(c5, c22) from t1;
ERROR 22003: value is out of range

select log2(c6), log10(c6), exp(c6), sqrt(c6) from t1;
+----------+--------------------+------------------+--------------------+
| log2(c6) | log10(c6)          | exp(c6)          | sqrt(c6)           |
+----------+--------------------+------------------+--------------------+
|        1 | 0.3010299956639812 | 7.38905609893065 | 1.4142135623730951 |
|        1 | 0.3010299956639812 | 7.38905609893065 | 1.4142135623730951 |
+----------+--------------------+------------------+--------------------+
select pow(c6, c1), power(c6, c1) from t1;
+-------------+---------------+
| pow(c6, c1) | power(c6, c1) |
+-------------+---------------+
|           2 |             2 |
|         0.5 |           0.5 |
+-------------+---------------+

select pow(c6, c2), power(c6, c2) from t1;
+-------------+---------------+
| pow(c6, c2) | power(c6, c2) |
+-------------+---------------+
|           4 |             4 |
|           4 |             4 |
+-------------+---------------+

select pow(c6, c3), power(c6, c3) from t1;
+-------------+---------------+
| pow(c6, c3) | power(c6, c3) |
+-------------+---------------+
|           2 |             2 |
|         0.5 |           0.5 |
+-------------+---------------+

select pow(c6, c4), power(c6, c4) from t1;
+-------------+---------------+
| pow(c6, c4) | power(c6, c4) |
+-------------+---------------+
|           4 |             4 |
|           4 |             4 |
+-------------+---------------+

select pow(c6, c5), power(c6, c5) from t1;
+-------------+---------------+
| pow(c6, c5) | power(c6, c5) |
+-------------+---------------+
|           2 |             2 |
|         0.5 |           0.5 |
+-------------+---------------+

select pow(c6, c6), power(c6, c6) from t1;
+-------------+---------------+
| pow(c6, c6) | power(c6, c6) |
+-------------+---------------+
|           4 |             4 |
|           4 |             4 |
+-------------+---------------+

select pow(c6, c7), power(c6, c7) from t1;
+-------------+---------------+
| pow(c6, c7) | power(c6, c7) |
+-------------+---------------+
|           2 |             2 |
|         0.5 |           0.5 |
+-------------+---------------+

select pow(c6, c8), power(c6, c8) from t1;
+-------------+---------------+
| pow(c6, c8) | power(c6, c8) |
+-------------+---------------+
|           4 |             4 |
|           4 |             4 |
+-------------+---------------+

select pow(c6, c9), power(c6, c9) from t1;
+-------------+---------------+
| pow(c6, c9) | power(c6, c9) |
+-------------+---------------+
|           2 |             2 |
|         0.5 |           0.5 |
+-------------+---------------+

select pow(c6, c10), power(c6, c10) from t1;
+--------------+----------------+
| pow(c6, c10) | power(c6, c10) |
+--------------+----------------+
|            4 |              4 |
|            4 |              4 |
+--------------+----------------+

select pow(c6, c11), power(c6, c11) from t1;
+--------------+----------------+
| pow(c6, c11) | power(c6, c11) |
+--------------+----------------+
|            2 |              2 |
|          0.5 |            0.5 |
+--------------+----------------+

select pow(c6, c12), power(c6, c12) from t1;
+--------------+----------------+
| pow(c6, c12) | power(c6, c12) |
+--------------+----------------+
|            4 |              4 |
|            4 |              4 |
+--------------+----------------+

select pow(c6, c13), power(c6, c13) from t1;
+---------------------+---------------------+
| pow(c6, c13)        | power(c6, c13)      |
+---------------------+---------------------+
|  11.313708498984761 |  11.313708498984761 |
| 0.08838834764831845 | 0.08838834764831845 |
+---------------------+---------------------+

select pow(c6, c14), power(c6, c14) from t1;
+--------------------+--------------------+
| pow(c6, c14)       | power(c6, c14)     |
+--------------------+--------------------+
| 22.627416997969522 | 22.627416997969522 |
| 22.627416997969522 | 22.627416997969522 |
+--------------------+--------------------+

select pow(c6, c15), power(c6, c15) from t1;
+---------------------+---------------------+
| pow(c6, c15)        | power(c6, c15)      |
+---------------------+---------------------+
|  45.254833995939045 |  45.254833995939045 |
| 0.02209708691207961 | 0.02209708691207961 |
+---------------------+---------------------+

select pow(c6, c16), power(c6, c16) from t1;
+-------------------+-------------------+
| pow(c6, c16)      | power(c6, c16)    |
+-------------------+-------------------+
| 90.50966799187809 | 90.50966799187809 |
| 90.50966799187809 | 90.50966799187809 |
+-------------------+-------------------+

select pow(c6, c17), power(c6, c17) from t1;
+--------------+----------------+
| pow(c6, c17) | power(c6, c17) |
+--------------+----------------+
|          256 |            256 |
|   0.00390625 |     0.00390625 |
+--------------+----------------+

select pow(c6, c18), power(c6, c18) from t1;
+--------------+----------------+
| pow(c6, c18) | power(c6, c18) |
+--------------+----------------+
|          512 |            512 |
|          512 |            512 |
+--------------+----------------+

select pow(c6, c19), power(c6, c19) from t1;
ERROR 22003: value is out of range

select pow(c6, c20), power(c6, c20) from t1;
ERROR 22003: value is out of range

select pow(c6, c21), power(c6, c21) from t1;
+-----------------------+-----------------------+
| pow(c6, c21)          | power(c6, c21)        |
+-----------------------+-----------------------+
|     724.0773439350247 |     724.0773439350247 |
| 0.0013810679320049757 | 0.0013810679320049757 |
+-----------------------+-----------------------+

select pow(c6, c22), power(c6, c22) from t1;
+--------------------+--------------------+
| pow(c6, c22)       | power(c6, c22)     |
+--------------------+--------------------+
| 1448.1546878700494 | 1448.1546878700494 |
| 1448.1546878700494 | 1448.1546878700494 |
+--------------------+--------------------+

select log2(c7), log10(c7), exp(c7), sqrt(c7) from t1;
+----------+-----------+---------------------+----------+
| log2(c7) | log10(c7) | exp(c7)             | sqrt(c7) |
+----------+-----------+---------------------+----------+
|        0 |         0 |   2.718281828459045 |        1 |
|     NULL |      NULL | 0.36787944117144233 |     NULL |
+----------+-----------+---------------------+----------+
Warnings:
Warning	3020	Invalid argument for logarithm
Warning	3020	Invalid argument for logarithm
select pow(c7, c1), power(c7, c1) from t1;
+-------------+---------------+
| pow(c7, c1) | power(c7, c1) |
+-------------+---------------+
|           1 |             1 |
|          -1 |            -1 |
+-------------+---------------+

select pow(c7, c2), power(c7, c2) from t1;
+-------------+---------------+
| pow(c7, c2) | power(c7, c2) |
+-------------+---------------+
|           1 |             1 |
|           1 |             1 |
+-------------+---------------+

select pow(c7, c3), power(c7, c3) from t1;
+-------------+---------------+
| pow(c7, c3) | power(c7, c3) |
+-------------+---------------+
|           1 |             1 |
|          -1 |            -1 |
+-------------+---------------+

select pow(c7, c4), power(c7, c4) from t1;
+-------------+---------------+
| pow(c7, c4) | power(c7, c4) |
+-------------+---------------+
|           1 |             1 |
|           1 |             1 |
+-------------+---------------+

select pow(c7, c5), power(c7, c5) from t1;
+-------------+---------------+
| pow(c7, c5) | power(c7, c5) |
+-------------+---------------+
|           1 |             1 |
|          -1 |            -1 |
+-------------+---------------+

select pow(c7, c6), power(c7, c6) from t1;
+-------------+---------------+
| pow(c7, c6) | power(c7, c6) |
+-------------+---------------+
|           1 |             1 |
|           1 |             1 |
+-------------+---------------+

select pow(c7, c7), power(c7, c7) from t1;
+-------------+---------------+
| pow(c7, c7) | power(c7, c7) |
+-------------+---------------+
|           1 |             1 |
|          -1 |            -1 |
+-------------+---------------+

select pow(c7, c8), power(c7, c8) from t1;
+-------------+---------------+
| pow(c7, c8) | power(c7, c8) |
+-------------+---------------+
|           1 |             1 |
|           1 |             1 |
+-------------+---------------+

select pow(c7, c9), power(c7, c9) from t1;
+-------------+---------------+
| pow(c7, c9) | power(c7, c9) |
+-------------+---------------+
|           1 |             1 |
|          -1 |            -1 |
+-------------+---------------+

select pow(c7, c10), power(c7, c10) from t1;
+--------------+----------------+
| pow(c7, c10) | power(c7, c10) |
+--------------+----------------+
|            1 |              1 |
|            1 |              1 |
+--------------+----------------+

select pow(c7, c11), power(c7, c11) from t1;
+--------------+----------------+
| pow(c7, c11) | power(c7, c11) |
+--------------+----------------+
|            1 |              1 |
|           -1 |             -1 |
+--------------+----------------+

select pow(c7, c12), power(c7, c12) from t1;
+--------------+----------------+
| pow(c7, c12) | power(c7, c12) |
+--------------+----------------+
|            1 |              1 |
|            1 |              1 |
+--------------+----------------+

select pow(c7, c13), power(c7, c13) from t1;
ERROR 22003: value is out of range

select pow(c7, c14), power(c7, c14) from t1;
ERROR 22003: value is out of range

select pow(c7, c15), power(c7, c15) from t1;
ERROR 22003: value is out of range

select pow(c7, c16), power(c7, c16) from t1;
ERROR 22003: value is out of range

select pow(c7, c17), power(c7, c17) from t1;
+--------------+----------------+
| pow(c7, c17) | power(c7, c17) |
+--------------+----------------+
|            1 |              1 |
|            1 |              1 |
+--------------+----------------+

select pow(c7, c18), power(c7, c18) from t1;
+--------------+----------------+
| pow(c7, c18) | power(c7, c18) |
+--------------+----------------+
|            1 |              1 |
|           -1 |             -1 |
+--------------+----------------+

select pow(c7, c19), power(c7, c19) from t1;
+--------------+----------------+
| pow(c7, c19) | power(c7, c19) |
+--------------+----------------+
|            1 |              1 |
|            1 |              1 |
+--------------+----------------+

select pow(c7, c20), power(c7, c20) from t1;
+--------------+----------------+
| pow(c7, c20) | power(c7, c20) |
+--------------+----------------+
|            1 |              1 |
|            1 |              1 |
+--------------+----------------+

select pow(c7, c21), power(c7, c21) from t1;
ERROR 22003: value is out of range

select pow(c7, c22), power(c7, c22) from t1;
ERROR 22003: value is out of range

select log2(c8), log10(c8), exp(c8), sqrt(c8) from t1;
+----------+--------------------+------------------+--------------------+
| log2(c8) | log10(c8)          | exp(c8)          | sqrt(c8)           |
+----------+--------------------+------------------+--------------------+
|        1 | 0.3010299956639812 | 7.38905609893065 | 1.4142135623730951 |
|        1 | 0.3010299956639812 | 7.38905609893065 | 1.4142135623730951 |
+----------+--------------------+------------------+--------------------+
select pow(c8, c1), power(c8, c1) from t1;
+-------------+---------------+
| pow(c8, c1) | power(c8, c1) |
+-------------+---------------+
|           2 |             2 |
|         0.5 |           0.5 |
+-------------+---------------+

select pow(c8, c2), power(c8, c2) from t1;
+-------------+---------------+
| pow(c8, c2) | power(c8, c2) |
+-------------+---------------+
|           4 |             4 |
|           4 |             4 |
+-------------+---------------+

select pow(c8, c3), power(c8, c3) from t1;
+-------------+---------------+
| pow(c8, c3) | power(c8, c3) |
+-------------+---------------+
|           2 |             2 |
|         0.5 |           0.5 |
+-------------+---------------+

select pow(c8, c4), power(c8, c4) from t1;
+-------------+---------------+
| pow(c8, c4) | power(c8, c4) |
+-------------+---------------+
|           4 |             4 |
|           4 |             4 |
+-------------+---------------+

select pow(c8, c5), power(c8, c5) from t1;
+-------------+---------------+
| pow(c8, c5) | power(c8, c5) |
+-------------+---------------+
|           2 |             2 |
|         0.5 |           0.5 |
+-------------+---------------+

select pow(c8, c6), power(c8, c6) from t1;
+-------------+---------------+
| pow(c8, c6) | power(c8, c6) |
+-------------+---------------+
|           4 |             4 |
|           4 |             4 |
+-------------+---------------+

select pow(c8, c7), power(c8, c7) from t1;
+-------------+---------------+
| pow(c8, c7) | power(c8, c7) |
+-------------+---------------+
|           2 |             2 |
|         0.5 |           0.5 |
+-------------+---------------+

select pow(c8, c8), power(c8, c8) from t1;
+-------------+---------------+
| pow(c8, c8) | power(c8, c8) |
+-------------+---------------+
|           4 |             4 |
|           4 |             4 |
+-------------+---------------+

select pow(c8, c9), power(c8, c9) from t1;
+-------------+---------------+
| pow(c8, c9) | power(c8, c9) |
+-------------+---------------+
|           2 |             2 |
|         0.5 |           0.5 |
+-------------+---------------+

select pow(c8, c10), power(c8, c10) from t1;
+--------------+----------------+
| pow(c8, c10) | power(c8, c10) |
+--------------+----------------+
|            4 |              4 |
|            4 |              4 |
+--------------+----------------+

select pow(c8, c11), power(c8, c11) from t1;
+--------------+----------------+
| pow(c8, c11) | power(c8, c11) |
+--------------+----------------+
|            2 |              2 |
|          0.5 |            0.5 |
+--------------+----------------+

select pow(c8, c12), power(c8, c12) from t1;
+--------------+----------------+
| pow(c8, c12) | power(c8, c12) |
+--------------+----------------+
|            4 |              4 |
|            4 |              4 |
+--------------+----------------+

select pow(c8, c13), power(c8, c13) from t1;
+---------------------+---------------------+
| pow(c8, c13)        | power(c8, c13)      |
+---------------------+---------------------+
|  11.313708498984761 |  11.313708498984761 |
| 0.08838834764831845 | 0.08838834764831845 |
+---------------------+---------------------+

select pow(c8, c14), power(c8, c14) from t1;
+--------------------+--------------------+
| pow(c8, c14)       | power(c8, c14)     |
+--------------------+--------------------+
| 22.627416997969522 | 22.627416997969522 |
| 22.627416997969522 | 22.627416997969522 |
+--------------------+--------------------+

select pow(c8, c15), power(c8, c15) from t1;
+---------------------+---------------------+
| pow(c8, c15)        | power(c8, c15)      |
+---------------------+---------------------+
|  45.254833995939045 |  45.254833995939045 |
| 0.02209708691207961 | 0.02209708691207961 |
+---------------------+---------------------+

select pow(c8, c16), power(c8, c16) from t1;
+-------------------+-------------------+
| pow(c8, c16)      | power(c8, c16)    |
+-------------------+-------------------+
| 90.50966799187809 | 90.50966799187809 |
| 90.50966799187809 | 90.50966799187809 |
+-------------------+-------------------+

select pow(c8, c17), power(c8, c17) from t1;
+--------------+----------------+
| pow(c8, c17) | power(c8, c17) |
+--------------+----------------+
|          256 |            256 |
|   0.00390625 |     0.00390625 |
+--------------+----------------+

select pow(c8, c18), power(c8, c18) from t1;
+--------------+----------------+
| pow(c8, c18) | power(c8, c18) |
+--------------+----------------+
|          512 |            512 |
|          512 |            512 |
+--------------+----------------+

select pow(c8, c19), power(c8, c19) from t1;
ERROR 22003: value is out of range

select pow(c8, c20), power(c8, c20) from t1;
ERROR 22003: value is out of range

select pow(c8, c21), power(c8, c21) from t1;
+-----------------------+-----------------------+
| pow(c8, c21)          | power(c8, c21)        |
+-----------------------+-----------------------+
|     724.0773439350247 |     724.0773439350247 |
| 0.0013810679320049757 | 0.0013810679320049757 |
+-----------------------+-----------------------+

select pow(c8, c22), power(c8, c22) from t1;
+--------------------+--------------------+
| pow(c8, c22)       | power(c8, c22)     |
+--------------------+--------------------+
| 1448.1546878700494 | 1448.1546878700494 |
| 1448.1546878700494 | 1448.1546878700494 |
+--------------------+--------------------+

select log2(c9), log10(c9), exp(c9), sqrt(c9) from t1;
+----------+-----------+---------------------+----------+
| log2(c9) | log10(c9) | exp(c9)             | sqrt(c9) |
+----------+-----------+---------------------+----------+
|        0 |         0 |   2.718281828459045 |        1 |
|     NULL |      NULL | 0.36787944117144233 |     NULL |
+----------+-----------+---------------------+----------+
Warnings:
Warning	3020	Invalid argument for logarithm
Warning	3020	Invalid argument for logarithm
select pow(c9, c1), power(c9, c1) from t1;
+-------------+---------------+
| pow(c9, c1) | power(c9, c1) |
+-------------+---------------+
|           1 |             1 |
|          -1 |            -1 |
+-------------+---------------+

select pow(c9, c2), power(c9, c2) from t1;
+-------------+---------------+
| pow(c9, c2) | power(c9, c2) |
+-------------+---------------+
|           1 |             1 |
|           1 |             1 |
+-------------+---------------+

select pow(c9, c3), power(c9, c3) from t1;
+-------------+---------------+
| pow(c9, c3) | power(c9, c3) |
+-------------+---------------+
|           1 |             1 |
|          -1 |            -1 |
+-------------+---------------+

select pow(c9, c4), power(c9, c4) from t1;
+-------------+---------------+
| pow(c9, c4) | power(c9, c4) |
+-------------+---------------+
|           1 |             1 |
|           1 |             1 |
+-------------+---------------+

select pow(c9, c5), power(c9, c5) from t1;
+-------------+---------------+
| pow(c9, c5) | power(c9, c5) |
+-------------+---------------+
|           1 |             1 |
|          -1 |            -1 |
+-------------+---------------+

select pow(c9, c6), power(c9, c6) from t1;
+-------------+---------------+
| pow(c9, c6) | power(c9, c6) |
+-------------+---------------+
|           1 |             1 |
|           1 |             1 |
+-------------+---------------+

select pow(c9, c7), power(c9, c7) from t1;
+-------------+---------------+
| pow(c9, c7) | power(c9, c7) |
+-------------+---------------+
|           1 |             1 |
|          -1 |            -1 |
+-------------+---------------+

select pow(c9, c8), power(c9, c8) from t1;
+-------------+---------------+
| pow(c9, c8) | power(c9, c8) |
+-------------+---------------+
|           1 |             1 |
|           1 |             1 |
+-------------+---------------+

select pow(c9, c9), power(c9, c9) from t1;
+-------------+---------------+
| pow(c9, c9) | power(c9, c9) |
+-------------+---------------+
|           1 |             1 |
|          -1 |            -1 |
+-------------+---------------+

select pow(c9, c10), power(c9, c10) from t1;
+--------------+----------------+
| pow(c9, c10) | power(c9, c10) |
+--------------+----------------+
|            1 |              1 |
|            1 |              1 |
+--------------+----------------+

select pow(c9, c11), power(c9, c11) from t1;
+--------------+----------------+
| pow(c9, c11) | power(c9, c11) |
+--------------+----------------+
|            1 |              1 |
|           -1 |             -1 |
+--------------+----------------+

select pow(c9, c12), power(c9, c12) from t1;
+--------------+----------------+
| pow(c9, c12) | power(c9, c12) |
+--------------+----------------+
|            1 |              1 |
|            1 |              1 |
+--------------+----------------+

select pow(c9, c13), power(c9, c13) from t1;
ERROR 22003: value is out of range

select pow(c9, c14), power(c9, c14) from t1;
ERROR 22003: value is out of range

select pow(c9, c15), power(c9, c15) from t1;
ERROR 22003: value is out of range

select pow(c9, c16), power(c9, c16) from t1;
ERROR 22003: value is out of range

select pow(c9, c17), power(c9, c17) from t1;
+--------------+----------------+
| pow(c9, c17) | power(c9, c17) |
+--------------+----------------+
|            1 |              1 |
|            1 |              1 |
+--------------+----------------+

select pow(c9, c18), power(c9, c18) from t1;
+--------------+----------------+
| pow(c9, c18) | power(c9, c18) |
+--------------+----------------+
|            1 |              1 |
|           -1 |             -1 |
+--------------+----------------+

select pow(c9, c19), power(c9, c19) from t1;
+--------------+----------------+
| pow(c9, c19) | power(c9, c19) |
+--------------+----------------+
|            1 |              1 |
|            1 |              1 |
+--------------+----------------+

select pow(c9, c20), power(c9, c20) from t1;
+--------------+----------------+
| pow(c9, c20) | power(c9, c20) |
+--------------+----------------+
|            1 |              1 |
|            1 |              1 |
+--------------+----------------+

select pow(c9, c21), power(c9, c21) from t1;
ERROR 22003: value is out of range

select pow(c9, c22), power(c9, c22) from t1;
ERROR 22003: value is out of range

select log2(c10), log10(c10), exp(c10), sqrt(c10) from t1;
+-----------+--------------------+------------------+--------------------+
| log2(c10) | log10(c10)         | exp(c10)         | sqrt(c10)          |
+-----------+--------------------+------------------+--------------------+
|         1 | 0.3010299956639812 | 7.38905609893065 | 1.4142135623730951 |
|         1 | 0.3010299956639812 | 7.38905609893065 | 1.4142135623730951 |
+-----------+--------------------+------------------+--------------------+
select pow(c10, c1), power(c10, c1) from t1;
+--------------+----------------+
| pow(c10, c1) | power(c10, c1) |
+--------------+----------------+
|            2 |              2 |
|          0.5 |            0.5 |
+--------------+----------------+

select pow(c10, c2), power(c10, c2) from t1;
+--------------+----------------+
| pow(c10, c2) | power(c10, c2) |
+--------------+----------------+
|            4 |              4 |
|            4 |              4 |
+--------------+----------------+

select pow(c10, c3), power(c10, c3) from t1;
+--------------+----------------+
| pow(c10, c3) | power(c10, c3) |
+--------------+----------------+
|            2 |              2 |
|          0.5 |            0.5 |
+--------------+----------------+

select pow(c10, c4), power(c10, c4) from t1;
+--------------+----------------+
| pow(c10, c4) | power(c10, c4) |
+--------------+----------------+
|            4 |              4 |
|            4 |              4 |
+--------------+----------------+

select pow(c10, c5), power(c10, c5) from t1;
+--------------+----------------+
| pow(c10, c5) | power(c10, c5) |
+--------------+----------------+
|            2 |              2 |
|          0.5 |            0.5 |
+--------------+----------------+

select pow(c10, c6), power(c10, c6) from t1;
+--------------+----------------+
| pow(c10, c6) | power(c10, c6) |
+--------------+----------------+
|            4 |              4 |
|            4 |              4 |
+--------------+----------------+

select pow(c10, c7), power(c10, c7) from t1;
+--------------+----------------+
| pow(c10, c7) | power(c10, c7) |
+--------------+----------------+
|            2 |              2 |
|          0.5 |            0.5 |
+--------------+----------------+

select pow(c10, c8), power(c10, c8) from t1;
+--------------+----------------+
| pow(c10, c8) | power(c10, c8) |
+--------------+----------------+
|            4 |              4 |
|            4 |              4 |
+--------------+----------------+

select pow(c10, c9), power(c10, c9) from t1;
+--------------+----------------+
| pow(c10, c9) | power(c10, c9) |
+--------------+----------------+
|            2 |              2 |
|          0.5 |            0.5 |
+--------------+----------------+

select pow(c10, c10), power(c10, c10) from t1;
+---------------+-----------------+
| pow(c10, c10) | power(c10, c10) |
+---------------+-----------------+
|             4 |               4 |
|             4 |               4 |
+---------------+-----------------+

select pow(c10, c11), power(c10, c11) from t1;
+---------------+-----------------+
| pow(c10, c11) | power(c10, c11) |
+---------------+-----------------+
|             2 |               2 |
|           0.5 |             0.5 |
+---------------+-----------------+

select pow(c10, c12), power(c10, c12) from t1;
+---------------+-----------------+
| pow(c10, c12) | power(c10, c12) |
+---------------+-----------------+
|             4 |               4 |
|             4 |               4 |
+---------------+-----------------+

select pow(c10, c13), power(c10, c13) from t1;
+---------------------+---------------------+
| pow(c10, c13)       | power(c10, c13)     |
+---------------------+---------------------+
|  11.313708498984761 |  11.313708498984761 |
| 0.08838834764831845 | 0.08838834764831845 |
+---------------------+---------------------+

select pow(c10, c14), power(c10, c14) from t1;
+--------------------+--------------------+
| pow(c10, c14)      | power(c10, c14)    |
+--------------------+--------------------+
| 22.627416997969522 | 22.627416997969522 |
| 22.627416997969522 | 22.627416997969522 |
+--------------------+--------------------+

select pow(c10, c15), power(c10, c15) from t1;
+---------------------+---------------------+
| pow(c10, c15)       | power(c10, c15)     |
+---------------------+---------------------+
|  45.254833995939045 |  45.254833995939045 |
| 0.02209708691207961 | 0.02209708691207961 |
+---------------------+---------------------+

select pow(c10, c16), power(c10, c16) from t1;
+-------------------+-------------------+
| pow(c10, c16)     | power(c10, c16)   |
+-------------------+-------------------+
| 90.50966799187809 | 90.50966799187809 |
| 90.50966799187809 | 90.50966799187809 |
+-------------------+-------------------+

select pow(c10, c17), power(c10, c17) from t1;
+---------------+-----------------+
| pow(c10, c17) | power(c10, c17) |
+---------------+-----------------+
|           256 |             256 |
|    0.00390625 |      0.00390625 |
+---------------+-----------------+

select pow(c10, c18), power(c10, c18) from t1;
+---------------+-----------------+
| pow(c10, c18) | power(c10, c18) |
+---------------+-----------------+
|           512 |             512 |
|           512 |             512 |
+---------------+-----------------+

select pow(c10, c19), power(c10, c19) from t1;
ERROR 22003: value is out of range

select pow(c10, c20), power(c10, c20) from t1;
ERROR 22003: value is out of range

select pow(c10, c21), power(c10, c21) from t1;
+-----------------------+-----------------------+
| pow(c10, c21)         | power(c10, c21)       |
+-----------------------+-----------------------+
|     724.0773439350247 |     724.0773439350247 |
| 0.0013810679320049757 | 0.0013810679320049757 |
+-----------------------+-----------------------+

select pow(c10, c22), power(c10, c22) from t1;
+--------------------+--------------------+
| pow(c10, c22)      | power(c10, c22)    |
+--------------------+--------------------+
| 1448.1546878700494 | 1448.1546878700494 |
| 1448.1546878700494 | 1448.1546878700494 |
+--------------------+--------------------+

select log2(c11), log10(c11), exp(c11), sqrt(c11) from t1;
+-----------+------------+---------------------+-----------+
| log2(c11) | log10(c11) | exp(c11)            | sqrt(c11) |
+-----------+------------+---------------------+-----------+
|         0 |          0 |   2.718281828459045 |         1 |
|      NULL |       NULL | 0.36787944117144233 |      NULL |
+-----------+------------+---------------------+-----------+
Warnings:
Warning	3020	Invalid argument for logarithm
Warning	3020	Invalid argument for logarithm
select pow(c11, c1), power(c11, c1) from t1;
+--------------+----------------+
| pow(c11, c1) | power(c11, c1) |
+--------------+----------------+
|            1 |              1 |
|           -1 |             -1 |
+--------------+----------------+

select pow(c11, c2), power(c11, c2) from t1;
+--------------+----------------+
| pow(c11, c2) | power(c11, c2) |
+--------------+----------------+
|            1 |              1 |
|            1 |              1 |
+--------------+----------------+

select pow(c11, c3), power(c11, c3) from t1;
+--------------+----------------+
| pow(c11, c3) | power(c11, c3) |
+--------------+----------------+
|            1 |              1 |
|           -1 |             -1 |
+--------------+----------------+

select pow(c11, c4), power(c11, c4) from t1;
+--------------+----------------+
| pow(c11, c4) | power(c11, c4) |
+--------------+----------------+
|            1 |              1 |
|            1 |              1 |
+--------------+----------------+

select pow(c11, c5), power(c11, c5) from t1;
+--------------+----------------+
| pow(c11, c5) | power(c11, c5) |
+--------------+----------------+
|            1 |              1 |
|           -1 |             -1 |
+--------------+----------------+

select pow(c11, c6), power(c11, c6) from t1;
+--------------+----------------+
| pow(c11, c6) | power(c11, c6) |
+--------------+----------------+
|            1 |              1 |
|            1 |              1 |
+--------------+----------------+

select pow(c11, c7), power(c11, c7) from t1;
+--------------+----------------+
| pow(c11, c7) | power(c11, c7) |
+--------------+----------------+
|            1 |              1 |
|           -1 |             -1 |
+--------------+----------------+

select pow(c11, c8), power(c11, c8) from t1;
+--------------+----------------+
| pow(c11, c8) | power(c11, c8) |
+--------------+----------------+
|            1 |              1 |
|            1 |              1 |
+--------------+----------------+

select pow(c11, c9), power(c11, c9) from t1;
+--------------+----------------+
| pow(c11, c9) | power(c11, c9) |
+--------------+----------------+
|            1 |              1 |
|           -1 |             -1 |
+--------------+----------------+

select pow(c11, c10), power(c11, c10) from t1;
+---------------+-----------------+
| pow(c11, c10) | power(c11, c10) |
+---------------+-----------------+
|             1 |               1 |
|             1 |               1 |
+---------------+-----------------+

select pow(c11, c11), power(c11, c11) from t1;
+---------------+-----------------+
| pow(c11, c11) | power(c11, c11) |
+---------------+-----------------+
|             1 |               1 |
|            -1 |              -1 |
+---------------+-----------------+

select pow(c11, c12), power(c11, c12) from t1;
+---------------+-----------------+
| pow(c11, c12) | power(c11, c12) |
+---------------+-----------------+
|             1 |               1 |
|             1 |               1 |
+---------------+-----------------+

select pow(c11, c13), power(c11, c13) from t1;
ERROR 22003: value is out of range

select pow(c11, c14), power(c11, c14) from t1;
ERROR 22003: value is out of range

select pow(c11, c15), power(c11, c15) from t1;
ERROR 22003: value is out of range

select pow(c11, c16), power(c11, c16) from t1;
ERROR 22003: value is out of range

select pow(c11, c17), power(c11, c17) from t1;
+---------------+-----------------+
| pow(c11, c17) | power(c11, c17) |
+---------------+-----------------+
|             1 |               1 |
|             1 |               1 |
+---------------+-----------------+

select pow(c11, c18), power(c11, c18) from t1;
+---------------+-----------------+
| pow(c11, c18) | power(c11, c18) |
+---------------+-----------------+
|             1 |               1 |
|            -1 |              -1 |
+---------------+-----------------+

select pow(c11, c19), power(c11, c19) from t1;
+---------------+-----------------+
| pow(c11, c19) | power(c11, c19) |
+---------------+-----------------+
|             1 |               1 |
|             1 |               1 |
+---------------+-----------------+

select pow(c11, c20), power(c11, c20) from t1;
+---------------+-----------------+
| pow(c11, c20) | power(c11, c20) |
+---------------+-----------------+
|             1 |               1 |
|             1 |               1 |
+---------------+-----------------+

select pow(c11, c21), power(c11, c21) from t1;
ERROR 22003: value is out of range

select pow(c11, c22), power(c11, c22) from t1;
ERROR 22003: value is out of range

select log2(c12), log10(c12), exp(c12), sqrt(c12) from t1;
+-----------+--------------------+------------------+--------------------+
| log2(c12) | log10(c12)         | exp(c12)         | sqrt(c12)          |
+-----------+--------------------+------------------+--------------------+
|         1 | 0.3010299956639812 | 7.38905609893065 | 1.4142135623730951 |
|         1 | 0.3010299956639812 | 7.38905609893065 | 1.4142135623730951 |
+-----------+--------------------+------------------+--------------------+
select pow(c12, c1), power(c12, c1) from t1;
+--------------+----------------+
| pow(c12, c1) | power(c12, c1) |
+--------------+----------------+
|            2 |              2 |
|          0.5 |            0.5 |
+--------------+----------------+

select pow(c12, c2), power(c12, c2) from t1;
+--------------+----------------+
| pow(c12, c2) | power(c12, c2) |
+--------------+----------------+
|            4 |              4 |
|            4 |              4 |
+--------------+----------------+

select pow(c12, c3), power(c12, c3) from t1;
+--------------+----------------+
| pow(c12, c3) | power(c12, c3) |
+--------------+----------------+
|            2 |              2 |
|          0.5 |            0.5 |
+--------------+----------------+

select pow(c12, c4), power(c12, c4) from t1;
+--------------+----------------+
| pow(c12, c4) | power(c12, c4) |
+--------------+----------------+
|            4 |              4 |
|            4 |              4 |
+--------------+----------------+

select pow(c12, c5), power(c12, c5) from t1;
+--------------+----------------+
| pow(c12, c5) | power(c12, c5) |
+--------------+----------------+
|            2 |              2 |
|          0.5 |            0.5 |
+--------------+----------------+

select pow(c12, c6), power(c12, c6) from t1;
+--------------+----------------+
| pow(c12, c6) | power(c12, c6) |
+--------------+----------------+
|            4 |              4 |
|            4 |              4 |
+--------------+----------------+

select pow(c12, c7), power(c12, c7) from t1;
+--------------+----------------+
| pow(c12, c7) | power(c12, c7) |
+--------------+----------------+
|            2 |              2 |
|          0.5 |            0.5 |
+--------------+----------------+

select pow(c12, c8), power(c12, c8) from t1;
+--------------+----------------+
| pow(c12, c8) | power(c12, c8) |
+--------------+----------------+
|            4 |              4 |
|            4 |              4 |
+--------------+----------------+

select pow(c12, c9), power(c12, c9) from t1;
+--------------+----------------+
| pow(c12, c9) | power(c12, c9) |
+--------------+----------------+
|            2 |              2 |
|          0.5 |            0.5 |
+--------------+----------------+

select pow(c12, c10), power(c12, c10) from t1;
+---------------+-----------------+
| pow(c12, c10) | power(c12, c10) |
+---------------+-----------------+
|             4 |               4 |
|             4 |               4 |
+---------------+-----------------+

select pow(c12, c11), power(c12, c11) from t1;
+---------------+-----------------+
| pow(c12, c11) | power(c12, c11) |
+---------------+-----------------+
|             2 |               2 |
|           0.5 |             0.5 |
+---------------+-----------------+

select pow(c12, c12), power(c12, c12) from t1;
+---------------+-----------------+
| pow(c12, c12) | power(c12, c12) |
+---------------+-----------------+
|             4 |               4 |
|             4 |               4 |
+---------------+-----------------+

select pow(c12, c13), power(c12, c13) from t1;
+---------------------+---------------------+
| pow(c12, c13)       | power(c12, c13)     |
+---------------------+---------------------+
|  11.313708498984761 |  11.313708498984761 |
| 0.08838834764831845 | 0.08838834764831845 |
+---------------------+---------------------+

select pow(c12, c14), power(c12, c14) from t1;
+--------------------+--------------------+
| pow(c12, c14)      | power(c12, c14)    |
+--------------------+--------------------+
| 22.627416997969522 | 22.627416997969522 |
| 22.627416997969522 | 22.627416997969522 |
+--------------------+--------------------+

select pow(c12, c15), power(c12, c15) from t1;
+---------------------+---------------------+
| pow(c12, c15)       | power(c12, c15)     |
+---------------------+---------------------+
|  45.254833995939045 |  45.254833995939045 |
| 0.02209708691207961 | 0.02209708691207961 |
+---------------------+---------------------+

select pow(c12, c16), power(c12, c16) from t1;
+-------------------+-------------------+
| pow(c12, c16)     | power(c12, c16)   |
+-------------------+-------------------+
| 90.50966799187809 | 90.50966799187809 |
| 90.50966799187809 | 90.50966799187809 |
+-------------------+-------------------+

select pow(c12, c17), power(c12, c17) from t1;
+---------------+-----------------+
| pow(c12, c17) | power(c12, c17) |
+---------------+-----------------+
|           256 |             256 |
|    0.00390625 |      0.00390625 |
+---------------+-----------------+

select pow(c12, c18), power(c12, c18) from t1;
+---------------+-----------------+
| pow(c12, c18) | power(c12, c18) |
+---------------+-----------------+
|           512 |             512 |
|           512 |             512 |
+---------------+-----------------+

select pow(c12, c19), power(c12, c19) from t1;
ERROR 22003: value is out of range

select pow(c12, c20), power(c12, c20) from t1;
ERROR 22003: value is out of range

select pow(c12, c21), power(c12, c21) from t1;
+-----------------------+-----------------------+
| pow(c12, c21)         | power(c12, c21)       |
+-----------------------+-----------------------+
|     724.0773439350247 |     724.0773439350247 |
| 0.0013810679320049757 | 0.0013810679320049757 |
+-----------------------+-----------------------+

select pow(c12, c22), power(c12, c22) from t1;
+--------------------+--------------------+
| pow(c12, c22)      | power(c12, c22)    |
+--------------------+--------------------+
| 1448.1546878700494 | 1448.1546878700494 |
| 1448.1546878700494 | 1448.1546878700494 |
+--------------------+--------------------+

select log2(c13), log10(c13), exp(c13), sqrt(c13) from t1;
+--------------------+--------------------+--------------------+--------------------+
| log2(c13)          | log10(c13)         | exp(c13)           | sqrt(c13)          |
+--------------------+--------------------+--------------------+--------------------+
| 1.8073549220576042 | 0.5440680443502757 |  33.11545195869231 | 1.8708286933869707 |
|               NULL |               NULL | 0.0301973834223185 |               NULL |
+--------------------+--------------------+--------------------+--------------------+
Warnings:
Warning	3020	Invalid argument for logarithm
Warning	3020	Invalid argument for logarithm
select pow(c13, c1), power(c13, c1) from t1;
+---------------------+---------------------+
| pow(c13, c1)        | power(c13, c1)      |
+---------------------+---------------------+
|                 3.5 |                 3.5 |
| -0.2857142857142857 | -0.2857142857142857 |
+---------------------+---------------------+

select pow(c13, c2), power(c13, c2) from t1;
+--------------+----------------+
| pow(c13, c2) | power(c13, c2) |
+--------------+----------------+
|        12.25 |          12.25 |
|        12.25 |          12.25 |
+--------------+----------------+

select pow(c13, c3), power(c13, c3) from t1;
+---------------------+---------------------+
| pow(c13, c3)        | power(c13, c3)      |
+---------------------+---------------------+
|                 3.5 |                 3.5 |
| -0.2857142857142857 | -0.2857142857142857 |
+---------------------+---------------------+

select pow(c13, c4), power(c13, c4) from t1;
+--------------+----------------+
| pow(c13, c4) | power(c13, c4) |
+--------------+----------------+
|        12.25 |          12.25 |
|        12.25 |          12.25 |
+--------------+----------------+

select pow(c13, c5), power(c13, c5) from t1;
+---------------------+---------------------+
| pow(c13, c5)        | power(c13, c5)      |
+---------------------+---------------------+
|                 3.5 |                 3.5 |
| -0.2857142857142857 | -0.2857142857142857 |
+---------------------+---------------------+

select pow(c13, c6), power(c13, c6) from t1;
+--------------+----------------+
| pow(c13, c6) | power(c13, c6) |
+--------------+----------------+
|        12.25 |          12.25 |
|        12.25 |          12.25 |
+--------------+----------------+

select pow(c13, c7), power(c13, c7) from t1;
+---------------------+---------------------+
| pow(c13, c7)        | power(c13, c7)      |
+---------------------+---------------------+
|                 3.5 |                 3.5 |
| -0.2857142857142857 | -0.2857142857142857 |
+---------------------+---------------------+

select pow(c13, c8), power(c13, c8) from t1;
+--------------+----------------+
| pow(c13, c8) | power(c13, c8) |
+--------------+----------------+
|        12.25 |          12.25 |
|        12.25 |          12.25 |
+--------------+----------------+

select pow(c13, c9), power(c13, c9) from t1;
+---------------------+---------------------+
| pow(c13, c9)        | power(c13, c9)      |
+---------------------+---------------------+
|                 3.5 |                 3.5 |
| -0.2857142857142857 | -0.2857142857142857 |
+---------------------+---------------------+

select pow(c13, c10), power(c13, c10) from t1;
+---------------+-----------------+
| pow(c13, c10) | power(c13, c10) |
+---------------+-----------------+
|         12.25 |           12.25 |
|         12.25 |           12.25 |
+---------------+-----------------+

select pow(c13, c11), power(c13, c11) from t1;
+---------------------+---------------------+
| pow(c13, c11)       | power(c13, c11)     |
+---------------------+---------------------+
|                 3.5 |                 3.5 |
| -0.2857142857142857 | -0.2857142857142857 |
+---------------------+---------------------+

select pow(c13, c12), power(c13, c12) from t1;
+---------------+-----------------+
| pow(c13, c12) | power(c13, c12) |
+---------------+-----------------+
|         12.25 |           12.25 |
|         12.25 |           12.25 |
+---------------+-----------------+

select pow(c13, c13), power(c13, c13) from t1;
ERROR 22003: value is out of range

select pow(c13, c14), power(c13, c14) from t1;
ERROR 22003: value is out of range

select pow(c13, c15), power(c13, c15) from t1;
ERROR 22003: value is out of range

select pow(c13, c16), power(c13, c16) from t1;
ERROR 22003: value is out of range

select pow(c13, c17), power(c13, c17) from t1;
+------------------------+------------------------+
| pow(c13, c17)          | power(c13, c17)        |
+------------------------+------------------------+
|         22518.75390625 |         22518.75390625 |
| 0.00004440743054270217 | 0.00004440743054270217 |
+------------------------+------------------------+

select pow(c13, c18), power(c13, c18) from t1;
+------------------+------------------+
| pow(c13, c18)    | power(c13, c18)  |
+------------------+------------------+
|  78815.638671875 |  78815.638671875 |
| -78815.638671875 | -78815.638671875 |
+------------------+------------------+

select pow(c13, c19), power(c13, c19) from t1;
ERROR 22003: value is out of range

select pow(c13, c20), power(c13, c20) from t1;
ERROR 22003: value is out of range

select pow(c13, c21), power(c13, c21) from t1;
ERROR 22003: value is out of range

select pow(c13, c22), power(c13, c22) from t1;
ERROR 22003: value is out of range

select log2(c14), log10(c14), exp(c14), sqrt(c14) from t1;
+--------------------+--------------------+-------------------+--------------------+
| log2(c14)          | log10(c14)         | exp(c14)          | sqrt(c14)          |
+--------------------+--------------------+-------------------+--------------------+
| 2.1699250014423126 | 0.6532125137753437 | 90.01713130052181 | 2.1213203435596424 |
| 2.1699250014423126 | 0.6532125137753437 | 90.01713130052181 | 2.1213203435596424 |
+--------------------+--------------------+-------------------+--------------------+
select pow(c14, c1), power(c14, c1) from t1;
+--------------------+--------------------+
| pow(c14, c1)       | power(c14, c1)     |
+--------------------+--------------------+
|                4.5 |                4.5 |
| 0.2222222222222222 | 0.2222222222222222 |
+--------------------+--------------------+

select pow(c14, c2), power(c14, c2) from t1;
+--------------+----------------+
| pow(c14, c2) | power(c14, c2) |
+--------------+----------------+
|        20.25 |          20.25 |
|        20.25 |          20.25 |
+--------------+----------------+

select pow(c14, c3), power(c14, c3) from t1;
+--------------------+--------------------+
| pow(c14, c3)       | power(c14, c3)     |
+--------------------+--------------------+
|                4.5 |                4.5 |
| 0.2222222222222222 | 0.2222222222222222 |
+--------------------+--------------------+

select pow(c14, c4), power(c14, c4) from t1;
+--------------+----------------+
| pow(c14, c4) | power(c14, c4) |
+--------------+----------------+
|        20.25 |          20.25 |
|        20.25 |          20.25 |
+--------------+----------------+

select pow(c14, c5), power(c14, c5) from t1;
+--------------------+--------------------+
| pow(c14, c5)       | power(c14, c5)     |
+--------------------+--------------------+
|                4.5 |                4.5 |
| 0.2222222222222222 | 0.2222222222222222 |
+--------------------+--------------------+

select pow(c14, c6), power(c14, c6) from t1;
+--------------+----------------+
| pow(c14, c6) | power(c14, c6) |
+--------------+----------------+
|        20.25 |          20.25 |
|        20.25 |          20.25 |
+--------------+----------------+

select pow(c14, c7), power(c14, c7) from t1;
+--------------------+--------------------+
| pow(c14, c7)       | power(c14, c7)     |
+--------------------+--------------------+
|                4.5 |                4.5 |
| 0.2222222222222222 | 0.2222222222222222 |
+--------------------+--------------------+

select pow(c14, c8), power(c14, c8) from t1;
+--------------+----------------+
| pow(c14, c8) | power(c14, c8) |
+--------------+----------------+
|        20.25 |          20.25 |
|        20.25 |          20.25 |
+--------------+----------------+

select pow(c14, c9), power(c14, c9) from t1;
+--------------------+--------------------+
| pow(c14, c9)       | power(c14, c9)     |
+--------------------+--------------------+
|                4.5 |                4.5 |
| 0.2222222222222222 | 0.2222222222222222 |
+--------------------+--------------------+

select pow(c14, c10), power(c14, c10) from t1;
+---------------+-----------------+
| pow(c14, c10) | power(c14, c10) |
+---------------+-----------------+
|         20.25 |           20.25 |
|         20.25 |           20.25 |
+---------------+-----------------+

select pow(c14, c11), power(c14, c11) from t1;
+--------------------+--------------------+
| pow(c14, c11)      | power(c14, c11)    |
+--------------------+--------------------+
|                4.5 |                4.5 |
| 0.2222222222222222 | 0.2222222222222222 |
+--------------------+--------------------+

select pow(c14, c12), power(c14, c12) from t1;
+---------------+-----------------+
| pow(c14, c12) | power(c14, c12) |
+---------------+-----------------+
|         20.25 |           20.25 |
|         20.25 |           20.25 |
+---------------+-----------------+

select pow(c14, c13), power(c14, c13) from t1;
+----------------------+----------------------+
| pow(c14, c13)        | power(c14, c13)      |
+----------------------+----------------------+
|   193.30531630687244 |   193.30531630687244 |
| 0.005173163465470855 | 0.005173163465470855 |
+----------------------+----------------------+

select pow(c14, c14), power(c14, c14) from t1;
+-------------------+-------------------+
| pow(c14, c14)     | power(c14, c14)   |
+-------------------+-------------------+
| 869.8739233809259 | 869.8739233809259 |
| 869.8739233809259 | 869.8739233809259 |
+-------------------+-------------------+

select pow(c14, c15), power(c14, c15) from t1;
+-----------------------+-----------------------+
| pow(c14, c15)         | power(c14, c15)       |
+-----------------------+-----------------------+
|    3914.4326552141665 |    3914.4326552141665 |
| 0.0002554648624923879 | 0.0002554648624923879 |
+-----------------------+-----------------------+

select pow(c14, c16), power(c14, c16) from t1;
+-------------------+-------------------+
| pow(c14, c16)     | power(c14, c16)   |
+-------------------+-------------------+
| 17614.94694846375 | 17614.94694846375 |
| 17614.94694846375 | 17614.94694846375 |
+-------------------+-------------------+

select pow(c14, c17), power(c14, c17) from t1;
+-------------------------+-------------------------+
| pow(c14, c17)           | power(c14, c17)         |
+-------------------------+-------------------------+
|         168151.25390625 |         168151.25390625 |
| 0.000005947026720107206 | 0.000005947026720107206 |
+-------------------------+-------------------------+

select pow(c14, c18), power(c14, c18) from t1;
+------------------+------------------+
| pow(c14, c18)    | power(c14, c18)  |
+------------------+------------------+
| 756680.642578125 | 756680.642578125 |
| 756680.642578125 | 756680.642578125 |
+------------------+------------------+

select pow(c14, c19), power(c14, c19) from t1;
ERROR 22003: value is out of range

select pow(c14, c20), power(c14, c20) from t1;
ERROR 22003: value is out of range

select pow(c14, c21), power(c14, c21) from t1;
+--------------------------+--------------------------+
| pow(c14, c21)            | power(c14, c21)          |
+--------------------------+--------------------------+
|       1605162.0406787593 |       1605162.0406787593 |
| 0.0000006229900624719108 | 0.0000006229900624719108 |
+--------------------------+--------------------------+

select pow(c14, c22), power(c14, c22) from t1;
+-------------------+-------------------+
| pow(c14, c22)     | power(c14, c22)   |
+-------------------+-------------------+
| 7223229.183054416 | 7223229.183054416 |
| 7223229.183054416 | 7223229.183054416 |
+-------------------+-------------------+

select log2(c15), log10(c15), exp(c15), sqrt(c15) from t1;
+--------------------+--------------------+----------------------+-------------------+
| log2(c15)          | log10(c15)         | exp(c15)             | sqrt(c15)         |
+--------------------+--------------------+----------------------+-------------------+
| 2.4594316186372973 | 0.7403626894942439 |   244.69193226422038 | 2.345207879911715 |
|               NULL |               NULL | 0.004086771438464067 |              NULL |
+--------------------+--------------------+----------------------+-------------------+
Warnings:
Warning	3020	Invalid argument for logarithm
Warning	3020	Invalid argument for logarithm
select pow(c15, c1), power(c15, c1) from t1;
+----------------------+----------------------+
| pow(c15, c1)         | power(c15, c1)       |
+----------------------+----------------------+
|                  5.5 |                  5.5 |
| -0.18181818181818182 | -0.18181818181818182 |
+----------------------+----------------------+

select pow(c15, c2), power(c15, c2) from t1;
+--------------+----------------+
| pow(c15, c2) | power(c15, c2) |
+--------------+----------------+
|        30.25 |          30.25 |
|        30.25 |          30.25 |
+--------------+----------------+

select pow(c15, c3), power(c15, c3) from t1;
+----------------------+----------------------+
| pow(c15, c3)         | power(c15, c3)       |
+----------------------+----------------------+
|                  5.5 |                  5.5 |
| -0.18181818181818182 | -0.18181818181818182 |
+----------------------+----------------------+

select pow(c15, c4), power(c15, c4) from t1;
+--------------+----------------+
| pow(c15, c4) | power(c15, c4) |
+--------------+----------------+
|        30.25 |          30.25 |
|        30.25 |          30.25 |
+--------------+----------------+

select pow(c15, c5), power(c15, c5) from t1;
+----------------------+----------------------+
| pow(c15, c5)         | power(c15, c5)       |
+----------------------+----------------------+
|                  5.5 |                  5.5 |
| -0.18181818181818182 | -0.18181818181818182 |
+----------------------+----------------------+

select pow(c15, c6), power(c15, c6) from t1;
+--------------+----------------+
| pow(c15, c6) | power(c15, c6) |
+--------------+----------------+
|        30.25 |          30.25 |
|        30.25 |          30.25 |
+--------------+----------------+

select pow(c15, c7), power(c15, c7) from t1;
+----------------------+----------------------+
| pow(c15, c7)         | power(c15, c7)       |
+----------------------+----------------------+
|                  5.5 |                  5.5 |
| -0.18181818181818182 | -0.18181818181818182 |
+----------------------+----------------------+

select pow(c15, c8), power(c15, c8) from t1;
+--------------+----------------+
| pow(c15, c8) | power(c15, c8) |
+--------------+----------------+
|        30.25 |          30.25 |
|        30.25 |          30.25 |
+--------------+----------------+

select pow(c15, c9), power(c15, c9) from t1;
+----------------------+----------------------+
| pow(c15, c9)         | power(c15, c9)       |
+----------------------+----------------------+
|                  5.5 |                  5.5 |
| -0.18181818181818182 | -0.18181818181818182 |
+----------------------+----------------------+

select pow(c15, c10), power(c15, c10) from t1;
+---------------+-----------------+
| pow(c15, c10) | power(c15, c10) |
+---------------+-----------------+
|         30.25 |           30.25 |
|         30.25 |           30.25 |
+---------------+-----------------+

select pow(c15, c11), power(c15, c11) from t1;
+----------------------+----------------------+
| pow(c15, c11)        | power(c15, c11)      |
+----------------------+----------------------+
|                  5.5 |                  5.5 |
| -0.18181818181818182 | -0.18181818181818182 |
+----------------------+----------------------+

select pow(c15, c12), power(c15, c12) from t1;
+---------------+-----------------+
| pow(c15, c12) | power(c15, c12) |
+---------------+-----------------+
|         30.25 |           30.25 |
|         30.25 |           30.25 |
+---------------+-----------------+

select pow(c15, c13), power(c15, c13) from t1;
ERROR 22003: value is out of range

select pow(c15, c14), power(c15, c14) from t1;
ERROR 22003: value is out of range

select pow(c15, c15), power(c15, c15) from t1;
ERROR 22003: value is out of range

select pow(c15, c16), power(c15, c16) from t1;
ERROR 22003: value is out of range

select pow(c15, c17), power(c15, c17) from t1;
+--------------------------+--------------------------+
| pow(c15, c17)            | power(c15, c17)          |
+--------------------------+--------------------------+
|          837339.37890625 |          837339.37890625 |
| 0.0000011942588933369175 | 0.0000011942588933369175 |
+--------------------------+--------------------------+

select pow(c15, c18), power(c15, c18) from t1;
+--------------------+--------------------+
| pow(c15, c18)      | power(c15, c18)    |
+--------------------+--------------------+
|  4605366.583984375 |  4605366.583984375 |
| -4605366.583984375 | -4605366.583984375 |
+--------------------+--------------------+

select pow(c15, c19), power(c15, c19) from t1;
ERROR 22003: value is out of range

select pow(c15, c20), power(c15, c20) from t1;
ERROR 22003: value is out of range

select pow(c15, c21), power(c15, c21) from t1;
ERROR 22003: value is out of range

select pow(c15, c22), power(c15, c22) from t1;
ERROR 22003: value is out of range

select log2(c16), log10(c16), exp(c16), sqrt(c16) from t1;
+-------------------+--------------------+-------------------+--------------------+
| log2(c16)         | log10(c16)         | exp(c16)          | sqrt(c16)          |
+-------------------+--------------------+-------------------+--------------------+
| 2.700439718141092 | 0.8129133566428556 | 665.1416330443618 | 2.5495097567963922 |
| 2.700439718141092 | 0.8129133566428556 | 665.1416330443618 | 2.5495097567963922 |
+-------------------+--------------------+-------------------+--------------------+
select pow(c16, c1), power(c16, c1) from t1;
+---------------------+---------------------+
| pow(c16, c1)        | power(c16, c1)      |
+---------------------+---------------------+
|                 6.5 |                 6.5 |
| 0.15384615384615385 | 0.15384615384615385 |
+---------------------+---------------------+

select pow(c16, c2), power(c16, c2) from t1;
+--------------+----------------+
| pow(c16, c2) | power(c16, c2) |
+--------------+----------------+
|        42.25 |          42.25 |
|        42.25 |          42.25 |
+--------------+----------------+

select pow(c16, c3), power(c16, c3) from t1;
+---------------------+---------------------+
| pow(c16, c3)        | power(c16, c3)      |
+---------------------+---------------------+
|                 6.5 |                 6.5 |
| 0.15384615384615385 | 0.15384615384615385 |
+---------------------+---------------------+

select pow(c16, c4), power(c16, c4) from t1;
+--------------+----------------+
| pow(c16, c4) | power(c16, c4) |
+--------------+----------------+
|        42.25 |          42.25 |
|        42.25 |          42.25 |
+--------------+----------------+

select pow(c16, c5), power(c16, c5) from t1;
+---------------------+---------------------+
| pow(c16, c5)        | power(c16, c5)      |
+---------------------+---------------------+
|                 6.5 |                 6.5 |
| 0.15384615384615385 | 0.15384615384615385 |
+---------------------+---------------------+

select pow(c16, c6), power(c16, c6) from t1;
+--------------+----------------+
| pow(c16, c6) | power(c16, c6) |
+--------------+----------------+
|        42.25 |          42.25 |
|        42.25 |          42.25 |
+--------------+----------------+

select pow(c16, c7), power(c16, c7) from t1;
+---------------------+---------------------+
| pow(c16, c7)        | power(c16, c7)      |
+---------------------+---------------------+
|                 6.5 |                 6.5 |
| 0.15384615384615385 | 0.15384615384615385 |
+---------------------+---------------------+

select pow(c16, c8), power(c16, c8) from t1;
+--------------+----------------+
| pow(c16, c8) | power(c16, c8) |
+--------------+----------------+
|        42.25 |          42.25 |
|        42.25 |          42.25 |
+--------------+----------------+

select pow(c16, c9), power(c16, c9) from t1;
+---------------------+---------------------+
| pow(c16, c9)        | power(c16, c9)      |
+---------------------+---------------------+
|                 6.5 |                 6.5 |
| 0.15384615384615385 | 0.15384615384615385 |
+---------------------+---------------------+

select pow(c16, c10), power(c16, c10) from t1;
+---------------+-----------------+
| pow(c16, c10) | power(c16, c10) |
+---------------+-----------------+
|         42.25 |           42.25 |
|         42.25 |           42.25 |
+---------------+-----------------+

select pow(c16, c11), power(c16, c11) from t1;
+---------------------+---------------------+
| pow(c16, c11)       | power(c16, c11)     |
+---------------------+---------------------+
|                 6.5 |                 6.5 |
| 0.15384615384615385 | 0.15384615384615385 |
+---------------------+---------------------+

select pow(c16, c12), power(c16, c12) from t1;
+---------------+-----------------+
| pow(c16, c12) | power(c16, c12) |
+---------------+-----------------+
|         42.25 |           42.25 |
|         42.25 |           42.25 |
+---------------+-----------------+

select pow(c16, c13), power(c16, c13) from t1;
+-----------------------+-----------------------+
| pow(c16, c13)         | power(c16, c13)       |
+-----------------------+-----------------------+
|     700.1591169602093 |     700.1591169602093 |
| 0.0014282467738784455 | 0.0014282467738784455 |
+-----------------------+-----------------------+

select pow(c16, c14), power(c16, c14) from t1;
+------------------+------------------+
| pow(c16, c14)    | power(c16, c14)  |
+------------------+------------------+
| 4551.03426024136 | 4551.03426024136 |
| 4551.03426024136 | 4551.03426024136 |
+------------------+------------------+

select pow(c16, c15), power(c16, c15) from t1;
+------------------------+------------------------+
| pow(c16, c15)          | power(c16, c15)        |
+------------------------+------------------------+
|      29581.72269156884 |      29581.72269156884 |
| 0.00003380465736990403 | 0.00003380465736990403 |
+------------------------+------------------------+

select pow(c16, c16), power(c16, c16) from t1;
+--------------------+--------------------+
| pow(c16, c16)      | power(c16, c16)    |
+--------------------+--------------------+
| 192281.19749519747 | 192281.19749519747 |
| 192281.19749519747 | 192281.19749519747 |
+--------------------+--------------------+

select pow(c16, c17), power(c16, c17) from t1;
+---------------------------+---------------------------+
| pow(c16, c17)             | power(c16, c17)           |
+---------------------------+---------------------------+
|          3186448.12890625 |          3186448.12890625 |
| 0.00000031382905339910573 | 0.00000031382905339910573 |
+---------------------------+---------------------------+

select pow(c16, c18), power(c16, c18) from t1;
+--------------------+--------------------+
| pow(c16, c18)      | power(c16, c18)    |
+--------------------+--------------------+
| 20711912.837890625 | 20711912.837890625 |
| 20711912.837890625 | 20711912.837890625 |
+--------------------+--------------------+

select pow(c16, c19), power(c16, c19) from t1;
ERROR 22003: value is out of range

select pow(c16, c20), power(c16, c20) from t1;
ERROR 22003: value is out of range

select pow(c16, c21), power(c16, c21) from t1;
+---------------------------+---------------------------+
| pow(c16, c21)             | power(c16, c21)           |
+---------------------------+---------------------------+
|          52805223.8621186 |          52805223.8621186 |
| 0.00000001893752032206381 | 0.00000001893752032206381 |
+---------------------------+---------------------------+

select pow(c16, c22), power(c16, c22) from t1;
+-------------------+-------------------+
| pow(c16, c22)     | power(c16, c22)   |
+-------------------+-------------------+
| 343233955.1037709 | 343233955.1037709 |
| 343233955.1037709 | 343233955.1037709 |
+-------------------+-------------------+

select log2(c17), log10(c17), exp(c17), sqrt(c17) from t1;
+-----------+--------------------+------------------------+--------------------+
| log2(c17) | log10(c17)         | exp(c17)               | sqrt(c17)          |
+-----------+--------------------+------------------------+--------------------+
|         3 | 0.9030899869919435 |     2980.9579870417283 | 2.8284271247461903 |
|      NULL |               NULL | 0.00033546262790251185 |               NULL |
+-----------+--------------------+------------------------+--------------------+
Warnings:
Warning	3020	Invalid argument for logarithm
Warning	3020	Invalid argument for logarithm
select pow(c17, c1), power(c17, c1) from t1;
+--------------+----------------+
| pow(c17, c1) | power(c17, c1) |
+--------------+----------------+
|            8 |              8 |
|       -0.125 |         -0.125 |
+--------------+----------------+

select pow(c17, c2), power(c17, c2) from t1;
+--------------+----------------+
| pow(c17, c2) | power(c17, c2) |
+--------------+----------------+
|           64 |             64 |
|           64 |             64 |
+--------------+----------------+

select pow(c17, c3), power(c17, c3) from t1;
+--------------+----------------+
| pow(c17, c3) | power(c17, c3) |
+--------------+----------------+
|            8 |              8 |
|       -0.125 |         -0.125 |
+--------------+----------------+

select pow(c17, c4), power(c17, c4) from t1;
+--------------+----------------+
| pow(c17, c4) | power(c17, c4) |
+--------------+----------------+
|           64 |             64 |
|           64 |             64 |
+--------------+----------------+

select pow(c17, c5), power(c17, c5) from t1;
+--------------+----------------+
| pow(c17, c5) | power(c17, c5) |
+--------------+----------------+
|            8 |              8 |
|       -0.125 |         -0.125 |
+--------------+----------------+

select pow(c17, c6), power(c17, c6) from t1;
+--------------+----------------+
| pow(c17, c6) | power(c17, c6) |
+--------------+----------------+
|           64 |             64 |
|           64 |             64 |
+--------------+----------------+

select pow(c17, c7), power(c17, c7) from t1;
+--------------+----------------+
| pow(c17, c7) | power(c17, c7) |
+--------------+----------------+
|            8 |              8 |
|       -0.125 |         -0.125 |
+--------------+----------------+

select pow(c17, c8), power(c17, c8) from t1;
+--------------+----------------+
| pow(c17, c8) | power(c17, c8) |
+--------------+----------------+
|           64 |             64 |
|           64 |             64 |
+--------------+----------------+

select pow(c17, c9), power(c17, c9) from t1;
+--------------+----------------+
| pow(c17, c9) | power(c17, c9) |
+--------------+----------------+
|            8 |              8 |
|       -0.125 |         -0.125 |
+--------------+----------------+

select pow(c17, c10), power(c17, c10) from t1;
+---------------+-----------------+
| pow(c17, c10) | power(c17, c10) |
+---------------+-----------------+
|            64 |              64 |
|            64 |              64 |
+---------------+-----------------+

select pow(c17, c11), power(c17, c11) from t1;
+---------------+-----------------+
| pow(c17, c11) | power(c17, c11) |
+---------------+-----------------+
|             8 |               8 |
|        -0.125 |          -0.125 |
+---------------+-----------------+

select pow(c17, c12), power(c17, c12) from t1;
+---------------+-----------------+
| pow(c17, c12) | power(c17, c12) |
+---------------+-----------------+
|            64 |              64 |
|            64 |              64 |
+---------------+-----------------+

select pow(c17, c13), power(c17, c13) from t1;
ERROR 22003: value is out of range

select pow(c17, c14), power(c17, c14) from t1;
ERROR 22003: value is out of range

select pow(c17, c15), power(c17, c15) from t1;
ERROR 22003: value is out of range

select pow(c17, c16), power(c17, c16) from t1;
ERROR 22003: value is out of range

select pow(c17, c17), power(c17, c17) from t1;
+---------------------------+---------------------------+
| pow(c17, c17)             | power(c17, c17)           |
+---------------------------+---------------------------+
|                  16777216 |                  16777216 |
| 0.00000005960464477539063 | 0.00000005960464477539063 |
+---------------------------+---------------------------+

select pow(c17, c18), power(c17, c18) from t1;
+---------------+-----------------+
| pow(c17, c18) | power(c17, c18) |
+---------------+-----------------+
|     134217728 |       134217728 |
|    -134217728 |      -134217728 |
+---------------+-----------------+

select pow(c17, c19), power(c17, c19) from t1;
ERROR 22003: value is out of range

select pow(c17, c20), power(c17, c20) from t1;
ERROR 22003: value is out of range

select pow(c17, c21), power(c17, c21) from t1;
ERROR 22003: value is out of range

select pow(c17, c22), power(c17, c22) from t1;
ERROR 22003: value is out of range

select log2(c18), log10(c18), exp(c18), sqrt(c18) from t1;
+--------------------+--------------------+-------------------+-----------+
| log2(c18)          | log10(c18)         | exp(c18)          | sqrt(c18) |
+--------------------+--------------------+-------------------+-----------+
| 3.1699250014423126 | 0.9542425094393249 | 8103.083927575384 |         3 |
| 3.1699250014423126 | 0.9542425094393249 | 8103.083927575384 |         3 |
+--------------------+--------------------+-------------------+-----------+
select pow(c18, c1), power(c18, c1) from t1;
+--------------------+--------------------+
| pow(c18, c1)       | power(c18, c1)     |
+--------------------+--------------------+
|                  9 |                  9 |
| 0.1111111111111111 | 0.1111111111111111 |
+--------------------+--------------------+

select pow(c18, c2), power(c18, c2) from t1;
+--------------+----------------+
| pow(c18, c2) | power(c18, c2) |
+--------------+----------------+
|           81 |             81 |
|           81 |             81 |
+--------------+----------------+

select pow(c18, c3), power(c18, c3) from t1;
+--------------------+--------------------+
| pow(c18, c3)       | power(c18, c3)     |
+--------------------+--------------------+
|                  9 |                  9 |
| 0.1111111111111111 | 0.1111111111111111 |
+--------------------+--------------------+

select pow(c18, c4), power(c18, c4) from t1;
+--------------+----------------+
| pow(c18, c4) | power(c18, c4) |
+--------------+----------------+
|           81 |             81 |
|           81 |             81 |
+--------------+----------------+

select pow(c18, c5), power(c18, c5) from t1;
+--------------------+--------------------+
| pow(c18, c5)       | power(c18, c5)     |
+--------------------+--------------------+
|                  9 |                  9 |
| 0.1111111111111111 | 0.1111111111111111 |
+--------------------+--------------------+

select pow(c18, c6), power(c18, c6) from t1;
+--------------+----------------+
| pow(c18, c6) | power(c18, c6) |
+--------------+----------------+
|           81 |             81 |
|           81 |             81 |
+--------------+----------------+

select pow(c18, c7), power(c18, c7) from t1;
+--------------------+--------------------+
| pow(c18, c7)       | power(c18, c7)     |
+--------------------+--------------------+
|                  9 |                  9 |
| 0.1111111111111111 | 0.1111111111111111 |
+--------------------+--------------------+

select pow(c18, c8), power(c18, c8) from t1;
+--------------+----------------+
| pow(c18, c8) | power(c18, c8) |
+--------------+----------------+
|           81 |             81 |
|           81 |             81 |
+--------------+----------------+

select pow(c18, c9), power(c18, c9) from t1;
+--------------------+--------------------+
| pow(c18, c9)       | power(c18, c9)     |
+--------------------+--------------------+
|                  9 |                  9 |
| 0.1111111111111111 | 0.1111111111111111 |
+--------------------+--------------------+

select pow(c18, c10), power(c18, c10) from t1;
+---------------+-----------------+
| pow(c18, c10) | power(c18, c10) |
+---------------+-----------------+
|            81 |              81 |
|            81 |              81 |
+---------------+-----------------+

select pow(c18, c11), power(c18, c11) from t1;
+--------------------+--------------------+
| pow(c18, c11)      | power(c18, c11)    |
+--------------------+--------------------+
|                  9 |                  9 |
| 0.1111111111111111 | 0.1111111111111111 |
+--------------------+--------------------+

select pow(c18, c12), power(c18, c12) from t1;
+---------------+-----------------+
| pow(c18, c12) | power(c18, c12) |
+---------------+-----------------+
|            81 |              81 |
|            81 |              81 |
+---------------+-----------------+

select pow(c18, c13), power(c18, c13) from t1;
+-----------------------+-----------------------+
| pow(c18, c13)         | power(c18, c13)       |
+-----------------------+-----------------------+
|                  2187 |                  2187 |
| 0.0004572473708276177 | 0.0004572473708276177 |
+-----------------------+-----------------------+

select pow(c18, c14), power(c18, c14) from t1;
+---------------+-----------------+
| pow(c18, c14) | power(c18, c14) |
+---------------+-----------------+
|         19683 |           19683 |
|         19683 |           19683 |
+---------------+-----------------+

select pow(c18, c15), power(c18, c15) from t1;
+-------------------------+-------------------------+
| pow(c18, c15)           | power(c18, c15)         |
+-------------------------+-------------------------+
|                  177147 |                  177147 |
| 0.000005645029269476762 | 0.000005645029269476762 |
+-------------------------+-------------------------+

select pow(c18, c16), power(c18, c16) from t1;
+---------------+-----------------+
| pow(c18, c16) | power(c18, c16) |
+---------------+-----------------+
|       1594323 |         1594323 |
|       1594323 |         1594323 |
+---------------+-----------------+

select pow(c18, c17), power(c18, c17) from t1;
+----------------------------+----------------------------+
| pow(c18, c17)              | power(c18, c17)            |
+----------------------------+----------------------------+
|                   43046721 |                   43046721 |
| 0.000000023230573125418773 | 0.000000023230573125418773 |
+----------------------------+----------------------------+

select pow(c18, c18), power(c18, c18) from t1;
+---------------+-----------------+
| pow(c18, c18) | power(c18, c18) |
+---------------+-----------------+
|     387420489 |       387420489 |
|     387420489 |       387420489 |
+---------------+-----------------+

select pow(c18, c19), power(c18, c19) from t1;
ERROR 22003: value is out of range

select pow(c18, c20), power(c18, c20) from t1;
ERROR 22003: value is out of range

select pow(c18, c21), power(c18, c21) from t1;
+-----------------------------+-----------------------------+
| pow(c18, c21)               | power(c18, c21)             |
+-----------------------------+-----------------------------+
|                  1162261467 |                  1162261467 |
| 0.0000000008603915972377324 | 0.0000000008603915972377324 |
+-----------------------------+-----------------------------+

select pow(c18, c22), power(c18, c22) from t1;
+---------------+-----------------+
| pow(c18, c22) | power(c18, c22) |
+---------------+-----------------+
|   10460353203 |     10460353203 |
|   10460353203 |     10460353203 |
+---------------+-----------------+

select log2(c19), log10(c19), exp(c19), sqrt(c19) from t1;
ERROR 22003: value is out of range
select pow(c19, c1), power(c19, c1) from t1;
+----------------------------------+----------------------------------+
| pow(c19, c1)                     | power(c19, c1)                   |
+----------------------------------+----------------------------------+
|                   20191201120000 |                   20191201120000 |
| 0.000000000000049526523660321997 | 0.000000000000049526523660321997 |
+----------------------------------+----------------------------------+

select pow(c19, c2), power(c19, c2) from t1;
+----------------------+----------------------+
| pow(c19, c2)         | power(c19, c2)       |
+----------------------+----------------------+
| 4.076846026682893e26 | 4.076846026682893e26 |
| 4.076846026682893e26 | 4.076846026682893e26 |
+----------------------+----------------------+

select pow(c19, c3), power(c19, c3) from t1;
+----------------------------------+----------------------------------+
| pow(c19, c3)                     | power(c19, c3)                   |
+----------------------------------+----------------------------------+
|                   20191201120000 |                   20191201120000 |
| 0.000000000000049526523660321997 | 0.000000000000049526523660321997 |
+----------------------------------+----------------------------------+

select pow(c19, c4), power(c19, c4) from t1;
+----------------------+----------------------+
| pow(c19, c4)         | power(c19, c4)       |
+----------------------+----------------------+
| 4.076846026682893e26 | 4.076846026682893e26 |
| 4.076846026682893e26 | 4.076846026682893e26 |
+----------------------+----------------------+

select pow(c19, c5), power(c19, c5) from t1;
+----------------------------------+----------------------------------+
| pow(c19, c5)                     | power(c19, c5)                   |
+----------------------------------+----------------------------------+
|                   20191201120000 |                   20191201120000 |
| 0.000000000000049526523660321997 | 0.000000000000049526523660321997 |
+----------------------------------+----------------------------------+

select pow(c19, c6), power(c19, c6) from t1;
+----------------------+----------------------+
| pow(c19, c6)         | power(c19, c6)       |
+----------------------+----------------------+
| 4.076846026682893e26 | 4.076846026682893e26 |
| 4.076846026682893e26 | 4.076846026682893e26 |
+----------------------+----------------------+

select pow(c19, c7), power(c19, c7) from t1;
+----------------------------------+----------------------------------+
| pow(c19, c7)                     | power(c19, c7)                   |
+----------------------------------+----------------------------------+
|                   20191201120000 |                   20191201120000 |
| 0.000000000000049526523660321997 | 0.000000000000049526523660321997 |
+----------------------------------+----------------------------------+

select pow(c19, c8), power(c19, c8) from t1;
+----------------------+----------------------+
| pow(c19, c8)         | power(c19, c8)       |
+----------------------+----------------------+
| 4.076846026682893e26 | 4.076846026682893e26 |
| 4.076846026682893e26 | 4.076846026682893e26 |
+----------------------+----------------------+

select pow(c19, c9), power(c19, c9) from t1;
+----------------------------------+----------------------------------+
| pow(c19, c9)                     | power(c19, c9)                   |
+----------------------------------+----------------------------------+
|                   20191201120000 |                   20191201120000 |
| 0.000000000000049526523660321997 | 0.000000000000049526523660321997 |
+----------------------------------+----------------------------------+

select pow(c19, c10), power(c19, c10) from t1;
+----------------------+----------------------+
| pow(c19, c10)        | power(c19, c10)      |
+----------------------+----------------------+
| 4.076846026682893e26 | 4.076846026682893e26 |
| 4.076846026682893e26 | 4.076846026682893e26 |
+----------------------+----------------------+

select pow(c19, c11), power(c19, c11) from t1;
+----------------------------------+----------------------------------+
| pow(c19, c11)                    | power(c19, c11)                  |
+----------------------------------+----------------------------------+
|                   20191201120000 |                   20191201120000 |
| 0.000000000000049526523660321997 | 0.000000000000049526523660321997 |
+----------------------------------+----------------------------------+

select pow(c19, c12), power(c19, c12) from t1;
+----------------------+----------------------+
| pow(c19, c12)        | power(c19, c12)      |
+----------------------+----------------------+
| 4.076846026682893e26 | 4.076846026682893e26 |
| 4.076846026682893e26 | 4.076846026682893e26 |
+----------------------+----------------------+

select pow(c19, c13), power(c19, c13) from t1;
+------------------------+------------------------+
| pow(c19, c13)          | power(c19, c13)        |
+------------------------+------------------------+
|  3.6988569995962015e46 |  3.6988569995962015e46 |
| 2.7035378769959707e-47 | 2.7035378769959707e-47 |
+------------------------+------------------------+

select pow(c19, c14), power(c19, c14) from t1;
+----------------------+----------------------+
| pow(c19, c14)        | power(c19, c14)      |
+----------------------+----------------------+
| 7.468436559296666e59 | 7.468436559296666e59 |
| 7.468436559296666e59 | 7.468436559296666e59 |
+----------------------+----------------------+

select pow(c19, c15), power(c19, c15) from t1;
+------------------------+------------------------+
| pow(c19, c15)          | power(c19, c15)        |
+------------------------+------------------------+
|   1.507967046207198e73 |   1.507967046207198e73 |
| 6.6314446493719856e-74 | 6.6314446493719856e-74 |
+------------------------+------------------------+

select pow(c19, c16), power(c19, c16) from t1;
+-----------------------+-----------------------+
| pow(c19, c16)         | power(c19, c16)       |
+-----------------------+-----------------------+
| 3.0447665912301866e86 | 3.0447665912301866e86 |
| 3.0447665912301866e86 | 3.0447665912301866e86 |
+-----------------------+-----------------------+

select pow(c19, c17), power(c19, c17) from t1;
+------------------------+------------------------+
| pow(c19, c17)          | power(c19, c17)        |
+------------------------+------------------------+
| 2.7624678843394643e106 | 2.7624678843394643e106 |
| 3.619951586293684e-107 | 3.619951586293684e-107 |
+------------------------+------------------------+

select pow(c19, c18), power(c19, c18) from t1;
+-----------------------+-----------------------+
| pow(c19, c18)         | power(c19, c18)       |
+-----------------------+-----------------------+
| 5.577754464023902e119 | 5.577754464023902e119 |
| 5.577754464023902e119 | 5.577754464023902e119 |
+-----------------------+-----------------------+

select pow(c19, c19), power(c19, c19) from t1;
ERROR 22003: value is out of range

select pow(c19, c20), power(c19, c20) from t1;
ERROR 22003: value is out of range

select pow(c19, c21), power(c19, c21) from t1;
+------------------------+------------------------+
| pow(c19, c21)          | power(c19, c21)        |
+------------------------+------------------------+
|  2.506342796189079e126 |  2.506342796189079e126 |
| 3.989877208818006e-127 | 3.989877208818006e-127 |
+------------------------+------------------------+

select pow(c19, c22), power(c19, c22) from t1;
+-----------------------+-----------------------+
| pow(c19, c22)         | power(c19, c22)       |
+-----------------------+-----------------------+
| 5.060607147351686e139 | 5.060607147351686e139 |
| 5.060607147351686e139 | 5.060607147351686e139 |
+-----------------------+-----------------------+

select log2(c20), log10(c20), exp(c20), sqrt(c20) from t1;
ERROR 22003: value is out of range
select pow(c20, c1), power(c20, c1) from t1;
+----------------------------------+----------------------------------+
| pow(c20, c1)                     | power(c20, c1)                   |
+----------------------------------+----------------------------------+
|                   20191203060000 |                   20191203060000 |
| 0.000000000000049526518901741953 | 0.000000000000049526518901741953 |
+----------------------------------+----------------------------------+

select pow(c20, c2), power(c20, c2) from t1;
+-----------------------+-----------------------+
| pow(c20, c2)          | power(c20, c2)        |
+-----------------------+-----------------------+
| 4.0768468101015336e26 | 4.0768468101015336e26 |
| 4.0768468101015336e26 | 4.0768468101015336e26 |
+-----------------------+-----------------------+

select pow(c20, c3), power(c20, c3) from t1;
+----------------------------------+----------------------------------+
| pow(c20, c3)                     | power(c20, c3)                   |
+----------------------------------+----------------------------------+
|                   20191203060000 |                   20191203060000 |
| 0.000000000000049526518901741953 | 0.000000000000049526518901741953 |
+----------------------------------+----------------------------------+

select pow(c20, c4), power(c20, c4) from t1;
+-----------------------+-----------------------+
| pow(c20, c4)          | power(c20, c4)        |
+-----------------------+-----------------------+
| 4.0768468101015336e26 | 4.0768468101015336e26 |
| 4.0768468101015336e26 | 4.0768468101015336e26 |
+-----------------------+-----------------------+

select pow(c20, c5), power(c20, c5) from t1;
+----------------------------------+----------------------------------+
| pow(c20, c5)                     | power(c20, c5)                   |
+----------------------------------+----------------------------------+
|                   20191203060000 |                   20191203060000 |
| 0.000000000000049526518901741953 | 0.000000000000049526518901741953 |
+----------------------------------+----------------------------------+

select pow(c20, c6), power(c20, c6) from t1;
+-----------------------+-----------------------+
| pow(c20, c6)          | power(c20, c6)        |
+-----------------------+-----------------------+
| 4.0768468101015336e26 | 4.0768468101015336e26 |
| 4.0768468101015336e26 | 4.0768468101015336e26 |
+-----------------------+-----------------------+

select pow(c20, c7), power(c20, c7) from t1;
+----------------------------------+----------------------------------+
| pow(c20, c7)                     | power(c20, c7)                   |
+----------------------------------+----------------------------------+
|                   20191203060000 |                   20191203060000 |
| 0.000000000000049526518901741953 | 0.000000000000049526518901741953 |
+----------------------------------+----------------------------------+

select pow(c20, c8), power(c20, c8) from t1;
+-----------------------+-----------------------+
| pow(c20, c8)          | power(c20, c8)        |
+-----------------------+-----------------------+
| 4.0768468101015336e26 | 4.0768468101015336e26 |
| 4.0768468101015336e26 | 4.0768468101015336e26 |
+-----------------------+-----------------------+

select pow(c20, c9), power(c20, c9) from t1;
+----------------------------------+----------------------------------+
| pow(c20, c9)                     | power(c20, c9)                   |
+----------------------------------+----------------------------------+
|                   20191203060000 |                   20191203060000 |
| 0.000000000000049526518901741953 | 0.000000000000049526518901741953 |
+----------------------------------+----------------------------------+

select pow(c20, c10), power(c20, c10) from t1;
+-----------------------+-----------------------+
| pow(c20, c10)         | power(c20, c10)       |
+-----------------------+-----------------------+
| 4.0768468101015336e26 | 4.0768468101015336e26 |
| 4.0768468101015336e26 | 4.0768468101015336e26 |
+-----------------------+-----------------------+

select pow(c20, c11), power(c20, c11) from t1;
+----------------------------------+----------------------------------+
| pow(c20, c11)                    | power(c20, c11)                  |
+----------------------------------+----------------------------------+
|                   20191203060000 |                   20191203060000 |
| 0.000000000000049526518901741953 | 0.000000000000049526518901741953 |
+----------------------------------+----------------------------------+

select pow(c20, c12), power(c20, c12) from t1;
+-----------------------+-----------------------+
| pow(c20, c12)         | power(c20, c12)       |
+-----------------------+-----------------------+
| 4.0768468101015336e26 | 4.0768468101015336e26 |
| 4.0768468101015336e26 | 4.0768468101015336e26 |
+-----------------------+-----------------------+

select pow(c20, c13), power(c20, c13) from t1;
+-----------------------+-----------------------+
| pow(c20, c13)         | power(c20, c13)       |
+-----------------------+-----------------------+
| 3.6988582434668305e46 | 3.6988582434668305e46 |
| 2.703536967836674e-47 | 2.703536967836674e-47 |
+-----------------------+-----------------------+

select pow(c20, c14), power(c20, c14) from t1;
+---------------------+---------------------+
| pow(c20, c14)       | power(c20, c14)     |
+---------------------+---------------------+
| 7.46843978839937e59 | 7.46843978839937e59 |
| 7.46843978839937e59 | 7.46843978839937e59 |
+---------------------+---------------------+

select pow(c20, c15), power(c20, c15) from t1;
+-----------------------+-----------------------+
| pow(c20, c15)         | power(c20, c15)       |
+-----------------------+-----------------------+
| 1.5079678430895512e73 | 1.5079678430895512e73 |
| 6.631441144999368e-74 | 6.631441144999368e-74 |
+-----------------------+-----------------------+

select pow(c20, c16), power(c20, c16) from t1;
+----------------------+----------------------+
| pow(c20, c16)        | power(c20, c16)      |
+----------------------+----------------------+
| 3.044768492777134e86 | 3.044768492777134e86 |
| 3.044768492777134e86 | 3.044768492777134e86 |
+----------------------+----------------------+

select pow(c20, c17), power(c20, c17) from t1;
+------------------------+------------------------+
| pow(c20, c17)          | power(c20, c17)        |
+------------------------+------------------------+
|  2.762470007715668e106 |  2.762470007715668e106 |
| 3.619948803813137e-107 | 3.619948803813137e-107 |
+------------------------+------------------------+

select pow(c20, c18), power(c20, c18) from t1;
+-----------------------+-----------------------+
| pow(c20, c18)         | power(c20, c18)       |
+-----------------------+-----------------------+
| 5.577759287294682e119 | 5.577759287294682e119 |
| 5.577759287294682e119 | 5.577759287294682e119 |
+-----------------------+-----------------------+

select pow(c20, c19), power(c20, c19) from t1;
ERROR 22003: value is out of range

select pow(c20, c20), power(c20, c20) from t1;
ERROR 22003: value is out of range

select pow(c20, c21), power(c20, c21) from t1;
+------------------------+------------------------+
| pow(c20, c21)          | power(c20, c21)        |
+------------------------+------------------------+
|  2.506345083914129e126 |  2.506345083914129e126 |
| 3.989873566964338e-127 | 3.989873566964338e-127 |
+------------------------+------------------------+

select pow(c20, c22), power(c20, c22) from t1;
+-----------------------+-----------------------+
| pow(c20, c22)         | power(c20, c22)       |
+-----------------------+-----------------------+
| 5.060612252774292e139 | 5.060612252774292e139 |
| 5.060612252774292e139 | 5.060612252774292e139 |
+-----------------------+-----------------------+

select log2(c21), log10(c21), exp(c21), sqrt(c21) from t1;
+--------------------+--------------------+-----------------------+-------------------+
| log2(c21)          | log10(c21)         | exp(c21)              | sqrt(c21)         |
+--------------------+--------------------+-----------------------+-------------------+
| 3.2479275134435857 | 0.9777236052888477 |    13359.726829661873 | 3.082207001484488 |
|               NULL |               NULL | 0.0000748518298877006 |              NULL |
+--------------------+--------------------+-----------------------+-------------------+
Warnings:
Warning	3020	Invalid argument for logarithm
Warning	3020	Invalid argument for logarithm
select pow(c21, c1), power(c21, c1) from t1;
+----------------------+----------------------+
| pow(c21, c1)         | power(c21, c1)       |
+----------------------+----------------------+
|                  9.5 |                  9.5 |
| -0.10526315789473684 | -0.10526315789473684 |
+----------------------+----------------------+

select pow(c21, c2), power(c21, c2) from t1;
+--------------+----------------+
| pow(c21, c2) | power(c21, c2) |
+--------------+----------------+
|        90.25 |          90.25 |
|        90.25 |          90.25 |
+--------------+----------------+

select pow(c21, c3), power(c21, c3) from t1;
+----------------------+----------------------+
| pow(c21, c3)         | power(c21, c3)       |
+----------------------+----------------------+
|                  9.5 |                  9.5 |
| -0.10526315789473684 | -0.10526315789473684 |
+----------------------+----------------------+

select pow(c21, c4), power(c21, c4) from t1;
+--------------+----------------+
| pow(c21, c4) | power(c21, c4) |
+--------------+----------------+
|        90.25 |          90.25 |
|        90.25 |          90.25 |
+--------------+----------------+

select pow(c21, c5), power(c21, c5) from t1;
+----------------------+----------------------+
| pow(c21, c5)         | power(c21, c5)       |
+----------------------+----------------------+
|                  9.5 |                  9.5 |
| -0.10526315789473684 | -0.10526315789473684 |
+----------------------+----------------------+

select pow(c21, c6), power(c21, c6) from t1;
+--------------+----------------+
| pow(c21, c6) | power(c21, c6) |
+--------------+----------------+
|        90.25 |          90.25 |
|        90.25 |          90.25 |
+--------------+----------------+

select pow(c21, c7), power(c21, c7) from t1;
+----------------------+----------------------+
| pow(c21, c7)         | power(c21, c7)       |
+----------------------+----------------------+
|                  9.5 |                  9.5 |
| -0.10526315789473684 | -0.10526315789473684 |
+----------------------+----------------------+

select pow(c21, c8), power(c21, c8) from t1;
+--------------+----------------+
| pow(c21, c8) | power(c21, c8) |
+--------------+----------------+
|        90.25 |          90.25 |
|        90.25 |          90.25 |
+--------------+----------------+

select pow(c21, c9), power(c21, c9) from t1;
+----------------------+----------------------+
| pow(c21, c9)         | power(c21, c9)       |
+----------------------+----------------------+
|                  9.5 |                  9.5 |
| -0.10526315789473684 | -0.10526315789473684 |
+----------------------+----------------------+

select pow(c21, c10), power(c21, c10) from t1;
+---------------+-----------------+
| pow(c21, c10) | power(c21, c10) |
+---------------+-----------------+
|         90.25 |           90.25 |
|         90.25 |           90.25 |
+---------------+-----------------+

select pow(c21, c11), power(c21, c11) from t1;
+----------------------+----------------------+
| pow(c21, c11)        | power(c21, c11)      |
+----------------------+----------------------+
|                  9.5 |                  9.5 |
| -0.10526315789473684 | -0.10526315789473684 |
+----------------------+----------------------+

select pow(c21, c12), power(c21, c12) from t1;
+---------------+-----------------+
| pow(c21, c12) | power(c21, c12) |
+---------------+-----------------+
|         90.25 |           90.25 |
|         90.25 |           90.25 |
+---------------+-----------------+

select pow(c21, c13), power(c21, c13) from t1;
ERROR 22003: value is out of range

select pow(c21, c14), power(c21, c14) from t1;
ERROR 22003: value is out of range

select pow(c21, c15), power(c21, c15) from t1;
ERROR 22003: value is out of range

select pow(c21, c16), power(c21, c16) from t1;
ERROR 22003: value is out of range

select pow(c21, c17), power(c21, c17) from t1;
+----------------------------+----------------------------+
| pow(c21, c17)              | power(c21, c17)            |
+----------------------------+----------------------------+
|          66342043.12890625 |          66342043.12890625 |
| 0.000000015073397695288715 | 0.000000015073397695288715 |
+----------------------------+----------------------------+

select pow(c21, c18), power(c21, c18) from t1;
+--------------------+--------------------+
| pow(c21, c18)      | power(c21, c18)    |
+--------------------+--------------------+
|  630249409.7246094 |  630249409.7246094 |
| -630249409.7246094 | -630249409.7246094 |
+--------------------+--------------------+

select pow(c21, c19), power(c21, c19) from t1;
ERROR 22003: value is out of range

select pow(c21, c20), power(c21, c20) from t1;
ERROR 22003: value is out of range

select pow(c21, c21), power(c21, c21) from t1;
ERROR 22003: value is out of range

select pow(c21, c22), power(c21, c22) from t1;
ERROR 22003: value is out of range

select log2(c22), log10(c22), exp(c22), sqrt(c22) from t1;
+--------------------+-------------------+--------------------+------------------+
| log2(c22)          | log10(c22)        | exp(c22)           | sqrt(c22)        |
+--------------------+-------------------+--------------------+------------------+
| 3.3923174227787602 | 1.021189299069938 | 36315.502674246636 | 3.24037034920393 |
| 3.3923174227787602 | 1.021189299069938 | 36315.502674246636 | 3.24037034920393 |
+--------------------+-------------------+--------------------+------------------+
select pow(c22, c1), power(c22, c1) from t1;
+---------------------+---------------------+
| pow(c22, c1)        | power(c22, c1)      |
+---------------------+---------------------+
|                10.5 |                10.5 |
| 0.09523809523809523 | 0.09523809523809523 |
+---------------------+---------------------+

select pow(c22, c2), power(c22, c2) from t1;
+--------------+----------------+
| pow(c22, c2) | power(c22, c2) |
+--------------+----------------+
|       110.25 |         110.25 |
|       110.25 |         110.25 |
+--------------+----------------+

select pow(c22, c3), power(c22, c3) from t1;
+---------------------+---------------------+
| pow(c22, c3)        | power(c22, c3)      |
+---------------------+---------------------+
|                10.5 |                10.5 |
| 0.09523809523809523 | 0.09523809523809523 |
+---------------------+---------------------+

select pow(c22, c4), power(c22, c4) from t1;
+--------------+----------------+
| pow(c22, c4) | power(c22, c4) |
+--------------+----------------+
|       110.25 |         110.25 |
|       110.25 |         110.25 |
+--------------+----------------+

select pow(c22, c5), power(c22, c5) from t1;
+---------------------+---------------------+
| pow(c22, c5)        | power(c22, c5)      |
+---------------------+---------------------+
|                10.5 |                10.5 |
| 0.09523809523809523 | 0.09523809523809523 |
+---------------------+---------------------+

select pow(c22, c6), power(c22, c6) from t1;
+--------------+----------------+
| pow(c22, c6) | power(c22, c6) |
+--------------+----------------+
|       110.25 |         110.25 |
|       110.25 |         110.25 |
+--------------+----------------+

select pow(c22, c7), power(c22, c7) from t1;
+---------------------+---------------------+
| pow(c22, c7)        | power(c22, c7)      |
+---------------------+---------------------+
|                10.5 |                10.5 |
| 0.09523809523809523 | 0.09523809523809523 |
+---------------------+---------------------+

select pow(c22, c8), power(c22, c8) from t1;
+--------------+----------------+
| pow(c22, c8) | power(c22, c8) |
+--------------+----------------+
|       110.25 |         110.25 |
|       110.25 |         110.25 |
+--------------+----------------+

select pow(c22, c9), power(c22, c9) from t1;
+---------------------+---------------------+
| pow(c22, c9)        | power(c22, c9)      |
+---------------------+---------------------+
|                10.5 |                10.5 |
| 0.09523809523809523 | 0.09523809523809523 |
+---------------------+---------------------+

select pow(c22, c10), power(c22, c10) from t1;
+---------------+-----------------+
| pow(c22, c10) | power(c22, c10) |
+---------------+-----------------+
|        110.25 |          110.25 |
|        110.25 |          110.25 |
+---------------+-----------------+

select pow(c22, c11), power(c22, c11) from t1;
+---------------------+---------------------+
| pow(c22, c11)       | power(c22, c11)     |
+---------------------+---------------------+
|                10.5 |                10.5 |
| 0.09523809523809523 | 0.09523809523809523 |
+---------------------+---------------------+

select pow(c22, c12), power(c22, c12) from t1;
+---------------+-----------------+
| pow(c22, c12) | power(c22, c12) |
+---------------+-----------------+
|        110.25 |          110.25 |
|        110.25 |          110.25 |
+---------------+-----------------+

select pow(c22, c13), power(c22, c13) from t1;
+-----------------------+-----------------------+
| pow(c22, c13)         | power(c22, c13)       |
+-----------------------+-----------------------+
|    3751.1337254971995 |    3751.1337254971995 |
| 0.0002665860705532308 | 0.0002665860705532308 |
+-----------------------+-----------------------+

select pow(c22, c14), power(c22, c14) from t1;
+--------------------+--------------------+
| pow(c22, c14)      | power(c22, c14)    |
+--------------------+--------------------+
| 39386.904117720595 | 39386.904117720595 |
| 39386.904117720595 | 39386.904117720595 |
+--------------------+--------------------+

select pow(c22, c15), power(c22, c15) from t1;
+--------------------------+--------------------------+
| pow(c22, c15)            | power(c22, c15)          |
+--------------------------+--------------------------+
|       413562.49323606625 |       413562.49323606625 |
| 0.0000024180142453807785 | 0.0000024180142453807785 |
+--------------------------+--------------------------+

select pow(c22, c16), power(c22, c16) from t1;
+--------------------+--------------------+
| pow(c22, c16)      | power(c22, c16)    |
+--------------------+--------------------+
| 4342406.1789786955 | 4342406.1789786955 |
| 4342406.1789786955 | 4342406.1789786955 |
+--------------------+--------------------+

select pow(c22, c17), power(c22, c17) from t1;
+----------------------------+----------------------------+
| pow(c22, c17)              | power(c22, c17)            |
+----------------------------+----------------------------+
|         147745544.37890625 |         147745544.37890625 |
| 0.000000006768393620286872 | 0.000000006768393620286872 |
+----------------------------+----------------------------+

select pow(c22, c18), power(c22, c18) from t1;
+--------------------+--------------------+
| pow(c22, c18)      | power(c22, c18)    |
+--------------------+--------------------+
| 1551328215.9785156 | 1551328215.9785156 |
| 1551328215.9785156 | 1551328215.9785156 |
+--------------------+--------------------+

select pow(c22, c19), power(c22, c19) from t1;
ERROR 22003: value is out of range

select pow(c22, c20), power(c22, c20) from t1;
ERROR 22003: value is out of range

select pow(c22, c21), power(c22, c21) from t1;
+------------------------------+------------------------------+
| pow(c22, c21)                | power(c22, c21)              |
+------------------------------+------------------------------+
|            5026877952.940212 |            5026877952.940212 |
| 0.00000000019893063037567914 | 0.00000000019893063037567914 |
+------------------------------+------------------------------+

select pow(c22, c22), power(c22, c22) from t1;
+-------------------+-------------------+
| pow(c22, c22)     | power(c22, c22)   |
+-------------------+-------------------+
| 52782218505.87223 | 52782218505.87223 |
| 52782218505.87223 | 52782218505.87223 |
+-------------------+-------------------+


// 'a' casted to zero
// expect 0
select pow('a', 2);
+-------------+
| pow('a', 2) |
+-------------+
|           0 |
+-------------+
Warnings:
Warning	1292	Truncated incorrect DOUBLE value: 'a'
// expect 1
select pow(2, 'a');
+-------------+
| pow(2, 'a') |
+-------------+
|           1 |
+-------------+
Warnings:
Warning	1292	Truncated incorrect DOUBLE value: 'a'
// expect 1
select pow('a', 'a');
+---------------+
| pow('a', 'a') |
+---------------+
|             1 |
+---------------+
Warnings:
Warning	1292	Truncated incorrect DOUBLE value: 'a'
Warning	1292	Truncated incorrect DOUBLE value: 'a'
// expect 0
select power('a', 2);
+---------------+
| power('a', 2) |
+---------------+
|             0 |
+---------------+
Warnings:
Warning	1292	Truncated incorrect DOUBLE value: 'a'
// expect 1
select power(2, 'a');
+---------------+
| power(2, 'a') |
+---------------+
|             1 |
+---------------+
Warnings:
Warning	1292	Truncated incorrect DOUBLE value: 'a'
// expect 1
select power('a', 'a');
+-----------------+
| power('a', 'a') |
+-----------------+
|               1 |
+-----------------+
Warnings:
Warning	1292	Truncated incorrect DOUBLE value: 'a'
Warning	1292	Truncated incorrect DOUBLE value: 'a'

// use pow in insert stmt
drop table t1;
create table t1(c1 double);
insert into t1 select pow('a', 2);
Warnings:
Warning	1292	Truncated incorrect DOUBLE value: 'a'
Warning	1292	Truncated incorrect DOUBLE value: 'a'
insert into t1 select pow(2, 'a');
Warnings:
Warning	1292	Truncated incorrect DOUBLE value: 'a'
Warning	1292	Truncated incorrect DOUBLE value: 'a'
insert into t1 select pow('a', 'a');
Warnings:
Warning	1292	Truncated incorrect DOUBLE value: 'a'
Warning	1292	Truncated incorrect DOUBLE value: 'a'
Warning	1292	Truncated incorrect DOUBLE value: 'a'
Warning	1292	Truncated incorrect DOUBLE value: 'a'
// expect 0, 1, 1
select * from t1;
+------+
| c1   |
+------+
|    0 |
|    1 |
|    1 |
+------+


// use pow in insert stmt(old engine)
drop table t1;
create table t1(c1 double);
insert into t1 select pow('a', 2);
Warnings:
Warning	1292	Truncated incorrect DOUBLE value: 'a'
Warning	1292	Truncated incorrect DOUBLE value: 'a'
insert into t1 select pow(2, 'a');
Warnings:
Warning	1292	Truncated incorrect DOUBLE value: 'a'
Warning	1292	Truncated incorrect DOUBLE value: 'a'
insert into t1 select pow('a', 'a');
Warnings:
Warning	1292	Truncated incorrect DOUBLE value: 'a'
Warning	1292	Truncated incorrect DOUBLE value: 'a'
Warning	1292	Truncated incorrect DOUBLE value: 'a'
Warning	1292	Truncated incorrect DOUBLE value: 'a'
// expect 0, 1, 1
select * from t1;
+------+
| c1   |
+------+
|    0 |
|    1 |
|    1 |
+------+

