result_format: 4
alter system set enable_async_syslog = false;
set @@ob_enable_plan_cache = 0;

drop table if exists t1;
drop table if exists t2;
drop table if exists t3;

create table t1(c1 tinyint, c2 smallint, c3 mediumint, c4 int, c5 bigint, c6 tinyint unsigned, c7 smallint unsigned, c8 mediumint unsigned, c9 int unsigned, c10 bigint unsigned, c11 float, c12 double, c13 float unsigned, c14 double unsigned);
insert into t1 values(null,null,null,null,null,null,null,null,null,null,null,null,null,null);
insert into t1 values(1, 2, 3, 4, 5, 6, 7, 8, 9, 10, 11.1, 12.2, 13.3, 14.4);
create table t2(c1 date, c2 time, c3 datetime, c4 timestamp, c5 year);
insert into t2 values(null,null,null,null,null);
insert into t2 values('0000-00-00', '12:34:56', '2019-12-25 12:34:56', '2019-12-25 12:34:56', 2020);
create table t3(c1 char(10), c2 varchar(10), c3 binary(10), c4 varbinary(10), c5 blob, c6 text, c7 enum('','abc'), c8 set('','abc'));
insert into t3 values(null,null,null,null,null,null,null,null);
insert into t3 values('abc', 'abc', 'abc', 'abc', 'abc', 'abc', 'abc', 'abc');


select c1, partition_key(null), partition_key(c1), partition_key(c2), partition_key(c3), partition_key(c4), partition_key(c5), partition_key(c6), partition_key(c7), partition_key(c8), partition_key(c9), partition_key(c10), partition_key(c11), partition_key(c12), partition_key(c13), partition_key(c14) from t1;
+------+---------------------+---------------------+---------------------+---------------------+---------------------+---------------------+---------------------+---------------------+---------------------+---------------------+---------------------+---------------------+---------------------+---------------------+---------------------+
| c1   | partition_key(null) | partition_key(c1)   | partition_key(c2)   | partition_key(c3)   | partition_key(c4)   | partition_key(c5)   | partition_key(c6)   | partition_key(c7)   | partition_key(c8)   | partition_key(c9)   | partition_key(c10)  | partition_key(c11)  | partition_key(c12)  | partition_key(c13)  | partition_key(c14)  |
+------+---------------------+---------------------+---------------------+---------------------+---------------------+---------------------+---------------------+---------------------+---------------------+---------------------+---------------------+---------------------+---------------------+---------------------+---------------------+
| NULL | 6960269033020761575 | 6960269033020761575 | 6960269033020761575 | 6960269033020761575 | 6960269033020761575 | 6960269033020761575 | 6960269033020761575 | 6960269033020761575 | 6960269033020761575 | 6960269033020761575 | 6960269033020761575 | 6960269033020761575 | 6960269033020761575 | 6960269033020761575 | 6960269033020761575 |
|    1 | 6960269033020761575 | 8089716718896805586 | 4083905729319787502 | 5173830478357570162 | 4802761344231991206 |  208465272938114760 | 3091397795597481564 | 6469252686979372057 | 5312865287321056581 | 3253817828616337504 | 7188666914263997357 |  554171766401687642 | 1209923708429642637 | 3652659264439090126 | 1116622728199546839 |
+------+---------------------+---------------------+---------------------+---------------------+---------------------+---------------------+---------------------+---------------------+---------------------+---------------------+---------------------+---------------------+---------------------+---------------------+---------------------+
select partition_key(c1, c2, c3, c4, c5, c6, c7, c8, c9, c10, c11, c12, c13, c14) from t1;
+----------------------------------------------------------------------------+
| partition_key(c1, c2, c3, c4, c5, c6, c7, c8, c9, c10, c11, c12, c13, c14) |
+----------------------------------------------------------------------------+
|                                                        8669936285899323595 |
|                                                        3319342296135249634 |
+----------------------------------------------------------------------------+
select c1, partition_key(c1), partition_key(c2), partition_key(c3), partition_key(c4), partition_key(c5) from t2;
+------------+---------------------+---------------------+---------------------+---------------------+---------------------+
| c1         | partition_key(c1)   | partition_key(c2)   | partition_key(c3)   | partition_key(c4)   | partition_key(c5)   |
+------------+---------------------+---------------------+---------------------+---------------------+---------------------+
| NULL       | 6960269033020761575 | 6960269033020761575 | 6960269033020761575 | 6960269033020761575 | 6960269033020761575 |
| 0000-00-00 | 4118494407655268559 | 7068692680032799961 |  905094948208870081 | 6483578642322323262 | 1051853082033653591 |
+------------+---------------------+---------------------+---------------------+---------------------+---------------------+
select partition_key(c1, c2, c3, c4, c5 from t2;
ERROR 42000: You have an error in your SQL syntax; check the manual that corresponds to your OceanBase version for the right syntax to use near 'from t2' at line 1
select c1, partition_key(c1), partition_key(c2), partition_key(c3), partition_key(c4), partition_key(c5), partition_key(c6), partition_key(c7), partition_key(c8) from t3;
+------+---------------------+---------------------+---------------------+---------------------+---------------------+---------------------+---------------------+---------------------+
| c1   | partition_key(c1)   | partition_key(c2)   | partition_key(c3)   | partition_key(c4)   | partition_key(c5)   | partition_key(c6)   | partition_key(c7)   | partition_key(c8)   |
+------+---------------------+---------------------+---------------------+---------------------+---------------------+---------------------+---------------------+---------------------+
| NULL | 6960269033020761575 | 6960269033020761575 | 6960269033020761575 | 6960269033020761575 | 6960269033020761575 | 6960269033020761575 | 6960269033020761575 | 6960269033020761575 |
| abc  |  925032385642742853 |  925032385642742853 | 2123410362008674379 | 7148968302806999301 | 7148968302806999301 |  925032385642742853 | 4083905729319787502 | 4083905729319787502 |
+------+---------------------+---------------------+---------------------+---------------------+---------------------+---------------------+---------------------+---------------------+
select partition_key(c1, c2, c3, c4, c5, c6, c7, c8) from t3;
+-----------------------------------------------+
| partition_key(c1, c2, c3, c4, c5, c6, c7, c8) |
+-----------------------------------------------+
|                           6029179996760524639 |
|                            633827529522778919 |
+-----------------------------------------------+
drop table t1;
drop table t2;
drop table t3;
