use oceanbase;
select * from __all_virtual_data_type order by data_type;
data_type	data_type_str	data_type_class
0	NULL	0
1	TINYINT	1
2	SMALLINT	1
3	MEDIUMINT	1
4	INT	1
5	BIGINT	1
6	TINYINT UNSIGNED	2
7	SMALLINT UNSIGNED	2
8	MEDIUMINT UNSIGNED	2
9	INT UNSIGNED	2
10	BIGINT UNSIGNED	2
11	FLOAT	3
12	DOUBLE	4
13	FLOAT UNSIGNED	3
14	DOUBLE UNSIGNED	4
15	DECIMAL	5
16	DECIMAL UNSIGNED	5
17	DATETIME	6
18	TIMESTAMP	6
19	DATE	7
20	TIME	8
21	YEAR	9
22	VARCHAR	10
23	CHAR	10
24	HEX_STRING	10
25	EXT	11
26	UNKNOWN	12
27	TINYTEXT	13
28	TEXT	13
29	MEDIUMTEXT	13
30	LONGTEXT	13
31	BIT	14
32	ENUM	15
33	SET	15
34	ENUM_INNER	16
35	SET_INNER	16
36	TIMESTAMP_WITH_TIME_ZONE	17
37	TIMESTAMP_WITH_LOCAL_TIME_ZONE	17
38	TIMESTAMP	17
39	RAW	18
40	INTERVAL_YEAR_TO_MONTH	19
41	INTERVAL_DAY_TO_SECOND	19
42	NUMBER_FLOAT	5
43	NVARCHAR2	10
44	NCHAR	10
45	ROWID	20
46	LOB	21
47	JSON	22
48	GEOMETRY	23
49	UDT	24
50	DECIMAL_INT	25
51	ARRAY	26
52	MYSQL_DATE	27
53	MYSQL_DATETIME	28
54	ROARINGBITMAP	29
select data_type, data_type_str, data_type_class from __all_virtual_data_type order by data_type;
data_type	data_type_str	data_type_class
0	NULL	0
1	TINYINT	1
2	SMALLINT	1
3	MEDIUMINT	1
4	INT	1
5	BIGINT	1
6	TINYINT UNSIGNED	2
7	SMALLINT UNSIGNED	2
8	MEDIUMINT UNSIGNED	2
9	INT UNSIGNED	2
10	BIGINT UNSIGNED	2
11	FLOAT	3
12	DOUBLE	4
13	FLOAT UNSIGNED	3
14	DOUBLE UNSIGNED	4
15	DECIMAL	5
16	DECIMAL UNSIGNED	5
17	DATETIME	6
18	TIMESTAMP	6
19	DATE	7
20	TIME	8
21	YEAR	9
22	VARCHAR	10
23	CHAR	10
24	HEX_STRING	10
25	EXT	11
26	UNKNOWN	12
27	TINYTEXT	13
28	TEXT	13
29	MEDIUMTEXT	13
30	LONGTEXT	13
31	BIT	14
32	ENUM	15
33	SET	15
34	ENUM_INNER	16
35	SET_INNER	16
36	TIMESTAMP_WITH_TIME_ZONE	17
37	TIMESTAMP_WITH_LOCAL_TIME_ZONE	17
38	TIMESTAMP	17
39	RAW	18
40	INTERVAL_YEAR_TO_MONTH	19
41	INTERVAL_DAY_TO_SECOND	19
42	NUMBER_FLOAT	5
43	NVARCHAR2	10
44	NCHAR	10
45	ROWID	20
46	LOB	21
47	JSON	22
48	GEOMETRY	23
49	UDT	24
50	DECIMAL_INT	25
51	ARRAY	26
52	MYSQL_DATE	27
53	MYSQL_DATETIME	28
54	ROARINGBITMAP	29
select * from __all_virtual_data_type where data_type = 22;
data_type	data_type_str	data_type_class
22	VARCHAR	10
select a.data_type_str, b.data_type_class_str from __all_virtual_data_type a inner join __all_virtual_data_type_class b on a.data_type_class = b.data_type_class order by a.data_type;
data_type_str	data_type_class_str
NULL	NULL
TINYINT	INT
SMALLINT	INT
MEDIUMINT	INT
INT	INT
BIGINT	INT
TINYINT UNSIGNED	UINT
SMALLINT UNSIGNED	UINT
MEDIUMINT UNSIGNED	UINT
INT UNSIGNED	UINT
BIGINT UNSIGNED	UINT
FLOAT	FLOAT
DOUBLE	DOUBLE
FLOAT UNSIGNED	FLOAT
DOUBLE UNSIGNED	DOUBLE
DECIMAL	DECIMAL
DECIMAL UNSIGNED	DECIMAL
DATETIME	DATETIME
TIMESTAMP	DATETIME
DATE	DATE
TIME	TIME
YEAR	YEAR
VARCHAR	STRING
CHAR	STRING
HEX_STRING	STRING
EXT	EXT
UNKNOWN	UNKNOWN
TINYTEXT	TEXT
TEXT	TEXT
MEDIUMTEXT	TEXT
LONGTEXT	TEXT
BIT	BIT
ENUM	ENUM_SET
SET	ENUM_SET
TIMESTAMP_WITH_TIME_ZONE	OTIMESTAMP
TIMESTAMP_WITH_LOCAL_TIME_ZONE	OTIMESTAMP
TIMESTAMP	OTIMESTAMP
RAW	RAW
INTERVAL_YEAR_TO_MONTH	INTERVAL
INTERVAL_DAY_TO_SECOND	INTERVAL
NUMBER_FLOAT	DECIMAL
NVARCHAR2	STRING
NCHAR	STRING
ROWID	ROWID
LOB	LOB
JSON	JSON
GEOMETRY	GEOMETRY
UDT	UDT
DECIMAL_INT	DECIMAL_INT
ARRAY	COLLECTION
MYSQL_DATE	MYSQL_DATE
MYSQL_DATETIME	MYSQL_DATETIME
ROARINGBITMAP	ROARINGBITMAP
show create table __all_virtual_data_type;
Table	Create Table
__all_virtual_data_type	CREATE TABLE `__all_virtual_data_type` (
  `data_type` bigint(20) NOT NULL,
  `data_type_str` varchar(128) NOT NULL,
  `data_type_class` bigint(20) NOT NULL,
  PRIMARY KEY (`data_type`)
) ORGANIZATION INDEX DEFAULT CHARSET = utf8mb4 COMPRESSION = 'none' REPLICA_NUM = NUM BLOCK_SIZE = SIZE USE_BLOOM_FILTER = FALSE ENABLE_MACRO_BLOCK_BLOOM_FILTER = FALSE TABLET_SIZE = SIZE PCTFREE = 10
desc __all_virtual_data_type;
Field	Type	Null	Key	Default	Extra
data_type	bigint(20)	NO	PRI	NULL	
data_type_str	varchar(128)	NO		NULL	
data_type_class	bigint(20)	NO		NULL	
