create user tmp_user_test_user_priv identified by '123';
create database test_user_priv_db;
use test_user_priv_db;
create table zhan_t1 (a int primary key, b int);
show create table information_schema.table_privileges;
View	Create View	character_set_client	collation_connection
TABLE_PRIVILEGES	CREATE VIEW `TABLE_PRIVILEGES` AS    WITH DB_PRIV AS (     select A.tenant_id TENANT_ID,            A.user_id USER_ID,            A.database_name DATABASE_NAME,            A.priv_alter PRIV_ALTER,            A.priv_create PRIV_CREATE,            A.priv_delete PRIV_DELETE,            A.priv_drop PRIV_DROP,            A.priv_grant_option PRIV_GRANT_OPTION,            A.priv_insert PRIV_INSERT,            A.priv_update PRIV_UPDATE,            A.priv_select PRIV_SELECT,            A.priv_index PRIV_INDEX,            A.priv_create_view PRIV_CREATE_VIEW,            A.priv_show_view PRIV_SHOW_VIEW,            A.GMT_CREATE GMT_CREATE,            A.GMT_MODIFIED GMT_MODIFIED,            A.PRIV_OTHERS PRIV_OTHERS     from oceanbase.__all_database_privilege_history A,          (select tenant_id, user_id, database_name, max(schema_version) schema_version from oceanbase.__all_database_privilege_history group by tenant_id, user_id, database_name, database_name collate utf8mb4_bin) B     where A.tenant_id = B.tenant_id and A.user_id = B.user_id and A.database_name collate utf8mb4_bin = B.database_name collate utf8mb4_bin and A.schema_version = B.schema_version and A.is_deleted = 0   ),   TABLE_PRIV AS (     select A.tenant_id TENANT_ID,            A.user_id USER_ID,            A.database_name DATABASE_NAME,            A.table_name TABLE_NAME,            A.priv_alter PRIV_ALTER,            A.priv_create PRIV_CREATE,            A.priv_delete PRIV_DELETE,            A.priv_drop PRIV_DROP,            A.priv_grant_option PRIV_GRANT_OPTION,            A.priv_insert PRIV_INSERT,            A.priv_update PRIV_UPDATE,            A.priv_select PRIV_SELECT,            A.priv_index PRIV_INDEX,            A.priv_create_view PRIV_CREATE_VIEW,            A.priv_show_view PRIV_SHOW_VIEW,            A.PRIV_OTHERS PRIV_OTHERS     from oceanbase.__all_table_privilege_history A,          (select tenant_id, user_id, database_name, table_name, max(schema_version) schema_version from oceanbase.__all_table_privilege_history group by tenant_id, user_id, database_name, database_name collate utf8mb4_bin, table_name, table_name collate utf8mb4_bin) B     where A.tenant_id = B.tenant_id and A.user_id = B.user_id and A.database_name collate utf8mb4_bin = B.database_name collate utf8mb4_bin and A.schema_version = B.schema_version and A.table_name collate utf8mb4_bin = B.table_name collate utf8mb4_bin and A.is_deleted = 0   )   SELECT          CAST(CONCAT('''', V.USER_NAME, '''', '@', '''', V.HOST, '''') AS CHAR(81)) AS GRANTEE ,          CAST('def' AS CHAR(512)) AS TABLE_CATALOG ,          CAST(V.DATABASE_NAME AS CHAR(128)) collate utf8mb4_name_case AS TABLE_SCHEMA ,          CAST(V.TABLE_NAME AS CHAR(64)) collate utf8mb4_name_case AS TABLE_NAME,          CAST(V.PRIVILEGE_TYPE AS CHAR(64)) AS PRIVILEGE_TYPE ,          CAST(V.IS_GRANTABLE AS CHAR(3)) AS IS_GRANTABLE   FROM     (SELECT TP.DATABASE_NAME AS DATABASE_NAME,             TP.TABLE_NAME AS TABLE_NAME,             U.USER_NAME AS USER_NAME,             U.HOST AS HOST,             CASE                 WHEN V1.C1 = 1                      AND TP.PRIV_ALTER = 1 THEN 'ALTER'                 WHEN V1.C1 = 2                      AND TP.PRIV_CREATE = 1 THEN 'CREATE'                 WHEN V1.C1 = 4                      AND TP.PRIV_DELETE = 1 THEN 'DELETE'                 WHEN V1.C1 = 5                      AND TP.PRIV_DROP = 1 THEN 'DROP'                 WHEN V1.C1 = 7                      AND TP.PRIV_INSERT = 1 THEN 'INSERT'                 WHEN V1.C1 = 8                      AND TP.PRIV_UPDATE = 1 THEN 'UPDATE'                 WHEN V1.C1 = 9                      AND TP.PRIV_SELECT = 1 THEN 'SELECT'                 WHEN V1.C1 = 10                      AND TP.PRIV_INDEX = 1 THEN 'INDEX'                 WHEN V1.C1 = 11                      AND TP.PRIV_CREATE_VIEW = 1 THEN 'CREATE VIEW'                 WHEN V1.C1 = 12                      AND TP.PRIV_SHOW_VIEW = 1 THEN 'SHOW VIEW'                 ELSE NULL             END PRIVILEGE_TYPE ,             CASE                 WHEN TP.PRIV_GRANT_OPTION = 1 THEN 'YES'                 WHEN TP.PRIV_GRANT_OPTION = 0 THEN 'NO'             END IS_GRANTABLE      FROM TABLE_PRIV TP,                       oceanbase.__all_user U,        (SELECT 1 AS C1         UNION ALL SELECT 2 AS C1         UNION ALL SELECT 4 AS C1         UNION ALL SELECT 5 AS C1         UNION ALL SELECT 7 AS C1         UNION ALL SELECT 8 AS C1         UNION ALL SELECT 9 AS C1         UNION ALL SELECT 10 AS C1         UNION ALL SELECT 11 AS C1         UNION ALL SELECT 12 AS C1) V1,        (SELECT USER_ID         FROM oceanbase.__all_user         WHERE TENANT_ID = 0           AND CONCAT(USER_NAME, '@', HOST) = CURRENT_USER()) CURR      LEFT JOIN        (SELECT USER_ID         FROM DB_PRIV         WHERE TENANT_ID = 0           AND DATABASE_NAME = 'mysql'           AND PRIV_SELECT = 1) DB ON CURR.USER_ID = DB.USER_ID      WHERE TP.TENANT_ID = 0        AND TP.TENANT_ID = U.TENANT_ID        AND TP.USER_ID = U.USER_ID        AND (DB.USER_ID IS NOT NULL             OR 512 & CURRENT_USER_PRIV() = 512             OR TP.USER_ID = CURR.USER_ID)) V   WHERE V.PRIVILEGE_TYPE IS NOT NULL   	utf8mb4	utf8mb4_general_ci
desc information_schema.table_privileges;
Field	Type	Null	Key	Default	Extra
GRANTEE	varchar(81)	NO			
TABLE_CATALOG	varchar(512)	NO			
TABLE_SCHEMA	varchar(128)	NO			
TABLE_NAME	varchar(64)	NO			
PRIVILEGE_TYPE	varchar(64)	NO			
IS_GRANTABLE	varchar(3)	NO			
select * from information_schema.table_privileges where table_name = 'zhan_t1';
GRANTEE	TABLE_CATALOG	TABLE_SCHEMA	TABLE_NAME	PRIVILEGE_TYPE	IS_GRANTABLE
grant select on test_user_priv_db.zhan_t1 to tmp_user_test_user_priv;
select * from information_schema.table_privileges where table_name = 'zhan_t1';
GRANTEE	TABLE_CATALOG	TABLE_SCHEMA	TABLE_NAME	PRIVILEGE_TYPE	IS_GRANTABLE
'tmp_user_test_user_priv'@'%'	def	test_user_priv_db	zhan_t1	SELECT	NO
revoke select on test_user_priv_db.zhan_t1 from tmp_user_test_user_priv;
select * from information_schema.table_privileges where table_name = 'zhan_t1';
GRANTEE	TABLE_CATALOG	TABLE_SCHEMA	TABLE_NAME	PRIVILEGE_TYPE	IS_GRANTABLE
drop database test_user_priv_db;
drop user tmp_user_test_user_priv;
