use information_schema;
select * from views where table_schema = 'mysql' order by table_name desc;
TABLE_CATALOG	TABLE_SCHEMA	TABLE_NAME	VIEW_DEFINITION	CHECK_OPTION	IS_UPDATABLE	DEFINER	SECURITY_TYPE	CHARACTER_SET_CLIENT	COLLATION_CONNECTION
def	mysql	time_zone_transition_type	     SELECT time_zone_id as Time_zone_id,            transition_type_id as Transition_type_id,            offset as Offset,            is_dst as Is_DST,            abbreviation as Abbreviation     FROM oceanbase.__all_tenant_time_zone_transition_type 	NONE	NO	NONE	NONE	utf8mb4	utf8mb4_general_ci
def	mysql	time_zone_transition	     SELECT time_zone_id as Time_zone_id,            transition_time as Transition_time,            transition_type_id as Transition_type_id     FROM oceanbase.__all_tenant_time_zone_transition 	NONE	NO	NONE	NONE	utf8mb4	utf8mb4_general_ci
def	mysql	time_zone_name	     SELECT name as Name,            time_zone_id as Time_zone_id     FROM oceanbase.__all_tenant_time_zone_name 	NONE	NO	NONE	NONE	utf8mb4	utf8mb4_general_ci
def	mysql	time_zone	     SELECT time_zone_id as Time_zone_id,            use_leap_seconds as Use_leap_seconds     FROM oceanbase.__all_tenant_time_zone 	NONE	NO	NONE	NONE	utf8mb4	utf8mb4_general_ci
def	mysql	role_edges	   SELECT cast(from_user.host AS char(255)) FROM_HOST,          cast(from_user.user_name AS char(128)) FROM_USER,          cast(to_user.host AS char(255)) TO_HOST,          cast(to_user.user_name AS char(128)) TO_USER,          cast(CASE role_map.admin_option WHEN 1 THEN 'Y' ELSE 'N' END AS char(1)) WITH_ADMIN_OPTION   FROM oceanbase.__all_tenant_role_grantee_map role_map,        oceanbase.__all_user from_user,        oceanbase.__all_user to_user   WHERE role_map.tenant_id = from_user.tenant_id     AND role_map.tenant_id = to_user.tenant_id     AND role_map.grantee_id = to_user.user_id     AND role_map.role_id = from_user.user_id; 	NONE	NO	NONE	NONE	utf8mb4	utf8mb4_general_ci
def	mysql	procs_priv	     SELECT cast(b.host as char(60)) as Host,            cast(a.database_name as char(64)) as Db,            cast(b.user_name as char(32)) as User,            cast(a.routine_name as char(64)) as Routine_name,            case when a.routine_type = 1 then 'PROCEDURE' else 'FUNCTION' end as Routine_type,            cast(concat(a.grantor, '@', a.grantor_host) as char(93)) as Grantor,            substr(concat(case when (a.all_priv & 1) > 0 then ',Execute' else '' end,                           case when (a.all_priv & 2) > 0 then ',Alter Routine' else '' end,                           case when (a.all_priv & 4) > 0 then ',Grant' else '' end), 2) as Proc_priv,            cast(a.gmt_modified as date) as Timestamp     FROM oceanbase.__all_routine_privilege a, oceanbase.__all_user b     WHERE a.tenant_id = 0 and a.tenant_id = b.tenant_id AND a.user_id = b.user_id; 	NONE	NO	NONE	NONE	utf8mb4	utf8mb4_general_ci
def	mysql	proc	     SELECT       D.DATABASE_NAME AS DB,       R.ROUTINE_NAME AS NAME,       CAST((CASE R.ROUTINE_TYPE         WHEN 1 THEN 'PROCEDURE'         WHEN 2 THEN 'FUNCTION' END) AS CHAR(10)) AS TYPE,       R.ROUTINE_NAME AS SPECIFIC_NAME,       CAST('SQL' AS CHAR(4)) AS LANGUAGE,       CAST((CASE WHEN (R.FLAG & 32768) = 32768 THEN 'NO_SQL'                 WHEN (R.FLAG & 65536) = 65536 THEN 'READS_SQL_DATA'                 WHEN (R.FLAG & 131072) = 131072 THEN 'MODIFIES_SQL_DATA'                 ELSE 'CONTAINS_SQL' END) AS CHAR(32)) AS SQL_DATA_ACCESS,       CAST((CASE WHEN (R.FLAG & 4) = 4 THEN 'YES' ELSE 'NO' END) AS CHAR(4)) AS IS_DETERMINISTIC,       CAST((CASE WHEN (R.FLAG & 16) = 16 THEN 'INVOKER' ELSE 'DEFINER' END) AS CHAR(10)) AS SECURITY_TYPE,       MYSQL_PROC_INFO('PARAM_LIST', R.ROUTINE_BODY, R.EXEC_ENV, R.ROUTINE_ID, NULL, NULL, NULL, NULL, NULL) AS PARAM_LIST,       CASE R.ROUTINE_TYPE          WHEN 1 THEN ''         WHEN 2 THEN MYSQL_PROC_INFO('RETURNS', R.ROUTINE_BODY, R.EXEC_ENV, R.ROUTINE_ID, RP.PARAM_TYPE, RP.PARAM_LENGTH, RP.PARAM_PRECISION, RP.PARAM_SCALE, RP.PARAM_COLL_TYPE)         END AS RETURNS,       MYSQL_PROC_INFO('BODY', R.ROUTINE_BODY, R.EXEC_ENV, R.ROUTINE_ID, NULL, NULL, NULL, NULL, NULL) AS BODY,       CAST(CONCAT('''', REPLACE(R.PRIV_USER, '@', '''@''' ), '''') AS CHAR(77)) AS DEFINER,       R.GMT_CREATE AS CREATED,       R.GMT_MODIFIED AS MODIFIED,       CAST(MYSQL_PROC_INFO('SQL_MODE', R.ROUTINE_BODY, R.EXEC_ENV, R.ROUTINE_ID, NULL, NULL, NULL, NULL, NULL) AS CHAR(8192)) AS SQL_MODE,       NVL(R.COMMENT, '') AS COMMENT,       CAST(MYSQL_PROC_INFO('CHARACTER_SET_CLIENT', R.ROUTINE_BODY, R.EXEC_ENV, R.ROUTINE_ID, NULL, NULL, NULL, NULL, NULL) AS CHAR(128)) AS CHARACTER_SET_CLIENT,       CAST(MYSQL_PROC_INFO('COLLATION_CONNECTION', R.ROUTINE_BODY, R.EXEC_ENV, R.ROUTINE_ID, NULL, NULL, NULL, NULL, NULL) AS CHAR(128)) AS COLLATION_CONNECTION,       CAST(MYSQL_PROC_INFO('DB_COLLATION', R.ROUTINE_BODY, R.EXEC_ENV, R.ROUTINE_ID, NULL, NULL, NULL, NULL, NULL) AS CHAR(128)) AS DB_COLLATION,       MYSQL_PROC_INFO('BODY', R.ROUTINE_BODY, R.EXEC_ENV, R.ROUTINE_ID, NULL, NULL, NULL, NULL, NULL) AS BODY_UTF8       FROM          ((SELECT * FROM oceanbase.__all_routine) R           LEFT JOIN oceanbase.__all_database D ON R.DATABASE_ID = D.DATABASE_ID           LEFT JOIN oceanbase.__all_routine_param RP ON R.routine_id = RP.routine_id AND RP.param_position = 0)       WHERE         D.IN_RECYCLEBIN = 0       AND         R.ROUTINE_TYPE IN (1, 2)   	NONE	NO	NONE	NONE	utf8mb4	utf8mb4_general_ci
def	mysql	func	     SELECT name, ret, dl, type     FROM oceanbase.__all_func 	NONE	NO	NONE	NONE	utf8mb4	utf8mb4_general_ci
def	mysql	default_roles	   SELECT cast(to_user.host AS char(255)) HOST,          cast(to_user.user_name AS char(128)) USER,          cast(from_user.host AS char(255)) DEFAULT_ROLE_HOST,          cast(from_user.user_name AS char(128)) DEFAULT_ROLE_USER   FROM oceanbase.__all_tenant_role_grantee_map role_map,        oceanbase.__all_user from_user,        oceanbase.__all_user to_user   WHERE role_map.tenant_id = from_user.tenant_id     AND role_map.tenant_id = to_user.tenant_id     AND role_map.grantee_id = to_user.user_id     AND role_map.role_id = from_user.user_id     AND role_map.disable_flag = 0; 	NONE	NO	NONE	NONE	utf8mb4	utf8mb4_general_ci
def	mysql	columns_priv	     SELECT cast(b.host as char(255)) as Host,            cast(a.database_name as char(128)) as Db,            cast(b.user_name as char(128)) as User,            cast(a.table_name as char(128)) as Table_name,            cast(a.column_name as char(128)) as Column_name,            substr(concat(case when (a.all_priv & 1) > 0 then ',Select' else '' end,                           case when (a.all_priv & 2) > 0 then ',Insert' else '' end,                           case when (a.all_priv & 4) > 0 then ',Update' else '' end,                           case when (a.all_priv & 8) > 0 then ',References' else '' end), 2) as Column_priv,            cast(a.gmt_modified as datetime) as Timestamp     FROM oceanbase.__all_column_privilege a, oceanbase.__all_user b     WHERE a.tenant_id = 0 and a.tenant_id = b.tenant_id AND a.user_id = b.user_id 	NONE	NO	NONE	NONE	utf8mb4	utf8mb4_general_ci
def	mysql	audit_log_user	     SELECT CAST(user_name AS CHAR(128)) collate utf8mb4_bin as USER,            host as HOST,            CAST(filter_name AS CHAR(64)) collate utf8mb4_bin as FILTERNAME     FROM oceanbase.__all_audit_log_user WHERE tenant_id = 0 and is_deleted = 0; 	NONE	NO	NONE	NONE	utf8mb4	utf8mb4_general_ci
def	mysql	audit_log_filter	     SELECT CAST(filter_name AS CHAR(64)) collate utf8mb4_bin as NAME,            definition as FILTER     FROM oceanbase.__all_audit_log_filter WHERE tenant_id = 0 and is_deleted = 0; 	NONE	NO	NONE	NONE	utf8mb4	utf8mb4_general_ci
show create view views;
View	Create View	character_set_client	collation_connection
VIEWS	CREATE VIEW `VIEWS` AS select                    cast('def' as CHAR(64)) AS TABLE_CATALOG,                    d.database_name collate utf8mb4_name_case as TABLE_SCHEMA,                    t.table_name collate utf8mb4_name_case as TABLE_NAME,                    t.view_definition as VIEW_DEFINITION,                    case t.view_check_option when 1 then 'LOCAL' when 2 then 'CASCADED' else 'NONE' end as CHECK_OPTION,                    case t.view_is_updatable when 1 then 'YES' else 'NO' end as IS_UPDATABLE,                    cast((case t.define_user_id                          when -1 then 'NONE'                          else concat(u.user_name, '@', u.host) end) as CHAR(288)) as DEFINER,                    cast('NONE' as CHAR(7)) AS SECURITY_TYPE,                    cast((case t.collation_type                          when 45 then 'utf8mb4'                          else 'NONE' end) as CHAR(64)) AS CHARACTER_SET_CLIENT,                    cast((case t.collation_type                          when 45 then 'utf8mb4_general_ci'                          else 'NONE' end) as CHAR(64)) AS COLLATION_CONNECTION                    from oceanbase.__all_table as t                    join oceanbase.__all_database as d                      on t.tenant_id = d.tenant_id and t.database_id = d.database_id                    left join oceanbase.__all_user as u                      on t.tenant_id = u.tenant_id and t.define_user_id = u.user_id and t.define_user_id != -1                    where t.tenant_id = 0                      and t.table_type in (1, 4)                      and t.table_mode >> 12 & 15 in (0,1)                      and t.index_attributes_set & 16 = 0                      and d.in_recyclebin = 0                      and d.database_name != '__recyclebin'                      and d.database_name != 'information_schema'                      and d.database_name != 'oceanbase'                      and 0 = sys_privilege_check('table_acc', effective_tenant_id(), d.database_name, t.table_name) 	utf8mb4	utf8mb4_general_ci
desc views;
Field	Type	Null	Key	Default	Extra
TABLE_CATALOG	varchar(64)	NO			
TABLE_SCHEMA	varchar(128)	NO			
TABLE_NAME	varchar(256)	NO			
VIEW_DEFINITION	longtext	NO		NULL	
CHECK_OPTION	varchar(8)	NO		NULL	
IS_UPDATABLE	varchar(3)	NO		NULL	
DEFINER	varchar(288)	NO			
SECURITY_TYPE	varchar(7)	NO			
CHARACTER_SET_CLIENT	varchar(64)	NO			
COLLATION_CONNECTION	varchar(64)	NO			
