alter system flush plan cache global;
select 1.345;
Catalog	Database	Table	Table_alias	Column	Column_alias	Type	Length	Max length	Is_null	Flags	Decimals	Charsetnr
def					1.345	246	6	5	N	32897	3	63
1.345
1.345
select round(1.345);
Catalog	Database	Table	Table_alias	Column	Column_alias	Type	Length	Max length	Is_null	Flags	Decimals	Charsetnr
def					round(1.345)	246	3	1	N	32897	0	63
round(1.345)
1
select -13.544;
Catalog	Database	Table	Table_alias	Column	Column_alias	Type	Length	Max length	Is_null	Flags	Decimals	Charsetnr
def					-13.544	246	7	7	N	32897	3	63
-13.544
-13.544
select round(-13.544);
Catalog	Database	Table	Table_alias	Column	Column_alias	Type	Length	Max length	Is_null	Flags	Decimals	Charsetnr
def					round(-13.544)	246	4	3	N	32897	0	63
round(-13.544)
-14
select round(0.0);
Catalog	Database	Table	Table_alias	Column	Column_alias	Type	Length	Max length	Is_null	Flags	Decimals	Charsetnr
def					round(0.0)	246	3	1	N	32897	0	63
round(0.0)
0
drop table if exists t1;
create table t1(a int);
insert into t1 values(10);
select round(a + 0.5) from t1;
Catalog	Database	Table	Table_alias	Column	Column_alias	Type	Length	Max length	Is_null	Flags	Decimals	Charsetnr
def					round(a + 0.5)	246	14	2	Y	32896	0	63
round(a + 0.5)
11
select round(a + 0.4) from t1;
Catalog	Database	Table	Table_alias	Column	Column_alias	Type	Length	Max length	Is_null	Flags	Decimals	Charsetnr
def					round(a + 0.4)	246	14	2	Y	32896	0	63
round(a + 0.4)
10
drop table t1;
select floor(null);
Catalog	Database	Table	Table_alias	Column	Column_alias	Type	Length	Max length	Is_null	Flags	Decimals	Charsetnr
def					floor(null)	5	17	0	Y	32896	0	63
floor(null)
NULL
select ceil(null);
Catalog	Database	Table	Table_alias	Column	Column_alias	Type	Length	Max length	Is_null	Flags	Decimals	Charsetnr
def					ceil(null)	5	17	0	Y	32896	0	63
ceil(null)
NULL
select floor(-123);
Catalog	Database	Table	Table_alias	Column	Column_alias	Type	Length	Max length	Is_null	Flags	Decimals	Charsetnr
def					floor(-123)	8	20	4	N	32897	0	63
floor(-123)
-123
select floor(-123.123);
Catalog	Database	Table	Table_alias	Column	Column_alias	Type	Length	Max length	Is_null	Flags	Decimals	Charsetnr
def					floor(-123.123)	246	7	4	N	32897	0	63
floor(-123.123)
-124
select floor(123);
Catalog	Database	Table	Table_alias	Column	Column_alias	Type	Length	Max length	Is_null	Flags	Decimals	Charsetnr
def					floor(123)	8	20	3	N	32897	0	63
floor(123)
123
select ceil(-1234.1223);
Catalog	Database	Table	Table_alias	Column	Column_alias	Type	Length	Max length	Is_null	Flags	Decimals	Charsetnr
def					ceil(-1234.1223)	246	9	5	N	32897	0	63
ceil(-1234.1223)
-1234
select ceil(-123);
Catalog	Database	Table	Table_alias	Column	Column_alias	Type	Length	Max length	Is_null	Flags	Decimals	Charsetnr
def					ceil(-123)	8	20	4	N	32897	0	63
ceil(-123)
-123
select ceil(123);
Catalog	Database	Table	Table_alias	Column	Column_alias	Type	Length	Max length	Is_null	Flags	Decimals	Charsetnr
def					ceil(123)	8	20	3	N	32897	0	63
ceil(123)
123
select floor(3.1415926);
Catalog	Database	Table	Table_alias	Column	Column_alias	Type	Length	Max length	Is_null	Flags	Decimals	Charsetnr
def					floor(3.1415926)	246	9	1	N	32897	0	63
floor(3.1415926)
3
select floor(-3.1415926);
Catalog	Database	Table	Table_alias	Column	Column_alias	Type	Length	Max length	Is_null	Flags	Decimals	Charsetnr
def					floor(-3.1415926)	246	9	2	N	32897	0	63
floor(-3.1415926)
-4
select floor(0.00);
Catalog	Database	Table	Table_alias	Column	Column_alias	Type	Length	Max length	Is_null	Flags	Decimals	Charsetnr
def					floor(0.00)	246	4	1	N	32897	0	63
floor(0.00)
0
select floor(-0.0);
Catalog	Database	Table	Table_alias	Column	Column_alias	Type	Length	Max length	Is_null	Flags	Decimals	Charsetnr
def					floor(-0.0)	246	3	1	N	32897	0	63
floor(-0.0)
0
select floor(0.123456789);
Catalog	Database	Table	Table_alias	Column	Column_alias	Type	Length	Max length	Is_null	Flags	Decimals	Charsetnr
def					floor(0.123456789)	246	11	1	N	32897	0	63
floor(0.123456789)
0
select floor(-0.123456789);
Catalog	Database	Table	Table_alias	Column	Column_alias	Type	Length	Max length	Is_null	Flags	Decimals	Charsetnr
def					floor(-0.123456789)	246	11	2	N	32897	0	63
floor(-0.123456789)
-1
select floor(123456789.123456789);
Catalog	Database	Table	Table_alias	Column	Column_alias	Type	Length	Max length	Is_null	Flags	Decimals	Charsetnr
def					floor(123456789.123456789)	246	19	9	N	32897	0	63
floor(123456789.123456789)
123456789
select floor(-99999999.999999999);
Catalog	Database	Table	Table_alias	Column	Column_alias	Type	Length	Max length	Is_null	Flags	Decimals	Charsetnr
def					floor(-99999999.999999999)	246	18	10	N	32897	0	63
floor(-99999999.999999999)
-100000000
select floor(999999999.123456789);
Catalog	Database	Table	Table_alias	Column	Column_alias	Type	Length	Max length	Is_null	Flags	Decimals	Charsetnr
def					floor(999999999.123456789)	246	19	9	N	32897	0	63
floor(999999999.123456789)
999999999
select floor(-999999999.123456789);
Catalog	Database	Table	Table_alias	Column	Column_alias	Type	Length	Max length	Is_null	Flags	Decimals	Charsetnr
def					floor(-999999999.123456789)	246	19	11	N	32897	0	63
floor(-999999999.123456789)
-1000000000
select floor(-123456789123456789123456789.123456789);
Catalog	Database	Table	Table_alias	Column	Column_alias	Type	Length	Max length	Is_null	Flags	Decimals	Charsetnr
def					floor(-123456789123456789123456789.123456789)	246	37	28	N	32897	0	63
floor(-123456789123456789123456789.123456789)
-123456789123456789123456790
select floor(123456789123456789123456789123456789123456789123456789.123456789);
Catalog	Database	Table	Table_alias	Column	Column_alias	Type	Length	Max length	Is_null	Flags	Decimals	Charsetnr
def					floor(123456789123456789123456789123456789123456789123456789.123456789)	246	64	54	N	32897	0	63
floor(123456789123456789123456789123456789123456789123456789.123456789)
123456789123456789123456789123456789123456789123456789
select floor(-123456789123456789123456789123456789123456789123456789.123456789);
Catalog	Database	Table	Table_alias	Column	Column_alias	Type	Length	Max length	Is_null	Flags	Decimals	Charsetnr
def					floor(-123456789123456789123456789123456789123456789123456789.123456789)	246	64	55	N	32897	0	63
floor(-123456789123456789123456789123456789123456789123456789.123456789)
-123456789123456789123456789123456789123456789123456790
select floor(123456789123456789123456789.123456789123456789123456789123456789);
Catalog	Database	Table	Table_alias	Column	Column_alias	Type	Length	Max length	Is_null	Flags	Decimals	Charsetnr
def					floor(123456789123456789123456789.123456789123456789123456789123456789)	246	64	27	N	32897	0	63
floor(123456789123456789123456789.123456789123456789123456789123456789)
123456789123456789123456789
select floor(-123456789123456789123456789.123456789123456789123456789123456789);
Catalog	Database	Table	Table_alias	Column	Column_alias	Type	Length	Max length	Is_null	Flags	Decimals	Charsetnr
def					floor(-123456789123456789123456789.123456789123456789123456789123456789)	246	64	28	N	32897	0	63
floor(-123456789123456789123456789.123456789123456789123456789123456789)
-123456789123456789123456790
select floor(-123456789123456789123456789.123456789);
Catalog	Database	Table	Table_alias	Column	Column_alias	Type	Length	Max length	Is_null	Flags	Decimals	Charsetnr
def					floor(-123456789123456789123456789.123456789)	246	37	28	N	32897	0	63
floor(-123456789123456789123456789.123456789)
-123456789123456789123456790
select floor(999999999999999999999999999999999999999999999.499999999);
Catalog	Database	Table	Table_alias	Column	Column_alias	Type	Length	Max length	Is_null	Flags	Decimals	Charsetnr
def					floor(999999999999999999999999999999999999999999999.499999999)	246	55	45	N	32897	0	63
floor(999999999999999999999999999999999999999999999.499999999)
999999999999999999999999999999999999999999999
select floor(999999999999999999999999999999999999999999999.500000001);
Catalog	Database	Table	Table_alias	Column	Column_alias	Type	Length	Max length	Is_null	Flags	Decimals	Charsetnr
def					floor(999999999999999999999999999999999999999999999.500000001)	246	55	45	N	32897	0	63
floor(999999999999999999999999999999999999999999999.500000001)
999999999999999999999999999999999999999999999
select floor(99999999999999999999999999999999999999999999.399999999);
Catalog	Database	Table	Table_alias	Column	Column_alias	Type	Length	Max length	Is_null	Flags	Decimals	Charsetnr
def					floor(99999999999999999999999999999999999999999999.399999999)	246	54	44	N	32897	0	63
floor(99999999999999999999999999999999999999999999.399999999)
99999999999999999999999999999999999999999999
select floor(-99999999999999999999999999999999999999999999.399999999);
Catalog	Database	Table	Table_alias	Column	Column_alias	Type	Length	Max length	Is_null	Flags	Decimals	Charsetnr
def					floor(-99999999999999999999999999999999999999999999.399999999)	246	54	46	N	32897	0	63
floor(-99999999999999999999999999999999999999999999.399999999)
-100000000000000000000000000000000000000000000
select floor(-99999999999999999999999999999999999999999999.399999999);
Catalog	Database	Table	Table_alias	Column	Column_alias	Type	Length	Max length	Is_null	Flags	Decimals	Charsetnr
def					floor(-99999999999999999999999999999999999999999999.399999999)	246	54	46	N	32897	0	63
floor(-99999999999999999999999999999999999999999999.399999999)
-100000000000000000000000000000000000000000000
select floor(999999999999999999999999999999999999999999999211111.399999999);
Catalog	Database	Table	Table_alias	Column	Column_alias	Type	Length	Max length	Is_null	Flags	Decimals	Charsetnr
def					floor(999999999999999999999999999999999999999999999211111.399999999)	246	61	51	N	32897	0	63
floor(999999999999999999999999999999999999999999999211111.399999999)
999999999999999999999999999999999999999999999211111
select floor(-999999999999999999999999999999999999999999999211111.399999999);
Catalog	Database	Table	Table_alias	Column	Column_alias	Type	Length	Max length	Is_null	Flags	Decimals	Charsetnr
def					floor(-999999999999999999999999999999999999999999999211111.399999999)	246	61	52	N	32897	0	63
floor(-999999999999999999999999999999999999999999999211111.399999999)
-999999999999999999999999999999999999999999999211112
select floor(-999999999999999999999999999999999999999999999511111.399999999);
Catalog	Database	Table	Table_alias	Column	Column_alias	Type	Length	Max length	Is_null	Flags	Decimals	Charsetnr
def					floor(-999999999999999999999999999999999999999999999511111.399999999)	246	61	52	N	32897	0	63
floor(-999999999999999999999999999999999999999999999511111.399999999)
-999999999999999999999999999999999999999999999511112
select floor(-999999999999999999999999999999999999999999999499999.399999999);
Catalog	Database	Table	Table_alias	Column	Column_alias	Type	Length	Max length	Is_null	Flags	Decimals	Charsetnr
def					floor(-999999999999999999999999999999999999999999999499999.399999999)	246	61	52	N	32897	0	63
floor(-999999999999999999999999999999999999999999999499999.399999999)
-999999999999999999999999999999999999999999999500000
select  CEIL(109.19)  ceil_val,FLOOR(109.19) floor_val from dual;
Catalog	Database	Table	Table_alias	Column	Column_alias	Type	Length	Max length	Is_null	Flags	Decimals	Charsetnr
def					ceil_val	246	6	3	N	32897	0	63
def					floor_val	246	6	3	N	32897	0	63
ceil_val	floor_val
110	109
select ceil( 10.00000000001 )  from dual;
Catalog	Database	Table	Table_alias	Column	Column_alias	Type	Length	Max length	Is_null	Flags	Decimals	Charsetnr
def					ceil( 10.00000000001 )	246	14	2	N	32897	0	63
ceil( 10.00000000001 )
11
select ceil( -1.99 )from dual;
Catalog	Database	Table	Table_alias	Column	Column_alias	Type	Length	Max length	Is_null	Flags	Decimals	Charsetnr
def					ceil( -1.99 )	246	4	2	N	32897	0	63
ceil( -1.99 )
-1
select ceil( -1.9999999999999999999999999999999999999999111111111 )from dual;
Catalog	Database	Table	Table_alias	Column	Column_alias	Type	Length	Max length	Is_null	Flags	Decimals	Charsetnr
def					ceil( -1.9999999999999999999999999999999999999999111111111 )	246	51	2	N	32897	0	63
ceil( -1.9999999999999999999999999999999999999999111111111 )
-1
select ceil( -1.999999999999999999999999999999999999999999999111111111 )from dual;
Catalog	Database	Table	Table_alias	Column	Column_alias	Type	Length	Max length	Is_null	Flags	Decimals	Charsetnr
def					ceil( -1.999999999999999999999999999999999999999999999111111111 )	246	56	2	N	32897	0	63
ceil( -1.999999999999999999999999999999999999999999999111111111 )
-1
select floor(0.00000000000),ceil(0.00000);
Catalog	Database	Table	Table_alias	Column	Column_alias	Type	Length	Max length	Is_null	Flags	Decimals	Charsetnr
def					floor(0.00000000000)	246	13	1	N	32897	0	63
def					ceil(0.00000)	246	7	1	N	32897	0	63
floor(0.00000000000)	ceil(0.00000)
0	0
select ceil( 10.00000000001 )  from dual;
Catalog	Database	Table	Table_alias	Column	Column_alias	Type	Length	Max length	Is_null	Flags	Decimals	Charsetnr
def					ceil( 10.00000000001 )	246	14	2	N	32897	0	63
ceil( 10.00000000001 )
11
drop table if exists tbl1;
create table tbl1 (i1 int, v2 varchar(80), i3 char(20),i4 float, d4 datetime(6),i5 decimal(5,3), primary key(i1));
insert into tbl1 values(1,'now','haha1',1.6256,'2014-05-04 12:00:00',-10.235);
insert into tbl1 values(2,'now','haha2',-1.6256,'2014-05-04 12:00:00',1.243);
insert into tbl1 values(3,'now','haha3',1.156,'2014-05-04 12:00:00',-1.45);
insert into tbl1 values(4,'now','haha1',5.9256,'2014-05-04 12:00:00',3.45);
insert into tbl1 values(5,'now1','haha2',1.2356,'2014-05-04 12:00:00',-0.25);
insert into tbl1 values(6,'now2','haha3',-10.4256,'2014-05-04 12:00:00',0.253);
insert into tbl1 values(7,'now3','haha4',0.6256,'2014-05-04 12:00:00',1.677);
select floor(i4),floor(i5) from tbl1;
Catalog	Database	Table	Table_alias	Column	Column_alias	Type	Length	Max length	Is_null	Flags	Decimals	Charsetnr
def					floor(i4)	5	17	3	Y	32896	0	63
def					floor(i5)	8	5	3	Y	32896	0	63
floor(i4)	floor(i5)
1	-11
-2	1
1	-2
5	3
1	-1
-11	0
0	1
select max(floor(i4)),max(floor(i5)) from tbl1;
Catalog	Database	Table	Table_alias	Column	Column_alias	Type	Length	Max length	Is_null	Flags	Decimals	Charsetnr
def					max(floor(i4))	5	17	1	Y	32896	0	63
def					max(floor(i5))	8	5	1	Y	32896	0	63
max(floor(i4))	max(floor(i5))
5	3
select min(floor(i4)),min(floor(i5)) from tbl1;
Catalog	Database	Table	Table_alias	Column	Column_alias	Type	Length	Max length	Is_null	Flags	Decimals	Charsetnr
def					min(floor(i4))	5	17	3	Y	32896	0	63
def					min(floor(i5))	8	5	3	Y	32896	0	63
min(floor(i4))	min(floor(i5))
-11	-11
select max(ceil(i4)),max(ceil(i5)) from tbl1;
Catalog	Database	Table	Table_alias	Column	Column_alias	Type	Length	Max length	Is_null	Flags	Decimals	Charsetnr
def					max(ceil(i4))	5	17	1	Y	32896	0	63
def					max(ceil(i5))	8	5	1	Y	32896	0	63
max(ceil(i4))	max(ceil(i5))
6	4
select min(ceil(i4)),min(ceil(i5)) from tbl1;
Catalog	Database	Table	Table_alias	Column	Column_alias	Type	Length	Max length	Is_null	Flags	Decimals	Charsetnr
def					min(ceil(i4))	5	17	3	Y	32896	0	63
def					min(ceil(i5))	8	5	3	Y	32896	0	63
min(ceil(i4))	min(ceil(i5))
-10	-10
select avg(ceil(i4)),avg(ceil(i5)) from tbl1;
Catalog	Database	Table	Table_alias	Column	Column_alias	Type	Length	Max length	Is_null	Flags	Decimals	Charsetnr
def					avg(ceil(i4))	5	21	6	Y	32896	4	63
def					avg(ceil(i5))	246	11	7	Y	32896	4	63
avg(ceil(i4))	avg(ceil(i5))
0.2857	-0.2857
select avg(ceil(i5)),avg(floor(i5)) from tbl1;
Catalog	Database	Table	Table_alias	Column	Column_alias	Type	Length	Max length	Is_null	Flags	Decimals	Charsetnr
def					avg(ceil(i5))	246	11	7	Y	32896	4	63
def					avg(floor(i5))	246	11	7	Y	32896	4	63
avg(ceil(i5))	avg(floor(i5))
-0.2857	-1.2857
select sum(ceil(i4)),sum(ceil(i5)) from tbl1;
Catalog	Database	Table	Table_alias	Column	Column_alias	Type	Length	Max length	Is_null	Flags	Decimals	Charsetnr
def					sum(ceil(i4))	5	17	1	Y	32896	0	63
def					sum(ceil(i5))	246	43	2	Y	32896	0	63
sum(ceil(i4))	sum(ceil(i5))
2	-2
select count(ceil(i4)),count(ceil(i5)) from tbl1;
Catalog	Database	Table	Table_alias	Column	Column_alias	Type	Length	Max length	Is_null	Flags	Decimals	Charsetnr
def					count(ceil(i4))	8	20	1	Y	32896	0	63
def					count(ceil(i5))	8	20	1	Y	32896	0	63
count(ceil(i4))	count(ceil(i5))
7	7
select ceil(count(ceil(i4))),floor(count(ceil(i5))) from tbl1;
Catalog	Database	Table	Table_alias	Column	Column_alias	Type	Length	Max length	Is_null	Flags	Decimals	Charsetnr
def					ceil(count(ceil(i4)))	8	20	1	Y	32896	0	63
def					floor(count(ceil(i5)))	8	20	1	Y	32896	0	63
ceil(count(ceil(i4)))	floor(count(ceil(i5)))
7	7
select ceil(avg(ceil(i4))),floor(avg(ceil(i5))) from tbl1;
Catalog	Database	Table	Table_alias	Column	Column_alias	Type	Length	Max length	Is_null	Flags	Decimals	Charsetnr
def					ceil(avg(ceil(i4)))	5	17	1	Y	32896	0	63
def					floor(avg(ceil(i5)))	8	9	2	Y	32896	0	63
ceil(avg(ceil(i4)))	floor(avg(ceil(i5)))
1	-1
select ceil(avg(ceil(i4))),ceil(avg(ceil(i5))) from tbl1;
Catalog	Database	Table	Table_alias	Column	Column_alias	Type	Length	Max length	Is_null	Flags	Decimals	Charsetnr
def					ceil(avg(ceil(i4)))	5	17	1	Y	32896	0	63
def					ceil(avg(ceil(i5)))	8	9	1	Y	32896	0	63
ceil(avg(ceil(i4)))	ceil(avg(ceil(i5)))
1	0
select * from tbl1 where floor(i4)=2;
Catalog	Database	Table	Table_alias	Column	Column_alias	Type	Length	Max length	Is_null	Flags	Decimals	Charsetnr
def	test	tbl1	tbl1	i1	i1	3	11	0	N	49155	0	63
def	test	tbl1	tbl1	v2	v2	253	320	0	Y	0	0	45
def	test	tbl1	tbl1	i3	i3	254	80	0	Y	0	0	45
def	test	tbl1	tbl1	i4	i4	4	12	0	Y	32768	31	63
def	test	tbl1	tbl1	d4	d4	12	26	0	Y	128	6	63
def	test	tbl1	tbl1	i5	i5	246	7	0	Y	32768	3	63
i1	v2	i3	i4	d4	i5
select * from tbl1 where floor(i4)=ceil(i4)-1;
Catalog	Database	Table	Table_alias	Column	Column_alias	Type	Length	Max length	Is_null	Flags	Decimals	Charsetnr
def	test	tbl1	tbl1	i1	i1	3	11	1	N	49155	0	63
def	test	tbl1	tbl1	v2	v2	253	320	4	Y	0	0	45
def	test	tbl1	tbl1	i3	i3	254	80	5	Y	0	0	45
def	test	tbl1	tbl1	i4	i4	4	12	8	Y	32768	31	63
def	test	tbl1	tbl1	d4	d4	12	26	26	Y	128	6	63
def	test	tbl1	tbl1	i5	i5	246	7	7	Y	32768	3	63
i1	v2	i3	i4	d4	i5
1	now	haha1	1.6256	2014-05-04 12:00:00.000000	-10.235
2	now	haha2	-1.6256	2014-05-04 12:00:00.000000	1.243
3	now	haha3	1.156	2014-05-04 12:00:00.000000	-1.450
4	now	haha1	5.9256	2014-05-04 12:00:00.000000	3.450
5	now1	haha2	1.2356	2014-05-04 12:00:00.000000	-0.250
6	now2	haha3	-10.4256	2014-05-04 12:00:00.000000	0.253
7	now3	haha4	0.6256	2014-05-04 12:00:00.000000	1.677
select * from tbl1 where floor(i1)=ceil(i1);
Catalog	Database	Table	Table_alias	Column	Column_alias	Type	Length	Max length	Is_null	Flags	Decimals	Charsetnr
def	test	tbl1	tbl1	i1	i1	3	11	1	N	49155	0	63
def	test	tbl1	tbl1	v2	v2	253	320	4	Y	0	0	45
def	test	tbl1	tbl1	i3	i3	254	80	5	Y	0	0	45
def	test	tbl1	tbl1	i4	i4	4	12	8	Y	32768	31	63
def	test	tbl1	tbl1	d4	d4	12	26	26	Y	128	6	63
def	test	tbl1	tbl1	i5	i5	246	7	7	Y	32768	3	63
i1	v2	i3	i4	d4	i5
1	now	haha1	1.6256	2014-05-04 12:00:00.000000	-10.235
2	now	haha2	-1.6256	2014-05-04 12:00:00.000000	1.243
3	now	haha3	1.156	2014-05-04 12:00:00.000000	-1.450
4	now	haha1	5.9256	2014-05-04 12:00:00.000000	3.450
5	now1	haha2	1.2356	2014-05-04 12:00:00.000000	-0.250
6	now2	haha3	-10.4256	2014-05-04 12:00:00.000000	0.253
7	now3	haha4	0.6256	2014-05-04 12:00:00.000000	1.677
select floor(i1/10*8),i1/10*8 from tbl1;
Catalog	Database	Table	Table_alias	Column	Column_alias	Type	Length	Max length	Is_null	Flags	Decimals	Charsetnr
def					floor(i1/10*8)	8	19	1	Y	32896	0	63
def					i1/10*8	246	21	6	Y	32896	4	63
floor(i1/10*8)	i1/10*8
0	0.8000
1	1.6000
2	2.4000
3	3.2000
4	4.0000
4	4.8000
5	5.6000
select ceil(i1/10*8),i1/10*8 from tbl1;
Catalog	Database	Table	Table_alias	Column	Column_alias	Type	Length	Max length	Is_null	Flags	Decimals	Charsetnr
def					ceil(i1/10*8)	8	19	1	Y	32896	0	63
def					i1/10*8	246	21	6	Y	32896	4	63
ceil(i1/10*8)	i1/10*8
1	0.8000
2	1.6000
3	2.4000
4	3.2000
4	4.0000
5	4.8000
6	5.6000
select * from tbl1 order by floor(i4);
Catalog	Database	Table	Table_alias	Column	Column_alias	Type	Length	Max length	Is_null	Flags	Decimals	Charsetnr
def	test	tbl1	tbl1	i1	i1	3	11	1	N	49155	0	63
def	test	tbl1	tbl1	v2	v2	253	320	4	Y	0	0	45
def	test	tbl1	tbl1	i3	i3	254	80	5	Y	0	0	45
def	test	tbl1	tbl1	i4	i4	4	12	8	Y	32768	31	63
def	test	tbl1	tbl1	d4	d4	12	26	26	Y	128	6	63
def	test	tbl1	tbl1	i5	i5	246	7	7	Y	32768	3	63
i1	v2	i3	i4	d4	i5
6	now2	haha3	-10.4256	2014-05-04 12:00:00.000000	0.253
2	now	haha2	-1.6256	2014-05-04 12:00:00.000000	1.243
7	now3	haha4	0.6256	2014-05-04 12:00:00.000000	1.677
1	now	haha1	1.6256	2014-05-04 12:00:00.000000	-10.235
3	now	haha3	1.156	2014-05-04 12:00:00.000000	-1.450
5	now1	haha2	1.2356	2014-05-04 12:00:00.000000	-0.250
4	now	haha1	5.9256	2014-05-04 12:00:00.000000	3.450
select * from tbl1 order by floor(i4) desc;
Catalog	Database	Table	Table_alias	Column	Column_alias	Type	Length	Max length	Is_null	Flags	Decimals	Charsetnr
def	test	tbl1	tbl1	i1	i1	3	11	1	N	49155	0	63
def	test	tbl1	tbl1	v2	v2	253	320	4	Y	0	0	45
def	test	tbl1	tbl1	i3	i3	254	80	5	Y	0	0	45
def	test	tbl1	tbl1	i4	i4	4	12	8	Y	32768	31	63
def	test	tbl1	tbl1	d4	d4	12	26	26	Y	128	6	63
def	test	tbl1	tbl1	i5	i5	246	7	7	Y	32768	3	63
i1	v2	i3	i4	d4	i5
4	now	haha1	5.9256	2014-05-04 12:00:00.000000	3.450
1	now	haha1	1.6256	2014-05-04 12:00:00.000000	-10.235
3	now	haha3	1.156	2014-05-04 12:00:00.000000	-1.450
5	now1	haha2	1.2356	2014-05-04 12:00:00.000000	-0.250
7	now3	haha4	0.6256	2014-05-04 12:00:00.000000	1.677
2	now	haha2	-1.6256	2014-05-04 12:00:00.000000	1.243
6	now2	haha3	-10.4256	2014-05-04 12:00:00.000000	0.253
select floor(i4) abc from tbl1 order by abc desc;
Catalog	Database	Table	Table_alias	Column	Column_alias	Type	Length	Max length	Is_null	Flags	Decimals	Charsetnr
def					abc	5	17	3	Y	32896	0	63
abc
5
1
1
1
0
-2
-11
select floor(v2) from tbl1;
Catalog	Database	Table	Table_alias	Column	Column_alias	Type	Length	Max length	Is_null	Flags	Decimals	Charsetnr
def					floor(v2)	5	17	1	Y	32896	0	63
floor(v2)
0
0
0
0
0
0
0
Warnings:
Warning	1292	Truncated incorrect DOUBLE value: 'now'
Warning	1292	Truncated incorrect DOUBLE value: 'now'
Warning	1292	Truncated incorrect DOUBLE value: 'now'
Warning	1292	Truncated incorrect DOUBLE value: 'now'
Warning	1292	Truncated incorrect DOUBLE value: 'now1'
Warning	1292	Truncated incorrect DOUBLE value: 'now2'
Warning	1292	Truncated incorrect DOUBLE value: 'now3'
select floor(i3) from tbl1;
Catalog	Database	Table	Table_alias	Column	Column_alias	Type	Length	Max length	Is_null	Flags	Decimals	Charsetnr
def					floor(i3)	5	17	1	Y	32896	0	63
floor(i3)
0
0
0
0
0
0
0
Warnings:
Warning	1292	Truncated incorrect DOUBLE value: 'haha1'
Warning	1292	Truncated incorrect DOUBLE value: 'haha2'
Warning	1292	Truncated incorrect DOUBLE value: 'haha3'
Warning	1292	Truncated incorrect DOUBLE value: 'haha1'
Warning	1292	Truncated incorrect DOUBLE value: 'haha2'
Warning	1292	Truncated incorrect DOUBLE value: 'haha3'
Warning	1292	Truncated incorrect DOUBLE value: 'haha4'
select floor(d4) from tbl1;
Catalog	Database	Table	Table_alias	Column	Column_alias	Type	Length	Max length	Is_null	Flags	Decimals	Charsetnr
def					floor(d4)	5	17	14	Y	32896	0	63
floor(d4)
20140504120000
20140504120000
20140504120000
20140504120000
20140504120000
20140504120000
20140504120000
drop table if exists tbl2;
create table tbl2 (i1 int, v2 varchar(80), primary key(i1));
insert into tbl2 values(1,'1');
insert into tbl2 values(2,'2.5');
insert into tbl2 values(3,'-3.2');
select floor(v2),ceil(v2) from tbl2;
Catalog	Database	Table	Table_alias	Column	Column_alias	Type	Length	Max length	Is_null	Flags	Decimals	Charsetnr
def					floor(v2)	5	17	2	Y	32896	0	63
def					ceil(v2)	5	17	2	Y	32896	0	63
floor(v2)	ceil(v2)
1	1
2	3
-4	-3
