alter system flush plan cache global;
select repeat('   ',10);
Catalog	Database	Table	Table_alias	Column	Column_alias	Type	Length	Max length	Is_null	Flags	Decimals	Charsetnr
def					repeat('   ',10)	253	2048	30	Y	0	0	45
repeat('   ',10)
                              
select extract(MICROSECOND FROM '2012-09-01 10:35:07:99999') ;
Catalog	Database	Table	Table_alias	Column	Column_alias	Type	Length	Max length	Is_null	Flags	Decimals	Charsetnr
def					extract(MICROSECOND FROM '2012-09-01 10:35:07:99999')	8	20	1	Y	32896	0	63
extract(MICROSECOND FROM '2012-09-01 10:35:07:99999')
0
select extract(SECOND FROM '2012-09-01 10:35:07:99999') ;
Catalog	Database	Table	Table_alias	Column	Column_alias	Type	Length	Max length	Is_null	Flags	Decimals	Charsetnr
def					extract(SECOND FROM '2012-09-01 10:35:07:99999')	8	20	1	Y	32896	0	63
extract(SECOND FROM '2012-09-01 10:35:07:99999')
7
select extract(MINUTE FROM '2012-09-01 10:35:07:99999') ;
Catalog	Database	Table	Table_alias	Column	Column_alias	Type	Length	Max length	Is_null	Flags	Decimals	Charsetnr
def					extract(MINUTE FROM '2012-09-01 10:35:07:99999')	8	20	2	Y	32896	0	63
extract(MINUTE FROM '2012-09-01 10:35:07:99999')
35
select extract(HOUR FROM '2012-09-01 10:35:07:99999') ;
Catalog	Database	Table	Table_alias	Column	Column_alias	Type	Length	Max length	Is_null	Flags	Decimals	Charsetnr
def					extract(HOUR FROM '2012-09-01 10:35:07:99999')	8	20	2	Y	32896	0	63
extract(HOUR FROM '2012-09-01 10:35:07:99999')
10
select extract(DAY FROM '2012-09-01 10:35:07:99999') ;
Catalog	Database	Table	Table_alias	Column	Column_alias	Type	Length	Max length	Is_null	Flags	Decimals	Charsetnr
def					extract(DAY FROM '2012-09-01 10:35:07:99999')	8	20	1	Y	32896	0	63
extract(DAY FROM '2012-09-01 10:35:07:99999')
1
select date_format('2007-10-04 22:23:10.567', '%H:%i:%s');
Catalog	Database	Table	Table_alias	Column	Column_alias	Type	Length	Max length	Is_null	Flags	Decimals	Charsetnr
def					date_format('2007-10-04 22:23:10.567', '%H:%i:%s')	253	104	8	Y	0	0	45
date_format('2007-10-04 22:23:10.567', '%H:%i:%s')
22:23:10
select date_format(timestamp'2007-10-04 22:23:10.567', '%H:%i:%s');
Catalog	Database	Table	Table_alias	Column	Column_alias	Type	Length	Max length	Is_null	Flags	Decimals	Charsetnr
def					date_format(timestamp'2007-10-04 22:23:10.567', '%H:%i:%s')	253	104	8	Y	0	0	45
date_format(timestamp'2007-10-04 22:23:10.567', '%H:%i:%s')
22:23:10
select date_format('2007-10-04 22:23:10.567', '%H %k %I %r %T %S %w');
Catalog	Database	Table	Table_alias	Column	Column_alias	Type	Length	Max length	Is_null	Flags	Decimals	Charsetnr
def					date_format('2007-10-04 22:23:10.567', '%H %k %I %r %T %S %w')	253	104	34	Y	0	0	45
date_format('2007-10-04 22:23:10.567', '%H %k %I %r %T %S %w')
22 22 10 10:23:10 PM 22:23:10 10 4
select date_format('2007-10-04 22:23:10.567', '%c %d %e %f %H %h %I %i %j %k %l %m %p %r %S %s %T %U %u %V %v %w %X %x %Y %y %%');
Catalog	Database	Table	Table_alias	Column	Column_alias	Type	Length	Max length	Is_null	Flags	Decimals	Charsetnr
def					date_format('2007-10-04 22:23:10.567', '%c %d %e %f %H %h %I %i %j %k %l %m %p %r %S %s %T %U %u %V %v %w %X %x %Y %y %%')	253	104	103	Y	0	0	45
date_format('2007-10-04 22:23:10.567', '%c %d %e %f %H %h %I %i %j %k %l %m %p %r %S %s %T %U %u %V %v %w %X %x %Y %y %%')
10 04 4 567000 22 10 10 23 277 22 10 10 PM 10:23:10 PM 10 10 22:23:10 39 40 39 40 4 2007 2007 2007 07 %
2007-01-01 year_day=week_day=1
select date_format('2007-01-01', '%U %u %V-%X %v-%x');
Catalog	Database	Table	Table_alias	Column	Column_alias	Type	Length	Max length	Is_null	Flags	Decimals	Charsetnr
def					date_format('2007-01-01', '%U %u %V-%X %v-%x')	253	104	21	Y	0	0	45
date_format('2007-01-01', '%U %u %V-%X %v-%x')
00 01 53-2006 01-2007
2013-01-01 year_day=1, week_day=2 the critical week in this year
select date_format('2013-01-01', '%U %u %V-%X %v-%x');
Catalog	Database	Table	Table_alias	Column	Column_alias	Type	Length	Max length	Is_null	Flags	Decimals	Charsetnr
def					date_format('2013-01-01', '%U %u %V-%X %v-%x')	253	104	21	Y	0	0	45
date_format('2013-01-01', '%U %u %V-%X %v-%x')
00 01 53-2012 01-2013
2015-01-01 year_day=1, week_day=4 the critical week in last year when start with sunday, in this year when start with monday
select date_format('2015-01-01', '%U %u %V-%X %v-%x');
Catalog	Database	Table	Table_alias	Column	Column_alias	Type	Length	Max length	Is_null	Flags	Decimals	Charsetnr
def					date_format('2015-01-01', '%U %u %V-%X %v-%x')	253	104	21	Y	0	0	45
date_format('2015-01-01', '%U %u %V-%X %v-%x')
00 01 52-2014 01-2015
2014-12-31 year_day=365, week_day=3 thi critical week in this year when start with sunday, in next year when start with monday
select date_format('2014-12-31', '%U %u %V-%X %v-%x');
Catalog	Database	Table	Table_alias	Column	Column_alias	Type	Length	Max length	Is_null	Flags	Decimals	Charsetnr
def					date_format('2014-12-31', '%U %u %V-%X %v-%x')	253	104	21	Y	0	0	45
date_format('2014-12-31', '%U %u %V-%X %v-%x')
52 53 52-2014 01-2015
select date_format('2014-04-24', '%U %u %V-%X %v-%x');
Catalog	Database	Table	Table_alias	Column	Column_alias	Type	Length	Max length	Is_null	Flags	Decimals	Charsetnr
def					date_format('2014-04-24', '%U %u %V-%X %v-%x')	253	104	21	Y	0	0	45
date_format('2014-04-24', '%U %u %V-%X %v-%x')
16 17 16-2014 17-2014
select date_format('2014-09-24', NULL);
Catalog	Database	Table	Table_alias	Column	Column_alias	Type	Length	Max length	Is_null	Flags	Decimals	Charsetnr
def					date_format('2014-09-24', NULL)	253	104	0	Y	0	0	45
date_format('2014-09-24', NULL)
NULL
select date_format(NULL, '%U %u %V-%X %v-%x');
Catalog	Database	Table	Table_alias	Column	Column_alias	Type	Length	Max length	Is_null	Flags	Decimals	Charsetnr
def					date_format(NULL, '%U %u %V-%X %v-%x')	253	104	0	Y	0	0	45
date_format(NULL, '%U %u %V-%X %v-%x')
NULL
select str_to_date('1970-02-03', '%Y-%m-%d');
Catalog	Database	Table	Table_alias	Column	Column_alias	Type	Length	Max length	Is_null	Flags	Decimals	Charsetnr
def					str_to_date('1970-02-03', '%Y-%m-%d')	10	10	10	Y	128	0	63
str_to_date('1970-02-03', '%Y-%m-%d')
1970-02-03
select str_to_date('04/31/2004', '%m/%d/%Y');
Catalog	Database	Table	Table_alias	Column	Column_alias	Type	Length	Max length	Is_null	Flags	Decimals	Charsetnr
def					str_to_date('04/31/2004', '%m/%d/%Y')	10	10	0	Y	128	0	63
str_to_date('04/31/2004', '%m/%d/%Y')
NULL
select str_to_date('04/30/2004 10:23:24.789', '%m/%d/%Y %T.%f');
Catalog	Database	Table	Table_alias	Column	Column_alias	Type	Length	Max length	Is_null	Flags	Decimals	Charsetnr
def					str_to_date('04/30/2004 10:23:24.789', '%m/%d/%Y %T.%f')	12	26	26	Y	128	6	63
str_to_date('04/30/2004 10:23:24.789', '%m/%d/%Y %T.%f')
2004-04-30 10:23:24.789000
select str_to_date('4/30/2013 PM 09:25:45', '%m/%e/%Y %p %h:%i:%S');
Catalog	Database	Table	Table_alias	Column	Column_alias	Type	Length	Max length	Is_null	Flags	Decimals	Charsetnr
def					str_to_date('4/30/2013 PM 09:25:45', '%m/%e/%Y %p %h:%i:%S')	12	19	19	Y	128	0	63
str_to_date('4/30/2013 PM 09:25:45', '%m/%e/%Y %p %h:%i:%S')
2013-04-30 21:25:45
select str_to_date('1970-02-03 10:56:56', '%Y-%m-%d %T');
Catalog	Database	Table	Table_alias	Column	Column_alias	Type	Length	Max length	Is_null	Flags	Decimals	Charsetnr
def					str_to_date('1970-02-03 10:56:56', '%Y-%m-%d %T')	12	19	19	Y	128	0	63
str_to_date('1970-02-03 10:56:56', '%Y-%m-%d %T')
1970-02-03 10:56:56
select str_to_date(NULL, '%Y-%m-%d %T');
Catalog	Database	Table	Table_alias	Column	Column_alias	Type	Length	Max length	Is_null	Flags	Decimals	Charsetnr
def					str_to_date(NULL, '%Y-%m-%d %T')	12	19	0	Y	128	0	63
str_to_date(NULL, '%Y-%m-%d %T')
NULL
select str_to_date('1970-02-03 10:56:56', NULL);
Catalog	Database	Table	Table_alias	Column	Column_alias	Type	Length	Max length	Is_null	Flags	Decimals	Charsetnr
def					str_to_date('1970-02-03 10:56:56', NULL)	12	26	0	Y	128	6	63
str_to_date('1970-02-03 10:56:56', NULL)
NULL
SELECT DATE_FORMAT('2014-01-01 24:00:00', '%r');
Catalog	Database	Table	Table_alias	Column	Column_alias	Type	Length	Max length	Is_null	Flags	Decimals	Charsetnr
def					DATE_FORMAT('2014-01-01 24:00:00', '%r')	253	104	0	Y	0	0	45
DATE_FORMAT('2014-01-01 24:00:00', '%r')
NULL
SELECT DATE_FORMAT('2014-01-01 00:00:00', '%r');
Catalog	Database	Table	Table_alias	Column	Column_alias	Type	Length	Max length	Is_null	Flags	Decimals	Charsetnr
def					DATE_FORMAT('2014-01-01 00:00:00', '%r')	253	104	11	Y	0	0	45
DATE_FORMAT('2014-01-01 00:00:00', '%r')
12:00:00 AM
SELECT DATE_FORMAT('2014-01-01 12:00:00', '%r');
Catalog	Database	Table	Table_alias	Column	Column_alias	Type	Length	Max length	Is_null	Flags	Decimals	Charsetnr
def					DATE_FORMAT('2014-01-01 12:00:00', '%r')	253	104	11	Y	0	0	45
DATE_FORMAT('2014-01-01 12:00:00', '%r')
12:00:00 PM
SELECT DATE_FORMAT('2014-01-01 15:00:00', '%r');
Catalog	Database	Table	Table_alias	Column	Column_alias	Type	Length	Max length	Is_null	Flags	Decimals	Charsetnr
def					DATE_FORMAT('2014-01-01 15:00:00', '%r')	253	104	11	Y	0	0	45
DATE_FORMAT('2014-01-01 15:00:00', '%r')
03:00:00 PM
SELECT DATE_FORMAT('2014-01-01 01:00:00', '%r');
Catalog	Database	Table	Table_alias	Column	Column_alias	Type	Length	Max length	Is_null	Flags	Decimals	Charsetnr
def					DATE_FORMAT('2014-01-01 01:00:00', '%r')	253	104	11	Y	0	0	45
DATE_FORMAT('2014-01-01 01:00:00', '%r')
01:00:00 AM
SELECT DATE_FORMAT('2014-01-01 25:00:00', '%r');
Catalog	Database	Table	Table_alias	Column	Column_alias	Type	Length	Max length	Is_null	Flags	Decimals	Charsetnr
def					DATE_FORMAT('2014-01-01 25:00:00', '%r')	253	104	0	Y	0	0	45
DATE_FORMAT('2014-01-01 25:00:00', '%r')
NULL
SELECT DATE_FORMAT('2014-01-01 00:00:00', '%l %p');
Catalog	Database	Table	Table_alias	Column	Column_alias	Type	Length	Max length	Is_null	Flags	Decimals	Charsetnr
def					DATE_FORMAT('2014-01-01 00:00:00', '%l %p')	253	104	5	Y	0	0	45
DATE_FORMAT('2014-01-01 00:00:00', '%l %p')
12 AM
SELECT DATE_FORMAT('2014-01-01 01:00:00', '%l %p');
Catalog	Database	Table	Table_alias	Column	Column_alias	Type	Length	Max length	Is_null	Flags	Decimals	Charsetnr
def					DATE_FORMAT('2014-01-01 01:00:00', '%l %p')	253	104	4	Y	0	0	45
DATE_FORMAT('2014-01-01 01:00:00', '%l %p')
1 AM
SELECT DATE_FORMAT('2014-01-01 12:00:00', '%l %p');
Catalog	Database	Table	Table_alias	Column	Column_alias	Type	Length	Max length	Is_null	Flags	Decimals	Charsetnr
def					DATE_FORMAT('2014-01-01 12:00:00', '%l %p')	253	104	5	Y	0	0	45
DATE_FORMAT('2014-01-01 12:00:00', '%l %p')
12 PM
SELECT DATE_FORMAT('2014-01-01 23:00:00', '%l %p');
Catalog	Database	Table	Table_alias	Column	Column_alias	Type	Length	Max length	Is_null	Flags	Decimals	Charsetnr
def					DATE_FORMAT('2014-01-01 23:00:00', '%l %p')	253	104	5	Y	0	0	45
DATE_FORMAT('2014-01-01 23:00:00', '%l %p')
11 PM
SELECT DATE_FORMAT('2014-01-01 24:00:00', '%l %p');
Catalog	Database	Table	Table_alias	Column	Column_alias	Type	Length	Max length	Is_null	Flags	Decimals	Charsetnr
def					DATE_FORMAT('2014-01-01 24:00:00', '%l %p')	253	104	0	Y	0	0	45
DATE_FORMAT('2014-01-01 24:00:00', '%l %p')
NULL
SELECT DATE_FORMAT('2014-01-01 25:00:00', '%l %p');
Catalog	Database	Table	Table_alias	Column	Column_alias	Type	Length	Max length	Is_null	Flags	Decimals	Charsetnr
def					DATE_FORMAT('2014-01-01 25:00:00', '%l %p')	253	104	0	Y	0	0	45
DATE_FORMAT('2014-01-01 25:00:00', '%l %p')
NULL
SELECT DATE_FORMAT('%Y-%m-%d %H:%i:%s', 1151414896);
Catalog	Database	Table	Table_alias	Column	Column_alias	Type	Length	Max length	Is_null	Flags	Decimals	Charsetnr
def					DATE_FORMAT('%Y-%m-%d %H:%i:%s', 1151414896)	253	104	0	Y	0	0	45
DATE_FORMAT('%Y-%m-%d %H:%i:%s', 1151414896)
NULL
SELECT DATE_FORMAT('0000-01-01','%W %d %M %Y') as valid_date;
Catalog	Database	Table	Table_alias	Column	Column_alias	Type	Length	Max length	Is_null	Flags	Decimals	Charsetnr
def					valid_date	253	104	22	Y	0	0	45
valid_date
Sunday 01 January 0000
SELECT DATE_FORMAT('0001-01-01','%W %d %M %Y') as valid_date;
Catalog	Database	Table	Table_alias	Column	Column_alias	Type	Length	Max length	Is_null	Flags	Decimals	Charsetnr
def					valid_date	253	104	22	Y	0	0	45
valid_date
Monday 01 January 0001
SELECT DATE_FORMAT('-0001-01-01','%W %d %M %Y') as valid_date;
Catalog	Database	Table	Table_alias	Column	Column_alias	Type	Length	Max length	Is_null	Flags	Decimals	Charsetnr
def					valid_date	253	104	0	Y	0	0	45
valid_date
NULL
SELECT DATE_FORMAT('-4713-01-01','%W %d %M %Y') as valid_date;
Catalog	Database	Table	Table_alias	Column	Column_alias	Type	Length	Max length	Is_null	Flags	Decimals	Charsetnr
def					valid_date	253	104	0	Y	0	0	45
valid_date
NULL
SELECT DATE_FORMAT('-4712-01-01','%W %d %M %Y') as valid_date;
Catalog	Database	Table	Table_alias	Column	Column_alias	Type	Length	Max length	Is_null	Flags	Decimals	Charsetnr
def					valid_date	253	104	0	Y	0	0	45
valid_date
NULL
SELECT DATE_FORMAT('-4714-01-01','%W %d %M %Y') as valid_date;
Catalog	Database	Table	Table_alias	Column	Column_alias	Type	Length	Max length	Is_null	Flags	Decimals	Charsetnr
def					valid_date	253	104	0	Y	0	0	45
valid_date
NULL
SELECT DATE_FORMAT('9999-01-01','%W %d %M %Y') as valid_date;
Catalog	Database	Table	Table_alias	Column	Column_alias	Type	Length	Max length	Is_null	Flags	Decimals	Charsetnr
def					valid_date	253	104	22	Y	0	0	45
valid_date
Friday 01 January 9999
SELECT DATE_FORMAT('10000-01-01','%W %d %M %Y') as valid_date;
Catalog	Database	Table	Table_alias	Column	Column_alias	Type	Length	Max length	Is_null	Flags	Decimals	Charsetnr
def					valid_date	253	104	0	Y	0	0	45
valid_date
NULL
SELECT DATE_FORMAT('0000-02-28','%W %d %M %Y') as valid_date;
Catalog	Database	Table	Table_alias	Column	Column_alias	Type	Length	Max length	Is_null	Flags	Decimals	Charsetnr
def					valid_date	253	104	24	Y	0	0	45
valid_date
Tuesday 28 February 0000
SELECT DATE_FORMAT('0001-02-28','%W %d %M %Y') as valid_date;
Catalog	Database	Table	Table_alias	Column	Column_alias	Type	Length	Max length	Is_null	Flags	Decimals	Charsetnr
def					valid_date	253	104	26	Y	0	0	45
valid_date
Wednesday 28 February 0001
SELECT DATE_FORMAT('2009-01-01','%W %d %M %Y') as valid_date;
Catalog	Database	Table	Table_alias	Column	Column_alias	Type	Length	Max length	Is_null	Flags	Decimals	Charsetnr
def					valid_date	253	104	24	Y	0	0	45
valid_date
Thursday 01 January 2009
SELECT CAST(DATE_FORMAT(NULL, '%s') AS CHAR);
Catalog	Database	Table	Table_alias	Column	Column_alias	Type	Length	Max length	Is_null	Flags	Decimals	Charsetnr
def					CAST(DATE_FORMAT(NULL, '%s') AS CHAR)	253	104	0	Y	0	0	45
CAST(DATE_FORMAT(NULL, '%s') AS CHAR)
NULL
SELECT CAST(DATE_FORMAT(NULL, '%s') AS DECIMAL(23,6));
Catalog	Database	Table	Table_alias	Column	Column_alias	Type	Length	Max length	Is_null	Flags	Decimals	Charsetnr
def					CAST(DATE_FORMAT(NULL, '%s') AS DECIMAL(23,6))	246	25	0	Y	32896	6	63
CAST(DATE_FORMAT(NULL, '%s') AS DECIMAL(23,6))
NULL
SELECT CAST(DATE_FORMAT(NULL, '%s') AS DATETIME);
Catalog	Database	Table	Table_alias	Column	Column_alias	Type	Length	Max length	Is_null	Flags	Decimals	Charsetnr
def					CAST(DATE_FORMAT(NULL, '%s') AS DATETIME)	12	19	0	Y	128	0	63
CAST(DATE_FORMAT(NULL, '%s') AS DATETIME)
NULL
SELECT DATE_FORMAT(NULL, '%s')+0e0;
Catalog	Database	Table	Table_alias	Column	Column_alias	Type	Length	Max length	Is_null	Flags	Decimals	Charsetnr
def					DATE_FORMAT(NULL, '%s')+0e0	5	23	0	Y	32896	31	63
DATE_FORMAT(NULL, '%s')+0e0
NULL
select  str_to_date('2003-01-02', '%Y-%m-%d') as f3;
Catalog	Database	Table	Table_alias	Column	Column_alias	Type	Length	Max length	Is_null	Flags	Decimals	Charsetnr
def					f3	10	10	10	Y	128	0	63
f3
2003-01-02
select str_to_date('04 /30/2004', '%m /%d/%Y');
Catalog	Database	Table	Table_alias	Column	Column_alias	Type	Length	Max length	Is_null	Flags	Decimals	Charsetnr
def					str_to_date('04 /30/2004', '%m /%d/%Y')	10	10	10	Y	128	0	63
str_to_date('04 /30/2004', '%m /%d/%Y')
2004-04-30
select str_to_date('04/30 /2004', '%m /%d /%Y');
Catalog	Database	Table	Table_alias	Column	Column_alias	Type	Length	Max length	Is_null	Flags	Decimals	Charsetnr
def					str_to_date('04/30 /2004', '%m /%d /%Y')	10	10	10	Y	128	0	63
str_to_date('04/30 /2004', '%m /%d /%Y')
2004-04-30
select str_to_date('04/30/2004 ', '%m/%d/%Y ');
Catalog	Database	Table	Table_alias	Column	Column_alias	Type	Length	Max length	Is_null	Flags	Decimals	Charsetnr
def					str_to_date('04/30/2004 ', '%m/%d/%Y ')	10	10	10	Y	128	0	63
str_to_date('04/30/2004 ', '%m/%d/%Y ')
2004-04-30
select date_add(str_to_date(substr('2014-06-05 16:24:54.270374',1,8),'%Y%m%d'),interval 2 day);
Catalog	Database	Table	Table_alias	Column	Column_alias	Type	Length	Max length	Is_null	Flags	Decimals	Charsetnr
def					date_add(str_to_date(substr('2014-06-05 16:24:54.270374',1,8),'%Y%m%d'),interval 2 day)	10	10	0	Y	128	0	63
date_add(str_to_date(substr('2014-06-05 16:24:54.270374',1,8),'%Y%m%d'),interval 2 day)
NULL
select str_to_date('2014-06-','%Y%m%d');
Catalog	Database	Table	Table_alias	Column	Column_alias	Type	Length	Max length	Is_null	Flags	Decimals	Charsetnr
def					str_to_date('2014-06-','%Y%m%d')	10	10	0	Y	128	0	63
str_to_date('2014-06-','%Y%m%d')
NULL
select '+' + 1;
Catalog	Database	Table	Table_alias	Column	Column_alias	Type	Length	Max length	Is_null	Flags	Decimals	Charsetnr
def					'+' + 1	5	23	1	N	32897	31	63
'+' + 1
1
select '-' + 1;
Catalog	Database	Table	Table_alias	Column	Column_alias	Type	Length	Max length	Is_null	Flags	Decimals	Charsetnr
def					'-' + 1	5	23	1	N	32897	31	63
'-' + 1
1
select '.' + 1;
Catalog	Database	Table	Table_alias	Column	Column_alias	Type	Length	Max length	Is_null	Flags	Decimals	Charsetnr
def					'.' + 1	5	23	1	N	32897	31	63
'.' + 1
1
select '_' + 1;
Catalog	Database	Table	Table_alias	Column	Column_alias	Type	Length	Max length	Is_null	Flags	Decimals	Charsetnr
def					'_' + 1	5	23	1	N	32897	31	63
'_' + 1
1
select '~' + 1;
Catalog	Database	Table	Table_alias	Column	Column_alias	Type	Length	Max length	Is_null	Flags	Decimals	Charsetnr
def					'~' + 1	5	23	1	N	32897	31	63
'~' + 1
1
select '@' + 1;
Catalog	Database	Table	Table_alias	Column	Column_alias	Type	Length	Max length	Is_null	Flags	Decimals	Charsetnr
def					'@' + 1	5	23	1	N	32897	31	63
'@' + 1
1
select '#' + 1;
Catalog	Database	Table	Table_alias	Column	Column_alias	Type	Length	Max length	Is_null	Flags	Decimals	Charsetnr
def					'#' + 1	5	23	1	N	32897	31	63
'#' + 1
1
select '%' + 1;
Catalog	Database	Table	Table_alias	Column	Column_alias	Type	Length	Max length	Is_null	Flags	Decimals	Charsetnr
def					'%' + 1	5	23	1	N	32897	31	63
'%' + 1
1
select '^' + 1;
Catalog	Database	Table	Table_alias	Column	Column_alias	Type	Length	Max length	Is_null	Flags	Decimals	Charsetnr
def					'^' + 1	5	23	1	N	32897	31	63
'^' + 1
1
select '$%%%' + 1;
Catalog	Database	Table	Table_alias	Column	Column_alias	Type	Length	Max length	Is_null	Flags	Decimals	Charsetnr
def					'$%%%' + 1	5	23	1	N	32897	31	63
'$%%%' + 1
1
select '(' + 1;
Catalog	Database	Table	Table_alias	Column	Column_alias	Type	Length	Max length	Is_null	Flags	Decimals	Charsetnr
def					'(' + 1	5	23	1	N	32897	31	63
'(' + 1
1
select ')' + 1;
Catalog	Database	Table	Table_alias	Column	Column_alias	Type	Length	Max length	Is_null	Flags	Decimals	Charsetnr
def					')' + 1	5	23	1	N	32897	31	63
')' + 1
1
select '=' + 1;
Catalog	Database	Table	Table_alias	Column	Column_alias	Type	Length	Max length	Is_null	Flags	Decimals	Charsetnr
def					'=' + 1	5	23	1	N	32897	31	63
'=' + 1
1
select '{' + 1;
Catalog	Database	Table	Table_alias	Column	Column_alias	Type	Length	Max length	Is_null	Flags	Decimals	Charsetnr
def					'{' + 1	5	23	1	N	32897	31	63
'{' + 1
1
select '}' + 1;
Catalog	Database	Table	Table_alias	Column	Column_alias	Type	Length	Max length	Is_null	Flags	Decimals	Charsetnr
def					'}' + 1	5	23	1	N	32897	31	63
'}' + 1
1
select '|' + 1;
Catalog	Database	Table	Table_alias	Column	Column_alias	Type	Length	Max length	Is_null	Flags	Decimals	Charsetnr
def					'|' + 1	5	23	1	N	32897	31	63
'|' + 1
1
select '\'' + 1;
Catalog	Database	Table	Table_alias	Column	Column_alias	Type	Length	Max length	Is_null	Flags	Decimals	Charsetnr
def					'\'' + 1	5	23	1	N	32897	31	63
'\'' + 1
1
select '"' + 1;
Catalog	Database	Table	Table_alias	Column	Column_alias	Type	Length	Max length	Is_null	Flags	Decimals	Charsetnr
def					'"' + 1	5	23	1	N	32897	31	63
'"' + 1
1
select ':' + 1;
Catalog	Database	Table	Table_alias	Column	Column_alias	Type	Length	Max length	Is_null	Flags	Decimals	Charsetnr
def					':' + 1	5	23	1	N	32897	31	63
':' + 1
1
select '<' + 1;
Catalog	Database	Table	Table_alias	Column	Column_alias	Type	Length	Max length	Is_null	Flags	Decimals	Charsetnr
def					'<' + 1	5	23	1	N	32897	31	63
'<' + 1
1
select '>' + 1;
Catalog	Database	Table	Table_alias	Column	Column_alias	Type	Length	Max length	Is_null	Flags	Decimals	Charsetnr
def					'>' + 1	5	23	1	N	32897	31	63
'>' + 1
1
select '?' + 1;
Catalog	Database	Table	Table_alias	Column	Column_alias	Type	Length	Max length	Is_null	Flags	Decimals	Charsetnr
def					'?' + 1	5	23	1	N	32897	31	63
'?' + 1
1
select '/' + 1;
Catalog	Database	Table	Table_alias	Column	Column_alias	Type	Length	Max length	Is_null	Flags	Decimals	Charsetnr
def					'/' + 1	5	23	1	N	32897	31	63
'/' + 1
1
select '!@##' + 1;
Catalog	Database	Table	Table_alias	Column	Column_alias	Type	Length	Max length	Is_null	Flags	Decimals	Charsetnr
def					'!@##' + 1	5	23	1	N	32897	31	63
'!@##' + 1
1
select '$^^%%^$%(*&^(*^&*^&)' + 1;
Catalog	Database	Table	Table_alias	Column	Column_alias	Type	Length	Max length	Is_null	Flags	Decimals	Charsetnr
def					'$^^%%^$%(*&^(*^&*^&)' + 1	5	23	1	N	32897	31	63
'$^^%%^$%(*&^(*^&*^&)' + 1
1
select concat(NULL, 'aaa');
Catalog	Database	Table	Table_alias	Column	Column_alias	Type	Length	Max length	Is_null	Flags	Decimals	Charsetnr
def					concat(NULL, 'aaa')	253	12	0	Y	0	0	45
concat(NULL, 'aaa')
NULL
select concat('aaa', NULL);
Catalog	Database	Table	Table_alias	Column	Column_alias	Type	Length	Max length	Is_null	Flags	Decimals	Charsetnr
def					concat('aaa', NULL)	253	12	0	Y	0	0	45
concat('aaa', NULL)
NULL
select concat('aaa','');
Catalog	Database	Table	Table_alias	Column	Column_alias	Type	Length	Max length	Is_null	Flags	Decimals	Charsetnr
def					concat('aaa','')	253	12	3	Y	0	0	45
concat('aaa','')
aaa
select concat('','aaa');
Catalog	Database	Table	Table_alias	Column	Column_alias	Type	Length	Max length	Is_null	Flags	Decimals	Charsetnr
def					concat('','aaa')	253	12	3	Y	0	0	45
concat('','aaa')
aaa
select 1.1/0.0;
Catalog	Database	Table	Table_alias	Column	Column_alias	Type	Length	Max length	Is_null	Flags	Decimals	Charsetnr
def					1.1/0.0	246	9	0	Y	32896	5	63
1.1/0.0
NULL
select __OB__MIN__ > 1;
ERROR 42S22: Unknown column '__OB__MIN__' in 'field list'
select __OB__MIN__ < 1;
ERROR 42S22: Unknown column '__OB__MIN__' in 'field list'
select dump(1.1);
Catalog	Database	Table	Table_alias	Column	Column_alias	Type	Length	Max length	Is_null	Flags	Decimals	Charsetnr
def					dump(1.1)	253	16	44	Y	0	0	45
dump(1.1)
"precision=2 scale=1 int_bytes=4 items=[11]"
select dump(1);
ERROR 0A000: The input type of the DUMP function not supported
select round(1.1234, 3);
Catalog	Database	Table	Table_alias	Column	Column_alias	Type	Length	Max length	Is_null	Flags	Decimals	Charsetnr
def					round(1.1234, 3)	246	7	5	N	32897	3	63
round(1.1234, 3)
1.123
select round(1.1234);
Catalog	Database	Table	Table_alias	Column	Column_alias	Type	Length	Max length	Is_null	Flags	Decimals	Charsetnr
def					round(1.1234)	246	3	1	N	32897	0	63
round(1.1234)
1
select false is true;
Catalog	Database	Table	Table_alias	Column	Column_alias	Type	Length	Max length	Is_null	Flags	Decimals	Charsetnr
def					false is true	3	1	1	N	32897	0	63
false is true
0
select NULL is true;
Catalog	Database	Table	Table_alias	Column	Column_alias	Type	Length	Max length	Is_null	Flags	Decimals	Charsetnr
def					NULL is true	3	1	1	N	32897	0	63
NULL is true
0
select true is true;
Catalog	Database	Table	Table_alias	Column	Column_alias	Type	Length	Max length	Is_null	Flags	Decimals	Charsetnr
def					true is true	3	1	1	N	32897	0	63
true is true
1
select true is not  true;
Catalog	Database	Table	Table_alias	Column	Column_alias	Type	Length	Max length	Is_null	Flags	Decimals	Charsetnr
def					true is not  true	3	1	1	N	32897	0	63
true is not  true
0
select NULL is NULL;
Catalog	Database	Table	Table_alias	Column	Column_alias	Type	Length	Max length	Is_null	Flags	Decimals	Charsetnr
def					NULL is NULL	3	1	1	N	32897	0	63
NULL is NULL
1
select NULL is not NULL;
Catalog	Database	Table	Table_alias	Column	Column_alias	Type	Length	Max length	Is_null	Flags	Decimals	Charsetnr
def					NULL is not NULL	3	1	1	N	32897	0	63
NULL is not NULL
0
select true is false;
Catalog	Database	Table	Table_alias	Column	Column_alias	Type	Length	Max length	Is_null	Flags	Decimals	Charsetnr
def					true is false	3	1	1	N	32897	0	63
true is false
0
select -'aaa';
Catalog	Database	Table	Table_alias	Column	Column_alias	Type	Length	Max length	Is_null	Flags	Decimals	Charsetnr
def					-'aaa'	5	23	2	N	32897	31	63
-'aaa'
-0
select DATE_ADD(null, INTERVAL 5 DAY);
Catalog	Database	Table	Table_alias	Column	Column_alias	Type	Length	Max length	Is_null	Flags	Decimals	Charsetnr
def					DATE_ADD(null, INTERVAL 5 DAY)	6	0	0	Y	32896	0	63
DATE_ADD(null, INTERVAL 5 DAY)
NULL
select DATE_sub(null, INTERVAL 5 DAY);
Catalog	Database	Table	Table_alias	Column	Column_alias	Type	Length	Max length	Is_null	Flags	Decimals	Charsetnr
def					DATE_sub(null, INTERVAL 5 DAY)	6	0	0	Y	32896	0	63
DATE_sub(null, INTERVAL 5 DAY)
NULL
select STR_TO_DATE(null, '%Y-%m-%d');
Catalog	Database	Table	Table_alias	Column	Column_alias	Type	Length	Max length	Is_null	Flags	Decimals	Charsetnr
def					STR_TO_DATE(null, '%Y-%m-%d')	10	10	0	Y	128	0	63
STR_TO_DATE(null, '%Y-%m-%d')
NULL
select DATE_FORMAT(null, '%Y/%m/%D');
Catalog	Database	Table	Table_alias	Column	Column_alias	Type	Length	Max length	Is_null	Flags	Decimals	Charsetnr
def					DATE_FORMAT(null, '%Y/%m/%D')	253	104	0	Y	0	0	45
DATE_FORMAT(null, '%Y/%m/%D')
NULL
select time_to_usec(null);
Catalog	Database	Table	Table_alias	Column	Column_alias	Type	Length	Max length	Is_null	Flags	Decimals	Charsetnr
def					time_to_usec(null)	8	20	0	Y	32896	0	63
time_to_usec(null)
NULL
select usec_to_time(null);
Catalog	Database	Table	Table_alias	Column	Column_alias	Type	Length	Max length	Is_null	Flags	Decimals	Charsetnr
def					usec_to_time(null)	7	26	0	Y	1152	6	63
usec_to_time(null)
NULL
select EXTRACT(DAY FROM null);
Catalog	Database	Table	Table_alias	Column	Column_alias	Type	Length	Max length	Is_null	Flags	Decimals	Charsetnr
def					EXTRACT(DAY FROM null)	8	20	0	Y	32896	0	63
EXTRACT(DAY FROM null)
NULL
select abs(10);
Catalog	Database	Table	Table_alias	Column	Column_alias	Type	Length	Max length	Is_null	Flags	Decimals	Charsetnr
def					abs(10)	8	20	2	N	32897	0	63
abs(10)
10
select abs(-10);
Catalog	Database	Table	Table_alias	Column	Column_alias	Type	Length	Max length	Is_null	Flags	Decimals	Charsetnr
def					abs(-10)	8	20	2	N	32897	0	63
abs(-10)
10
select abs(-0);
Catalog	Database	Table	Table_alias	Column	Column_alias	Type	Length	Max length	Is_null	Flags	Decimals	Charsetnr
def					abs(-0)	8	20	1	N	32897	0	63
abs(-0)
0
select abs(0);
Catalog	Database	Table	Table_alias	Column	Column_alias	Type	Length	Max length	Is_null	Flags	Decimals	Charsetnr
def					abs(0)	8	20	1	N	32897	0	63
abs(0)
0
select abs(1);
Catalog	Database	Table	Table_alias	Column	Column_alias	Type	Length	Max length	Is_null	Flags	Decimals	Charsetnr
def					abs(1)	8	20	1	N	32897	0	63
abs(1)
1
select abs(-1);
Catalog	Database	Table	Table_alias	Column	Column_alias	Type	Length	Max length	Is_null	Flags	Decimals	Charsetnr
def					abs(-1)	8	20	1	N	32897	0	63
abs(-1)
1
select abs(-1000000000000);
Catalog	Database	Table	Table_alias	Column	Column_alias	Type	Length	Max length	Is_null	Flags	Decimals	Charsetnr
def					abs(-1000000000000)	8	20	13	N	32897	0	63
abs(-1000000000000)
1000000000000
select abs(1000000000000);
Catalog	Database	Table	Table_alias	Column	Column_alias	Type	Length	Max length	Is_null	Flags	Decimals	Charsetnr
def					abs(1000000000000)	8	20	13	N	32897	0	63
abs(1000000000000)
1000000000000
select abs(0.1);
Catalog	Database	Table	Table_alias	Column	Column_alias	Type	Length	Max length	Is_null	Flags	Decimals	Charsetnr
def					abs(0.1)	246	4	3	N	32897	1	63
abs(0.1)
0.1
select abs(-0.1);
Catalog	Database	Table	Table_alias	Column	Column_alias	Type	Length	Max length	Is_null	Flags	Decimals	Charsetnr
def					abs(-0.1)	246	4	3	N	32897	1	63
abs(-0.1)
0.1
select abs(-11.10);
Catalog	Database	Table	Table_alias	Column	Column_alias	Type	Length	Max length	Is_null	Flags	Decimals	Charsetnr
def					abs(-11.10)	246	6	5	N	32897	2	63
abs(-11.10)
11.10
select abs(null);
Catalog	Database	Table	Table_alias	Column	Column_alias	Type	Length	Max length	Is_null	Flags	Decimals	Charsetnr
def					abs(null)	5	23	0	Y	32896	31	63
abs(null)
NULL
select abs(NULL);
Catalog	Database	Table	Table_alias	Column	Column_alias	Type	Length	Max length	Is_null	Flags	Decimals	Charsetnr
def					abs(NULL)	5	23	0	Y	32896	31	63
abs(NULL)
NULL
select abs(Null);
Catalog	Database	Table	Table_alias	Column	Column_alias	Type	Length	Max length	Is_null	Flags	Decimals	Charsetnr
def					abs(Null)	5	23	0	Y	32896	31	63
abs(Null)
NULL
select abs(5-5);
Catalog	Database	Table	Table_alias	Column	Column_alias	Type	Length	Max length	Is_null	Flags	Decimals	Charsetnr
def					abs(5-5)	8	5	1	N	32897	0	63
abs(5-5)
0
select abs(-0.1*3);
Catalog	Database	Table	Table_alias	Column	Column_alias	Type	Length	Max length	Is_null	Flags	Decimals	Charsetnr
def					abs(-0.1*3)	246	8	3	N	32897	1	63
abs(-0.1*3)
0.3
select abs('10');
Catalog	Database	Table	Table_alias	Column	Column_alias	Type	Length	Max length	Is_null	Flags	Decimals	Charsetnr
def					abs('10')	5	23	2	N	32897	31	63
abs('10')
10
select abs('1');
Catalog	Database	Table	Table_alias	Column	Column_alias	Type	Length	Max length	Is_null	Flags	Decimals	Charsetnr
def					abs('1')	5	23	1	N	32897	31	63
abs('1')
1
select abs('100');
Catalog	Database	Table	Table_alias	Column	Column_alias	Type	Length	Max length	Is_null	Flags	Decimals	Charsetnr
def					abs('100')	5	23	3	N	32897	31	63
abs('100')
100
select abs('-100');
Catalog	Database	Table	Table_alias	Column	Column_alias	Type	Length	Max length	Is_null	Flags	Decimals	Charsetnr
def					abs('-100')	5	23	3	N	32897	31	63
abs('-100')
100
select abs('-100.001');
Catalog	Database	Table	Table_alias	Column	Column_alias	Type	Length	Max length	Is_null	Flags	Decimals	Charsetnr
def					abs('-100.001')	5	23	7	N	32897	31	63
abs('-100.001')
100.001
select abs(cast(-1.21 as decimal(10,5)));
Catalog	Database	Table	Table_alias	Column	Column_alias	Type	Length	Max length	Is_null	Flags	Decimals	Charsetnr
def					abs(cast(-1.21 as decimal(10,5)))	246	12	7	N	32897	5	63
abs(cast(-1.21 as decimal(10,5)))
1.21000
select abs(cast(-1.21 as char(1024)));
Catalog	Database	Table	Table_alias	Column	Column_alias	Type	Length	Max length	Is_null	Flags	Decimals	Charsetnr
def					abs(cast(-1.21 as char(1024)))	5	23	4	N	32897	31	63
abs(cast(-1.21 as char(1024)))
1.21
select abs(cast(-1.21 as decimal(5,3)));
Catalog	Database	Table	Table_alias	Column	Column_alias	Type	Length	Max length	Is_null	Flags	Decimals	Charsetnr
def					abs(cast(-1.21 as decimal(5,3)))	246	7	5	N	32897	3	63
abs(cast(-1.21 as decimal(5,3)))
1.210
select abs(cast(-1.21 as numeric));
Catalog	Database	Table	Table_alias	Column	Column_alias	Type	Length	Max length	Is_null	Flags	Decimals	Charsetnr
def					abs(cast(-1.21 as numeric))	246	11	1	N	32897	0	63
abs(cast(-1.21 as numeric))
1
select repeat ('1',10);
Catalog	Database	Table	Table_alias	Column	Column_alias	Type	Length	Max length	Is_null	Flags	Decimals	Charsetnr
def					repeat ('1',10)	253	2048	10	Y	0	0	45
repeat ('1',10)
1111111111
select repeat (1,10);
Catalog	Database	Table	Table_alias	Column	Column_alias	Type	Length	Max length	Is_null	Flags	Decimals	Charsetnr
def					repeat (1,10)	253	2048	10	Y	0	0	45
repeat (1,10)
1111111111
select repeat (null,10);
Catalog	Database	Table	Table_alias	Column	Column_alias	Type	Length	Max length	Is_null	Flags	Decimals	Charsetnr
def					repeat (null,10)	253	512	0	Y	128	0	63
repeat (null,10)
NULL
select repeat ('abc',10);
Catalog	Database	Table	Table_alias	Column	Column_alias	Type	Length	Max length	Is_null	Flags	Decimals	Charsetnr
def					repeat ('abc',10)	253	2048	30	Y	0	0	45
repeat ('abc',10)
abcabcabcabcabcabcabcabcabcabc
select cast(repeat('1',5) as signed int);
Catalog	Database	Table	Table_alias	Column	Column_alias	Type	Length	Max length	Is_null	Flags	Decimals	Charsetnr
def					cast(repeat('1',5) as signed int)	8	21	5	Y	32896	0	63
cast(repeat('1',5) as signed int)
11111
select repeat(substr('abcd',2),1);
Catalog	Database	Table	Table_alias	Column	Column_alias	Type	Length	Max length	Is_null	Flags	Decimals	Charsetnr
def					repeat(substr('abcd',2),1)	253	2048	3	Y	0	0	45
repeat(substr('abcd',2),1)
bcd
select length(repeat(0xa1,215)), length(repeat(0x1a, 310));
Catalog	Database	Table	Table_alias	Column	Column_alias	Type	Length	Max length	Is_null	Flags	Decimals	Charsetnr
def					length(repeat(0xa1,215))	8	20	3	Y	32896	0	63
def					length(repeat(0x1a, 310))	8	20	3	Y	32896	0	63
length(repeat(0xa1,215))	length(repeat(0x1a, 310))
215	310
select abs(true);
Catalog	Database	Table	Table_alias	Column	Column_alias	Type	Length	Max length	Is_null	Flags	Decimals	Charsetnr
def					abs(true)	8	1	1	N	32897	0	63
abs(true)
1
select floor(1);
Catalog	Database	Table	Table_alias	Column	Column_alias	Type	Length	Max length	Is_null	Flags	Decimals	Charsetnr
def					floor(1)	8	20	1	N	32897	0	63
floor(1)
1
select ceil(1);
Catalog	Database	Table	Table_alias	Column	Column_alias	Type	Length	Max length	Is_null	Flags	Decimals	Charsetnr
def					ceil(1)	8	20	1	N	32897	0	63
ceil(1)
1
