result_format: 4
// >>>>>>>>>>>>>>>>>>>> TEST Paramed Const In Select <<<<<<<<<<<<<<<<<<<<

// >>>>>>>>>> Test#1 Basic Cases
begin;

select 1, 2, 3, 'hello' from dual;
+---+---+---+-------+
| 1 | 2 | 3 | hello |
+---+---+---+-------+
| 1 | 2 | 3 | hello |
+---+---+---+-------+
select 3, 4, 5, 'hi' from dual;
+---+---+---+----+
| 3 | 4 | 5 | hi |
+---+---+---+----+
| 3 | 4 | 5 | hi |
+---+---+---+----+

// expect hit_count = 1

select substr('hello', 2), cast(2 as char(20)), concat('h', '2'), 1 is NULL, abs(-1), floor(1.23) from dual;
+--------------------+---------------------+------------------+-----------+---------+-------------+
| substr('hello', 2) | cast(2 as char(20)) | concat('h', '2') | 1 is NULL | abs(-1) | floor(1.23) |
+--------------------+---------------------+------------------+-----------+---------+-------------+
| ello               | 2                   | h2               |         0 |       1 |           1 |
+--------------------+---------------------+------------------+-----------+---------+-------------+
select substr('hey', 2), cast(3 as char(20)), concat('', 'h2'), 1 is NULL, abs(-2), floor(2.23) from dual;
+------------------+---------------------+------------------+-----------+---------+-------------+
| substr('hey', 2) | cast(3 as char(20)) | concat('', 'h2') | 1 is NULL | abs(-2) | floor(2.23) |
+------------------+---------------------+------------------+-----------+---------+-------------+
| ey               | 3                   | h2               |         0 |       2 |           2 |
+------------------+---------------------+------------------+-----------+---------+-------------+

// expect hit_count = 1
select hit_count from oceanbase.GV$OB_PLAN_CACHE_PLAN_STAT where statement like 'select substr(?, 2), cast(? as char(20)), concat(?, ?), ? is NULL, abs(?), floor(?) from dual';
+-----------+
| hit_count |
+-----------+
|         1 |
+-----------+
commit;

drop table if exists test_t;
insert into test_t values (1, 1), (2, 2), (3, 3);


select a, a as test_a, b + 1 as test_b, a + 1, b + 1 from test_t;
+------+--------+--------+-------+-------+
| a    | test_a | test_b | a + 1 | b + 1 |
+------+--------+--------+-------+-------+
|    1 |      1 |      2 |     2 |     2 |
|    2 |      2 |      3 |     3 |     3 |
|    3 |      3 |      4 |     4 |     4 |
+------+--------+--------+-------+-------+
select a, a as test_a, b + 3 as test_b, a + 2, b + 3 from test_t;
+------+--------+--------+-------+-------+
| a    | test_a | test_b | a + 2 | b + 3 |
+------+--------+--------+-------+-------+
|    1 |      1 |      4 |     3 |     4 |
|    2 |      2 |      5 |     4 |     5 |
|    3 |      3 |      6 |     5 |     6 |
+------+--------+--------+-------+-------+

// expect hit_count = 1
select hit_count from oceanbase.GV$OB_PLAN_CACHE_PLAN_STAT where statement like 'select a, a as test_a, b + ? as test_b, a + ?, b + ? from test_t';
+-----------+
| hit_count |
+-----------+
|         1 |
+-----------+

// >>>>>>>>>> Test#2 Subquery
select * from (select 1, 2, 3 from dual);
+---+---+---+
| 1 | 2 | 3 |
+---+---+---+
| 1 | 2 | 3 |
+---+---+---+
select * from (select 2, 3, 4 from dual);
+---+---+---+
| 2 | 3 | 4 |
+---+---+---+
| 2 | 3 | 4 |
+---+---+---+

// expect hit_count = 1
select hit_count from oceanbase.GV$OB_PLAN_CACHE_PLAN_STAT where statement like 'select * from (select ?, ?, ? from dual)';
+-----------+
| hit_count |
+-----------+
|         1 |
+-----------+

// expect error
select * from (select 1, 2, 2 from dual);
ERROR 42S21: Duplicate column name '2'

select * from (select 1 as c1, a, b + 1 from test_t);
+----+------+-------+
| c1 | a    | b + 1 |
+----+------+-------+
|  1 |    1 |     2 |
|  1 |    2 |     3 |
|  1 |    3 |     4 |
+----+------+-------+
select * from (select 2 as c1, a, b + 2 from test_t);
+----+------+-------+
| c1 | a    | b + 2 |
+----+------+-------+
|  2 |    1 |     3 |
|  2 |    2 |     4 |
|  2 |    3 |     5 |
+----+------+-------+

// expect hit_count = 1
select hit_count from oceanbase.GV$OB_PLAN_CACHE_PLAN_STAT where statement like 'select * from (select ? as c1, a, b + ? from test_t)';
+-----------+
| hit_count |
+-----------+
|         1 |
+-----------+
commit;

// >>>>>>>>>> Test#3 Column is Const String
begin;

select 'hello' from dual;
+-------+
| hello |
+-------+
| hello |
+-------+
select "hello hey" from dual;
+-----------+
| hello hey |
+-----------+
| hello hey |
+-----------+
select '\'hello' from dual;
+--------+
| 'hello |
+--------+
| 'hello |
+--------+
select '\0hello' from dual;
+--------+
| hello  |
+--------+
|  hello |
+--------+
select '\\hello' from dual;
+--------+
| \hello |
+--------+
| \hello |
+--------+
select '\"hello' from dual;
+--------+
| "hello |
+--------+
| "hello |
+--------+
select '\nhello\n' from dual;
+---------+
| hello
  |
+---------+
| 
hello
 |
+---------+
select '\rhello\r' from dual;
+---------+
| hello  |
+---------+
| hello |
+---------+
select '\thello\t' from dual;
+---------+
| hello	  |
+---------+
| 	hello	 |
+---------+

// >>>>>>>>>> Test#4 Negetive Const
select -1, -2, -1-2, 1-3 from dual;
+----+----+------+-----+
| -1 | -2 | -1-2 | 1-3 |
+----+----+------+-----+
| -1 | -2 |   -3 |  -2 |
+----+----+------+-----+
select -2, -3, -2-1, 1-3 from dual;
+----+----+------+-----+
| -2 | -3 | -2-1 | 1-3 |
+----+----+------+-----+
| -2 | -3 |   -3 |  -2 |
+----+----+------+-----+

// expect hit_count = 1
select hit_count from oceanbase.GV$OB_PLAN_CACHE_PLAN_STAT where statement like 'select ?, ?, ?-?, ?-? from dual';
+-----------+
| hit_count |
+-----------+
|         1 |
+-----------+
commit;

// >>>>>>>>>> Test#4 Select From View
drop view if exists test_view;
create view test_view as select 1, 2, 3 from dual;

select * from test_view;
+---+---+---+
| 1 | 2 | 3 |
+---+---+---+
| 1 | 2 | 3 |
+---+---+---+

// >>>>>>>>>> Test#5 Const Value with Prefix
begin;

select B'0011' from dual;
+---------+
| B'0011' |
+---------+
|        |
+---------+
select B'1010' from dual;
+---------+
| B'1010' |
+---------+
| 
       |
+---------+
select Date'2012-12-12' from dual;
+------------------+
| Date'2012-12-12' |
+------------------+
| 2012-12-12       |
+------------------+
select Date'2013-12-12' from dual;
+------------------+
| Date'2013-12-12' |
+------------------+
| 2013-12-12       |
+------------------+
select Time'12:00:00' from dual;
+----------------+
| Time'12:00:00' |
+----------------+
| 12:00:00       |
+----------------+
select Time'12:01:01' from dual;
+----------------+
| Time'12:01:01' |
+----------------+
| 12:01:01       |
+----------------+
select Timestamp'2012-12-12 12:12:12' from dual;
+--------------------------------+
| Timestamp'2012-12-12 12:12:12' |
+--------------------------------+
| 2012-12-12 12:12:12            |
+--------------------------------+
select Timestamp'2012-12-12 12:13:13' from dual;
+--------------------------------+
| Timestamp'2012-12-12 12:13:13' |
+--------------------------------+
| 2012-12-12 12:13:13            |
+--------------------------------+

// >>>>>>>>>> Test#6 Union
select 1 from dual union select 2 from dual;
+------+
| 1    |
+------+
|    1 |
|    2 |
+------+
select 2 from dual union select 3 from dual;
+------+
| 2    |
+------+
|    2 |
|    3 |
+------+

// expect hit_count = 1
select hit_count from oceanbase.GV$OB_PLAN_CACHE_PLAN_STAT where statement like 'select ? from dual union select ? from dual';
+-----------+
| hit_count |
+-----------+
|         1 |
+-----------+

select * from (select 1, 2 + 3, 4 as c0, a, b + 1 from test_t union select 1, 2, 3, 4, 6 from dual);
+------+-------+------+------+-------+
| 1    | 2 + 3 | c0   | a    | b + 1 |
+------+-------+------+------+-------+
|    1 |     2 |    3 |    4 |     6 |
|    1 |     5 |    4 |    1 |     2 |
|    1 |     5 |    4 |    2 |     3 |
|    1 |     5 |    4 |    3 |     4 |
+------+-------+------+------+-------+
select * from (select 2, 3 + 4, 5 as c0, a, b + 2 from test_t union select 2, 3, 4, 5, 6 from dual);
+------+-------+------+------+-------+
| 2    | 3 + 4 | c0   | a    | b + 2 |
+------+-------+------+------+-------+
|    2 |     3 |    4 |    5 |     6 |
|    2 |     7 |    5 |    1 |     3 |
|    2 |     7 |    5 |    2 |     4 |
|    2 |     7 |    5 |    3 |     5 |
+------+-------+------+------+-------+

// expect hit_count = 1
// >>>>>>>>>> Test#7 `select str as str` and `select str str`
select 'abc' as 'a' from dual;
+-----+
| a   |
+-----+
| abc |
+-----+
select 'abd' as 'a' from dual;
+-----+
| a   |
+-----+
| abd |
+-----+
// expect hit_count = 1
select hit_count from oceanbase.GV$OB_PLAN_CACHE_PLAN_STAT where statement like "select ? as 'a' from dual";
+-----------+
| hit_count |
+-----------+
|         1 |
+-----------+

select   'abc' 'a' from dual;
+------+
| abc  |
+------+
| abca |
+------+
select   'adb' 'b' from dual;
+------+
| adb  |
+------+
| adbb |
+------+

// expect hit_count = 1
select hit_count from oceanbase.GV$OB_PLAN_CACHE_PLAN_STAT where statement like 'select   ? from dual';
+-----------+
| hit_count |
+-----------+
|         1 |
+-----------+
commit;

drop table if exists test_t;
drop view if exists test_view;
alter system set large_query_threshold = '100ms';
