create table t1(a int, b varchar(3048), primary key (a), c int) row_format = compressed with column group (all columns, each column);
select count(*) from t1;
count(*)
150
alter system major freeze;
alter table t1 add column c1 int default 0, add column c2 varchar(100);
select count(*) from t1;
count(*)
250
select count(c1) from t1;
count(c1)
250
select count(c2) from t1;
count(c2)
100
select count(c1) from t1 where c1 > 300;
count(c1)
99
select count(c1) from t1 where c1 < 30;
count(c1)
150
select a, c2, count(c1) from t1 where c1 > 480;
a	c2	count(c1)
482	482482482482482	9
select c1, c2 from t1 where c1 > 480 and a < 495;
c1	c2
482	482482482482482
484	484484484484484
486	486486486486486
488	488488488488488
490	490490490490490
492	492492492492492
494	494494494494494
select b, c2, count(c1) from t1 where c1 > 490 and a < 495;
b	c2	count(c1)
49204920492049204920492049204920492049204920492049204920492049204920492049204920492049204920492049204920492049204920492049204920492049204920492049204920492049204920492049204920492049204920492049204920	492492492492492	2
select a, c1, count(c1) from t1 where a <20 and c1 != 80 and c1 != 6 and c1 < 30;
a	c1	count(c1)
1	0	10
alter system major freeze;
select count(*) from t1;
count(*)
250
drop table t1;
