drop database if exists xm_test;
drop database if exists xm_test_db1;
create database xm_test;
use xm_test;
set tx_isolation = 'SERIALIZABLE';
set autocommit = 1;
set tx_isolation = 'SERIALIZABLE';
set autocommit = 1;
create table xm_test_t1 (c1 int primary key, c2 int);
create table xm_test_t2 (c1 int primary key, c2 int);
insert into xm_test_t1 values(1,1);
insert into xm_test_t1 values(2,1);
insert into xm_test_t2 values(2,1);
begin;
select * from xm_test_t1;
c1	c2
1	1
2	1
insert into xm_test_t1 values (3, 1);
insert into xm_test_t1 values (4, 1);
select * from xm_test_t1;
c1	c2
1	1
2	1
4	1
select * from xm_test_t1;
c1	c2
1	1
2	1
3	1
commit;
begin;
select /*+read_consistency(weak) */ * from xm_test_t1;
c1	c2
1	1
2	1
3	1
4	1
commit;
begin;
select * from xm_test_t1;
c1	c2
1	1
2	1
3	1
4	1
insert into xm_test_t1 values (5, 1);
show databases like 'xm_%';
Database (xm_%)
xm_test
create database xm_test_db1;
show databases like 'xm_%';
Database (xm_%)
xm_test
xm_test_db1
insert into xm_test_t1 values (6, 1);
show databases like 'xm_%';
Database (xm_%)
xm_test
select * from xm_test_t1;
c1	c2
1	1
2	1
3	1
4	1
5	1
commit;
create table t_global_index (pk int primary key) partition by hash(pk) partitions 10;
insert into t_global_index values (1), (2), (3);
create index index1 on t_global_index (pk) global;
show index from t_global_index;
Table	Non_unique	Key_name	Seq_in_index	Column_name	Collation	Cardinality	Sub_part	Packed	Null	Index_type	Comment	Index_comment	Visible	Expression
t_global_index	0	PRIMARY	1	pk	A	NULL	NULL	NULL		BTREE	available		YES	NULL
t_global_index	1	index1	1	pk	A	NULL	NULL	NULL		BTREE	available		YES	NULL
begin;
insert into xm_test_t1 values (7, 1);
select * from xm_test_t1;
c1	c2
1	1
2	1
3	1
4	1
5	1
6	1
7	1
select table_name from oceanbase.__all_table as t, oceanbase.__all_database as d where d.database_name='xm_test' and d.database_id = t.database_id and (t.table_name='xm_test_t1' or t.table_name='xm_test_t4');
table_name
xm_test_t1
create table xm_test_t4 (pk int primary key);
insert into xm_test_t1 values (8, 1);
select * from xm_test_t1;
c1	c2
1	1
2	1
3	1
4	1
5	1
6	1
8	1
select table_name from oceanbase.__all_table as t, oceanbase.__all_database as d where d.database_name='xm_test' and d.database_id = t.database_id and (t.table_name='xm_test_t1' or t.table_name='xm_test_t4');
table_name
xm_test_t1
select /*+read_consistency(weak) */ table_name from oceanbase.__all_table as t, oceanbase.__all_database as d where d.database_name='xm_test' and d.database_id = t.database_id and (t.table_name='xm_test_t1' or t.table_name='xm_test_t4');
table_name
xm_test_t1
select * from xm_test_t1;
c1	c2
1	1
2	1
3	1
4	1
5	1
6	1
7	1
commit;
begin;
insert into xm_test_t1 values (9, 1);
select * from xm_test_t1;
c1	c2
1	1
2	1
3	1
4	1
5	1
6	1
7	1
8	1
9	1
create table xm_test_t5 (pk int primary key);
insert into xm_test_t1 values (10, 1);
select * from xm_test_t1;
c1	c2
1	1
2	1
3	1
4	1
5	1
6	1
7	1
8	1
10	1
select * from xm_test_t1;
c1	c2
1	1
2	1
3	1
4	1
5	1
6	1
7	1
8	1
9	1
commit;
